edition,method,geo,category,anchor_month,anchor_level,horizon,target_month,point,lo50,hi50,lo80,hi80,fallback,low_conf,data_slug,logged_at
2026-07-01,rw_v1,AL,G47,2026-02-01,129.6,1,2026-03-01,130.0154,128.8278,131.5439,127.1975,133.2649,FALSE,FALSE,may-2026,2026-07-14T13:18:16+0200
2026-07-01,rw_v1,AL,G47,2026-02-01,129.6,2,2026-04-01,130.8386,129.1845,131.982,127.5229,135.4662,FALSE,FALSE,may-2026,2026-07-14T13:18:16+0200
2026-07-01,rw_v1,AL,G47,2026-02-01,129.6,3,2026-05-01,130.9414,129.5625,132.8103,128.1863,134.3693,FALSE,FALSE,may-2026,2026-07-14T13:18:16+0200
2026-07-01,rw_v1,AL,G47,2026-02-01,129.6,4,2026-06-01,131.4344,129.956,133.4625,128.4466,135.1089,FALSE,FALSE,may-2026,2026-07-14T13:18:16+0200
2026-07-01,rw_v1,AL,G47,2026-02-01,129.6,5,2026-07-01,131.7992,130.56,134.5742,127.437,135.8088,FALSE,FALSE,may-2026,2026-07-14T13:18:16+0200
2026-07-01,rw_v1,BE,G47,2026-03-01,95.1,1,2026-04-01,95.1181,94.3429,95.9994,93.2258,96.752,FALSE,FALSE,may-2026,2026-07-14T13:18:16+0200
2026-07-01,rw_v1,BE,G47,2026-03-01,95.1,2,2026-05-01,95.2719,94.2874,95.9766,92.7206,96.9412,FALSE,FALSE,may-2026,2026-07-14T13:18:16+0200
2026-07-01,rw_v1,BE,G47,2026-03-01,95.1,3,2026-06-01,95.0624,94.0913,96.0589,93.1122,97.1983,FALSE,FALSE,may-2026,2026-07-14T13:18:16+0200
2026-07-01,rw_v1,BE,G47,2026-03-01,95.1,4,2026-07-01,95.0063,93.6443,96.1947,93.0106,97.2221,FALSE,FALSE,may-2026,2026-07-14T13:18:16+0200
2026-07-01,rw_v1,BG,G47,2026-03-01,130,1,2026-04-01,130.5706,129.9725,131.3109,129.2448,132.0963,FALSE,FALSE,may-2026,2026-07-14T13:18:16+0200
2026-07-01,rw_v1,BG,G47,2026-03-01,130,2,2026-05-01,131.1363,130.3458,131.8579,129.7406,132.9668,FALSE,FALSE,may-2026,2026-07-14T13:18:16+0200
2026-07-01,rw_v1,BG,G47,2026-03-01,130,3,2026-06-01,131.5519,130.9157,132.5618,130.1232,133.7585,FALSE,FALSE,may-2026,2026-07-14T13:18:16+0200
2026-07-01,rw_v1,BG,G47,2026-03-01,130,4,2026-07-01,132.0998,131.3535,133.0247,130.8334,134.0959,FALSE,FALSE,may-2026,2026-07-14T13:18:16+0200
2026-07-01,rw_v1,CH,G47,2026-03-01,101.2,1,2026-04-01,101.1946,100.4187,101.8319,98.8307,102.8728,FALSE,FALSE,may-2026,2026-07-14T13:18:16+0200
2026-07-01,rw_v1,CH,G47,2026-03-01,101.2,2,2026-05-01,101.3082,100.2782,101.9603,99.3577,103.0631,FALSE,FALSE,may-2026,2026-07-14T13:18:16+0200
2026-07-01,rw_v1,CH,G47,2026-03-01,101.2,3,2026-06-01,101.4186,100.2575,102.26220000000001,98.9634,103.1273,FALSE,FALSE,may-2026,2026-07-14T13:18:16+0200
2026-07-01,rw_v1,CH,G47,2026-03-01,101.2,4,2026-07-01,101.3857,100.6226,102.6239,99.1085,103.4282,FALSE,FALSE,may-2026,2026-07-14T13:18:16+0200
2026-07-01,rw_v1,CY,G47,2026-03-01,129,1,2026-04-01,129.5072,128.7102,130.4338,127.4547,131.573,FALSE,FALSE,may-2026,2026-07-14T13:18:16+0200
2026-07-01,rw_v1,CY,G47,2026-03-01,129,2,2026-05-01,130.1341,128.8945,131.1436,127.8237,132.0583,FALSE,FALSE,may-2026,2026-07-14T13:18:16+0200
2026-07-01,rw_v1,CY,G47,2026-03-01,129,3,2026-06-01,130.4682,129.2284,131.7568,128.049,132.8856,FALSE,FALSE,may-2026,2026-07-14T13:18:16+0200
2026-07-01,rw_v1,CY,G47,2026-03-01,129,4,2026-07-01,130.899,129.7435,132.435,128.3556,133.6809,FALSE,FALSE,may-2026,2026-07-14T13:18:16+0200
2026-07-01,rw_v1,CZ,G47,2026-02-01,101.7,1,2026-03-01,101.7168,101.1195,102.3467,100.3364,103.2243,FALSE,FALSE,may-2026,2026-07-14T13:18:16+0200
2026-07-01,rw_v1,CZ,G47,2026-02-01,101.7,2,2026-04-01,101.9163,101.0992,102.7238,99.6891,103.6002,FALSE,FALSE,may-2026,2026-07-14T13:18:16+0200
2026-07-01,rw_v1,CZ,G47,2026-02-01,101.7,3,2026-05-01,101.9721,100.813,102.962,98.7347,104.0831,FALSE,FALSE,may-2026,2026-07-14T13:18:16+0200
2026-07-01,rw_v1,CZ,G47,2026-02-01,101.7,4,2026-06-01,102.1192,100.5194,103.4707,98.6867,104.2464,FALSE,FALSE,may-2026,2026-07-14T13:18:16+0200
2026-07-01,rw_v1,CZ,G47,2026-02-01,101.7,5,2026-07-01,102.305,99.6354,103.7654,98.0751,104.7119,FALSE,FALSE,may-2026,2026-07-14T13:18:16+0200
2026-07-01,rw_v1,DE,G47,2026-03-01,98.5,1,2026-04-01,98.5915,97.7965,99.3551,96.3935,100.3303,FALSE,FALSE,may-2026,2026-07-14T13:18:16+0200
2026-07-01,rw_v1,DE,G47,2026-03-01,98.5,2,2026-05-01,98.7412,97.6745,99.365,96.2401,101.2098,FALSE,FALSE,may-2026,2026-07-14T13:18:16+0200
2026-07-01,rw_v1,DE,G47,2026-03-01,98.5,3,2026-06-01,98.937,97.7427,99.8452,96.2579,100.57,FALSE,FALSE,may-2026,2026-07-14T13:18:16+0200
2026-07-01,rw_v1,DE,G47,2026-03-01,98.5,4,2026-07-01,98.5995,97.5275,99.9149,95.8332,101.5838,FALSE,FALSE,may-2026,2026-07-14T13:18:16+0200
2026-07-01,rw_v1,DK,G47,2026-03-01,101.2,1,2026-04-01,101.3681,100.3706,102.0683,99.4966,103.0211,FALSE,FALSE,may-2026,2026-07-14T13:18:16+0200
2026-07-01,rw_v1,DK,G47,2026-03-01,101.2,2,2026-05-01,101.4616,100.258,102.3299,99.0818,103.5819,FALSE,FALSE,may-2026,2026-07-14T13:18:16+0200
2026-07-01,rw_v1,DK,G47,2026-03-01,101.2,3,2026-06-01,101.5796,100.4005,102.5369,98.9721,103.5775,FALSE,FALSE,may-2026,2026-07-14T13:18:16+0200
2026-07-01,rw_v1,DK,G47,2026-03-01,101.2,4,2026-07-01,101.7246,100.5154,102.7335,99.0158,103.9637,FALSE,FALSE,may-2026,2026-07-14T13:18:16+0200
2026-07-01,rw_v1,EE,G47,2026-03-01,98.8,1,2026-04-01,98.9035,97.8914,99.7708,96.9186,100.8441,FALSE,FALSE,may-2026,2026-07-14T13:18:16+0200
2026-07-01,rw_v1,EE,G47,2026-03-01,98.8,2,2026-05-01,99.0707,97.762,99.8824,96.9608,101.6802,FALSE,FALSE,may-2026,2026-07-14T13:18:16+0200
2026-07-01,rw_v1,EE,G47,2026-03-01,98.8,3,2026-06-01,99.1716,97.7709,100.4004,96.0513,102.2477,FALSE,FALSE,may-2026,2026-07-14T13:18:16+0200
2026-07-01,rw_v1,EE,G47,2026-03-01,98.8,4,2026-07-01,99.457,97.7258,100.6989,96.1052,102.1975,FALSE,FALSE,may-2026,2026-07-14T13:18:16+0200
2026-07-01,rw_v1,EL,G47,2026-02-01,103.8,1,2026-03-01,104.1664,102.0221,106.0287,100.038,107.5918,FALSE,FALSE,may-2026,2026-07-14T13:18:16+0200
2026-07-01,rw_v1,EL,G47,2026-02-01,103.8,2,2026-04-01,104.1424,102.2057,106.2794,100.1084,109.0861,FALSE,FALSE,may-2026,2026-07-14T13:18:16+0200
2026-07-01,rw_v1,EL,G47,2026-02-01,103.8,3,2026-05-01,103.9926,102.0653,105.9672,99.9291,108.333,FALSE,FALSE,may-2026,2026-07-14T13:18:16+0200
2026-07-01,rw_v1,EL,G47,2026-02-01,103.8,4,2026-06-01,104.2199,101.6828,106.6345,99.3011,108.4004,FALSE,FALSE,may-2026,2026-07-14T13:18:16+0200
2026-07-01,rw_v1,EL,G47,2026-02-01,103.8,5,2026-07-01,104.0644,102.2542,106.5555,99.6812,109.3978,FALSE,FALSE,may-2026,2026-07-14T13:18:16+0200
2026-07-01,rw_v1,ES,G47,2026-03-01,113.7,1,2026-04-01,113.9495,113.3562,114.676,112.6905,115.3813,FALSE,FALSE,may-2026,2026-07-14T13:18:16+0200
2026-07-01,rw_v1,ES,G47,2026-03-01,113.7,2,2026-05-01,114.1149,113.4616,114.8078,112.7162,115.6283,FALSE,FALSE,may-2026,2026-07-14T13:18:16+0200
2026-07-01,rw_v1,ES,G47,2026-03-01,113.7,3,2026-06-01,114.2856,113.5218,115.1087,112.9773,115.9854,FALSE,FALSE,may-2026,2026-07-14T13:18:16+0200
2026-07-01,rw_v1,ES,G47,2026-03-01,113.7,4,2026-07-01,114.4509,113.6665,115.498,112.7627,116.3642,FALSE,FALSE,may-2026,2026-07-14T13:18:16+0200
2026-07-01,rw_v1,FI,G47,2026-03-01,94.8,1,2026-04-01,94.8258,94.1518,95.5235,93.0374,96.1159,FALSE,FALSE,may-2026,2026-07-14T13:18:16+0200
2026-07-01,rw_v1,FI,G47,2026-03-01,94.8,2,2026-05-01,94.838,93.8388,95.6211,92.9979,96.2281,FALSE,FALSE,may-2026,2026-07-14T13:18:16+0200
2026-07-01,rw_v1,FI,G47,2026-03-01,94.8,3,2026-06-01,94.6694,93.7493,95.789,93.0849,96.5761,FALSE,FALSE,may-2026,2026-07-14T13:18:16+0200
2026-07-01,rw_v1,FI,G47,2026-03-01,94.8,4,2026-07-01,94.7604,93.7195,95.7663,92.5961,96.7848,FALSE,FALSE,may-2026,2026-07-14T13:18:16+0200
2026-07-01,rw_v1,FR,G47,2026-03-01,107.2,1,2026-04-01,107.3569,106.6581,107.8906,105.4876,108.7347,FALSE,FALSE,may-2026,2026-07-14T13:18:16+0200
2026-07-01,rw_v1,FR,G47,2026-03-01,107.2,2,2026-05-01,107.41,106.8544,108.0486,106.0583,109.1996,FALSE,FALSE,may-2026,2026-07-14T13:18:16+0200
2026-07-01,rw_v1,FR,G47,2026-03-01,107.2,3,2026-06-01,107.6243,106.7754,108.4285,105.7685,109.8895,FALSE,FALSE,may-2026,2026-07-14T13:18:16+0200
2026-07-01,rw_v1,FR,G47,2026-03-01,107.2,4,2026-07-01,107.769,107.076,108.6133,105.8971,109.7716,FALSE,FALSE,may-2026,2026-07-14T13:18:16+0200
2026-07-01,rw_v1,HR,G47,2026-03-01,119,1,2026-04-01,119.5169,118.5279,120.2859,117.4143,121.2288,FALSE,FALSE,may-2026,2026-07-14T13:18:16+0200
2026-07-01,rw_v1,HR,G47,2026-03-01,119,2,2026-05-01,119.8889,118.8069,120.7649,117.4123,122.1182,FALSE,FALSE,may-2026,2026-07-14T13:18:16+0200
2026-07-01,rw_v1,HR,G47,2026-03-01,119,3,2026-06-01,120.2231,119.1221,121.3402,117.5976,122.375,FALSE,FALSE,may-2026,2026-07-14T13:18:16+0200
2026-07-01,rw_v1,HR,G47,2026-03-01,119,4,2026-07-01,120.5099,119.1428,121.8104,117.7797,123.1285,FALSE,FALSE,may-2026,2026-07-14T13:18:16+0200
2026-07-01,rw_v1,HU,G47,2026-03-01,107.6,1,2026-04-01,107.9262,107.1206,108.3991,106.4386,109.1416,FALSE,FALSE,may-2026,2026-07-14T13:18:16+0200
2026-07-01,rw_v1,HU,G47,2026-03-01,107.6,2,2026-05-01,108.1596,107.356,108.8586,106.0338,109.6424,FALSE,FALSE,may-2026,2026-07-14T13:18:16+0200
2026-07-01,rw_v1,HU,G47,2026-03-01,107.6,3,2026-06-01,108.1969,107.5692,109.1774,105.5535,110.1543,FALSE,FALSE,may-2026,2026-07-14T13:18:16+0200
2026-07-01,rw_v1,HU,G47,2026-03-01,107.6,4,2026-07-01,108.6205,107.426,109.5758,104.8137,110.7865,FALSE,FALSE,may-2026,2026-07-14T13:18:16+0200
2026-07-01,rw_v1,IE,G47,2026-03-01,111.6,1,2026-04-01,111.3233,110.884,112.2931,109.8882,113.0431,FALSE,FALSE,may-2026,2026-07-14T13:18:16+0200
2026-07-01,rw_v1,IE,G47,2026-03-01,111.6,2,2026-05-01,111.5812,110.5497,112.3042,109.1695,112.8815,FALSE,FALSE,may-2026,2026-07-14T13:18:16+0200
2026-07-01,rw_v1,IE,G47,2026-03-01,111.6,3,2026-06-01,111.2255,110.3304,111.9927,109.8008,112.7809,FALSE,FALSE,may-2026,2026-07-14T13:18:16+0200
2026-07-01,rw_v1,IE,G47,2026-03-01,111.6,4,2026-07-01,111.1332,109.9828,111.9037,109.4577,112.596,FALSE,FALSE,may-2026,2026-07-14T13:18:16+0200
2026-07-01,rw_v1,IT,G47,2026-03-01,97.7,1,2026-04-01,97.688,97.2149,98.1047,96.7414,98.8423,FALSE,FALSE,may-2026,2026-07-14T13:18:16+0200
2026-07-01,rw_v1,IT,G47,2026-03-01,97.7,2,2026-05-01,97.6842,97.1464,98.1508,96.4911,99.5215,FALSE,FALSE,may-2026,2026-07-14T13:18:16+0200
2026-07-01,rw_v1,IT,G47,2026-03-01,97.7,3,2026-06-01,97.6442,97.1051,98.1213,96.3299,100.6892,FALSE,FALSE,may-2026,2026-07-14T13:18:16+0200
2026-07-01,rw_v1,IT,G47,2026-03-01,97.7,4,2026-07-01,97.5877,96.8292,98.152,95.6613,100.0967,FALSE,FALSE,may-2026,2026-07-14T13:18:16+0200
2026-07-01,rw_v1,LT,G47,2026-03-01,111,1,2026-04-01,111.4054,110.3413,112.1164,109.5617,113.2157,FALSE,FALSE,may-2026,2026-07-14T13:18:16+0200
2026-07-01,rw_v1,LT,G47,2026-03-01,111,2,2026-05-01,111.692,110.2871,112.7273,108.9437,113.9866,FALSE,FALSE,may-2026,2026-07-14T13:18:16+0200
2026-07-01,rw_v1,LT,G47,2026-03-01,111,3,2026-06-01,111.608,110.4548,112.9758,108.1885,114.8927,FALSE,FALSE,may-2026,2026-07-14T13:18:16+0200
2026-07-01,rw_v1,LT,G47,2026-03-01,111,4,2026-07-01,111.9893,110.3318,113.3578,108.2796,115.806,FALSE,FALSE,may-2026,2026-07-14T13:18:16+0200
2026-07-01,rw_v1,LU,G47,2026-03-01,143.7,1,2026-04-01,146.4433,144.0694,148.73,141.4921,151.1168,FALSE,TRUE,may-2026,2026-07-14T13:18:16+0200
2026-07-01,rw_v1,LU,G47,2026-03-01,143.7,2,2026-05-01,149.0788,144.6575,153.0719,139.5667,156.0742,FALSE,TRUE,may-2026,2026-07-14T13:18:16+0200
2026-07-01,rw_v1,LU,G47,2026-03-01,143.7,3,2026-06-01,150.2199,146.2672,156.0946,138.8284,160.7097,FALSE,TRUE,may-2026,2026-07-14T13:18:16+0200
2026-07-01,rw_v1,LU,G47,2026-03-01,143.7,4,2026-07-01,152.2838,147.6533,160.2846,138.54,166.3704,FALSE,TRUE,may-2026,2026-07-14T13:18:16+0200
2026-07-01,rw_v1,LV,G47,2026-03-01,106.6,1,2026-04-01,106.6753,105.7096,107.6086,104.8683,109.3315,FALSE,FALSE,may-2026,2026-07-14T13:18:16+0200
2026-07-01,rw_v1,LV,G47,2026-03-01,106.6,2,2026-05-01,106.8788,105.7181,108.1354,104.1943,109.271,FALSE,FALSE,may-2026,2026-07-14T13:18:16+0200
2026-07-01,rw_v1,LV,G47,2026-03-01,106.6,3,2026-06-01,107.1002,105.4137,108.3416,103.7954,109.7596,FALSE,FALSE,may-2026,2026-07-14T13:18:16+0200
2026-07-01,rw_v1,LV,G47,2026-03-01,106.6,4,2026-07-01,107.0183,105.5706,108.1852,104.0751,109.6075,FALSE,FALSE,may-2026,2026-07-14T13:18:16+0200
2026-07-01,rw_v1,ME,G47,2026-03-01,143.2,1,2026-04-01,143.7956,142.2346,146.0153,140.07,148.5131,FALSE,FALSE,may-2026,2026-07-14T13:18:16+0200
2026-07-01,rw_v1,ME,G47,2026-03-01,143.2,2,2026-05-01,144.6706,142.6697,146.8877,138.936,150.734,FALSE,FALSE,may-2026,2026-07-14T13:18:16+0200
2026-07-01,rw_v1,ME,G47,2026-03-01,143.2,3,2026-06-01,145.2511,143.517,147.3968,140.9589,153.059,FALSE,FALSE,may-2026,2026-07-14T13:18:16+0200
2026-07-01,rw_v1,ME,G47,2026-03-01,143.2,4,2026-07-01,146.0221,143.7526,148.4511,140.7362,153.8202,FALSE,FALSE,may-2026,2026-07-14T13:18:16+0200
2026-07-01,rw_v1,MK,G47,2026-02-01,107.9,1,2026-03-01,108.3887,106.4062,110.4329,103.8471,112.0248,FALSE,FALSE,may-2026,2026-07-14T13:18:16+0200
2026-07-01,rw_v1,MK,G47,2026-02-01,107.9,2,2026-04-01,108.4613,106.1873,110.8118,103.9844,113.7941,FALSE,FALSE,may-2026,2026-07-14T13:18:16+0200
2026-07-01,rw_v1,MK,G47,2026-02-01,107.9,3,2026-05-01,108.8711,107.0912,110.5538,103.336,113.4723,FALSE,FALSE,may-2026,2026-07-14T13:18:16+0200
2026-07-01,rw_v1,MK,G47,2026-02-01,107.9,4,2026-06-01,109.2065,106.4483,112.4648,103.0806,114.4824,FALSE,FALSE,may-2026,2026-07-14T13:18:16+0200
2026-07-01,rw_v1,MK,G47,2026-02-01,107.9,5,2026-07-01,109.2423,106.2363,111.824,102.6797,114.9732,FALSE,FALSE,may-2026,2026-07-14T13:18:16+0200
2026-07-01,rw_v1,MT,G47,2026-03-01,128.8,1,2026-04-01,129.3655,128.4677,130.5659,127.2343,131.8461,FALSE,FALSE,may-2026,2026-07-14T13:18:16+0200
2026-07-01,rw_v1,MT,G47,2026-03-01,128.8,2,2026-05-01,129.9354,128.8737,131.0976,127.5696,132.6001,FALSE,FALSE,may-2026,2026-07-14T13:18:16+0200
2026-07-01,rw_v1,MT,G47,2026-03-01,128.8,3,2026-06-01,130.339,129.4565,131.8759,128.2162,132.8061,FALSE,FALSE,may-2026,2026-07-14T13:18:16+0200
2026-07-01,rw_v1,MT,G47,2026-03-01,128.8,4,2026-07-01,130.9587,129.52,132.336,128.0822,133.7954,FALSE,FALSE,may-2026,2026-07-14T13:18:16+0200
2026-07-01,rw_v1,NL,G47,2026-03-01,102.5,1,2026-04-01,102.63,101.7768,103.2909,100.9351,104.0135,FALSE,FALSE,may-2026,2026-07-14T13:18:16+0200
2026-07-01,rw_v1,NL,G47,2026-03-01,102.5,2,2026-05-01,102.5738,101.9182,103.4678,100.9598,104.3099,FALSE,FALSE,may-2026,2026-07-14T13:18:16+0200
2026-07-01,rw_v1,NL,G47,2026-03-01,102.5,3,2026-06-01,102.562,101.6182,103.7165,100.4937,104.8044,FALSE,FALSE,may-2026,2026-07-14T13:18:16+0200
2026-07-01,rw_v1,NL,G47,2026-03-01,102.5,4,2026-07-01,102.787,101.7039,103.7151,100.1564,105.2524,FALSE,FALSE,may-2026,2026-07-14T13:18:16+0200
2026-07-01,rw_v1,NO,G47,2026-03-01,96.3,1,2026-04-01,96.413,95.5515,96.9932,94.5593,97.8598,FALSE,FALSE,may-2026,2026-07-14T13:18:16+0200
2026-07-01,rw_v1,NO,G47,2026-03-01,96.3,2,2026-05-01,96.4108,95.5085,97.2874,93.9851,98.2031,FALSE,FALSE,may-2026,2026-07-14T13:18:16+0200
2026-07-01,rw_v1,NO,G47,2026-03-01,96.3,3,2026-06-01,96.3764,95.3631,97.4308,93.4676,98.5451,FALSE,FALSE,may-2026,2026-07-14T13:18:16+0200
2026-07-01,rw_v1,NO,G47,2026-03-01,96.3,4,2026-07-01,96.6087,95.1853,97.7025,92.7256,98.8519,FALSE,FALSE,may-2026,2026-07-14T13:18:16+0200
2026-07-01,rw_v1,PL,G47,2026-03-01,113.4,1,2026-04-01,113.6478,112.8676,114.4456,111.8396,115.5225,FALSE,FALSE,may-2026,2026-07-14T13:18:16+0200
2026-07-01,rw_v1,PL,G47,2026-03-01,113.4,2,2026-05-01,113.8235,112.8806,114.9463,112.1771,116.1153,FALSE,FALSE,may-2026,2026-07-14T13:18:16+0200
2026-07-01,rw_v1,PL,G47,2026-03-01,113.4,3,2026-06-01,114.2504,113.023,115.2367,111.8482,116.6612,FALSE,FALSE,may-2026,2026-07-14T13:18:16+0200
2026-07-01,rw_v1,PL,G47,2026-03-01,113.4,4,2026-07-01,114.3965,113.0137,115.9252,111.5622,117.3514,FALSE,FALSE,may-2026,2026-07-14T13:18:16+0200
2026-07-01,rw_v1,PT,G47,2026-03-01,118.9,1,2026-04-01,119.3545,118.4151,120.1768,117.0321,121.3946,FALSE,FALSE,may-2026,2026-07-14T13:18:16+0200
2026-07-01,rw_v1,PT,G47,2026-03-01,118.9,2,2026-05-01,119.5714,118.5664,120.5618,117.5258,122.089,FALSE,FALSE,may-2026,2026-07-14T13:18:16+0200
2026-07-01,rw_v1,PT,G47,2026-03-01,118.9,3,2026-06-01,119.8506,118.9027,120.8988,117.4716,122.4273,FALSE,FALSE,may-2026,2026-07-14T13:18:16+0200
2026-07-01,rw_v1,PT,G47,2026-03-01,118.9,4,2026-07-01,120.1138,119.1272,121.5253,117.3833,123.3313,FALSE,FALSE,may-2026,2026-07-14T13:18:16+0200
2026-07-01,rw_v1,RO,G47,2026-03-01,114.3,1,2026-04-01,114.6284,113.8018,115.5823,112.6631,116.5552,FALSE,FALSE,may-2026,2026-07-14T13:18:16+0200
2026-07-01,rw_v1,RO,G47,2026-03-01,114.3,2,2026-05-01,114.9976,113.8455,116.0593,112.6477,116.9782,FALSE,FALSE,may-2026,2026-07-14T13:18:16+0200
2026-07-01,rw_v1,RO,G47,2026-03-01,114.3,3,2026-06-01,115.2277,113.9155,116.3382,112.0728,117.6746,FALSE,FALSE,may-2026,2026-07-14T13:18:16+0200
2026-07-01,rw_v1,RO,G47,2026-03-01,114.3,4,2026-07-01,115.2194,114.1312,116.6757,111.9894,118.1657,FALSE,FALSE,may-2026,2026-07-14T13:18:16+0200
2026-07-01,rw_v1,RS,G47,2026-03-01,124.8,1,2026-04-01,125.1668,124.2501,126.0379,123.4341,127.2631,FALSE,FALSE,may-2026,2026-07-14T13:18:16+0200
2026-07-01,rw_v1,RS,G47,2026-03-01,124.8,2,2026-05-01,125.5198,124.1019,127.3405,123.4187,128.375,FALSE,FALSE,may-2026,2026-07-14T13:18:16+0200
2026-07-01,rw_v1,RS,G47,2026-03-01,124.8,3,2026-06-01,126.3106,124.6846,127.6578,123.1852,129.4101,FALSE,FALSE,may-2026,2026-07-14T13:18:16+0200
2026-07-01,rw_v1,RS,G47,2026-03-01,124.8,4,2026-07-01,126.8934,125.4449,128.4781,122.8957,130.0432,FALSE,FALSE,may-2026,2026-07-14T13:18:16+0200
2026-07-01,rw_v1,SE,G47,2026-03-01,100.4,1,2026-04-01,100.5828,100.0297,101.1078,99.2681,101.7863,TRUE,FALSE,may-2026,2026-07-14T13:18:16+0200
2026-07-01,rw_v1,SE,G47,2026-03-01,100.4,2,2026-05-01,100.7298,100.0591,101.358,99.1949,102.2671,TRUE,FALSE,may-2026,2026-07-14T13:18:16+0200
2026-07-01,rw_v1,SE,G47,2026-03-01,100.4,3,2026-06-01,100.8694,100.1315,101.6003,99.0258,102.6222,TRUE,FALSE,may-2026,2026-07-14T13:18:16+0200
2026-07-01,rw_v1,SE,G47,2026-03-01,100.4,4,2026-07-01,101.0219,100.1632,101.8694,98.8739,103.0594,TRUE,FALSE,may-2026,2026-07-14T13:18:16+0200
2026-07-01,rw_v1,SI,G47,2026-03-01,103,1,2026-04-01,103.1289,101.6873,104.2855,100.579,105.5359,FALSE,FALSE,may-2026,2026-07-14T13:18:16+0200
2026-07-01,rw_v1,SI,G47,2026-03-01,103,2,2026-05-01,102.8571,101.194,104.3276,99.7022,106.8506,FALSE,FALSE,may-2026,2026-07-14T13:18:16+0200
2026-07-01,rw_v1,SI,G47,2026-03-01,103,3,2026-06-01,102.8298,100.7624,104.5152,98.6284,108.6494,FALSE,FALSE,may-2026,2026-07-14T13:18:16+0200
2026-07-01,rw_v1,SI,G47,2026-03-01,103,4,2026-07-01,102.6189,100.7866,105.0211,98.2703,109.6953,FALSE,FALSE,may-2026,2026-07-14T13:18:16+0200
2026-07-01,rw_v1,SK,G47,2026-03-01,105,1,2026-04-01,105.2976,104.4946,106.1277,103.3126,107.2168,FALSE,FALSE,may-2026,2026-07-14T13:18:16+0200
2026-07-01,rw_v1,SK,G47,2026-03-01,105,2,2026-05-01,105.4287,104.1198,106.3857,102.5664,107.6374,FALSE,FALSE,may-2026,2026-07-14T13:18:16+0200
2026-07-01,rw_v1,SK,G47,2026-03-01,105,3,2026-06-01,105.493,104.1481,106.7021,101.9353,108.4075,FALSE,FALSE,may-2026,2026-07-14T13:18:16+0200
2026-07-01,rw_v1,SK,G47,2026-03-01,105,4,2026-07-01,105.4977,103.4911,106.8276,101.1058,109.1177,FALSE,FALSE,may-2026,2026-07-14T13:18:16+0200
2026-07-01,rw_v1,TR,G47,2026-02-01,200.9,1,2026-03-01,202.7875,201.16,204.2921,198.8521,205.7921,FALSE,FALSE,may-2026,2026-07-14T13:18:16+0200
2026-07-01,rw_v1,TR,G47,2026-02-01,200.9,2,2026-04-01,204.2288,202.0109,206.6972,199.4687,209.0099,FALSE,FALSE,may-2026,2026-07-14T13:18:16+0200
2026-07-01,rw_v1,TR,G47,2026-02-01,200.9,3,2026-05-01,205.8456,203.0457,208.7044,199.8412,212.0981,FALSE,FALSE,may-2026,2026-07-14T13:18:16+0200
2026-07-01,rw_v1,TR,G47,2026-02-01,200.9,4,2026-06-01,207.2952,204.1484,211.0419,201.6684,214.0998,FALSE,FALSE,may-2026,2026-07-14T13:18:16+0200
2026-07-01,rw_v1,TR,G47,2026-02-01,200.9,5,2026-07-01,208.9427,205.1386,212.6007,202.6286,217.0498,FALSE,FALSE,may-2026,2026-07-14T13:18:16+0200
2026-07-01,rw_v1,AL,G47_FOOD,2026-02-01,126.8,1,2026-03-01,127.45,126.0525,128.4045,123.0743,130.167,FALSE,FALSE,may-2026,2026-07-16T10:41:25+0200
2026-07-01,rw_v1,AL,G47_FOOD,2026-02-01,126.8,2,2026-04-01,127.487,126.2393,129.247,124.42,131.0374,FALSE,FALSE,may-2026,2026-07-16T10:41:25+0200
2026-07-01,rw_v1,AL,G47_FOOD,2026-02-01,126.8,3,2026-05-01,128.2136,126.6146,129.5201,124.6189,131.1692,FALSE,FALSE,may-2026,2026-07-16T10:41:25+0200
2026-07-01,rw_v1,AL,G47_FOOD,2026-02-01,126.8,4,2026-06-01,128.7763,126.7866,130.4467,124.9256,131.5836,FALSE,FALSE,may-2026,2026-07-16T10:41:25+0200
2026-07-01,rw_v1,AL,G47_FOOD,2026-02-01,126.8,5,2026-07-01,129.1655,126.5517,130.8088,124.102,132.5465,FALSE,FALSE,may-2026,2026-07-16T10:41:25+0200
2026-07-01,rw_v1,AL,G47_NFOOD_X_G473,2026-02-01,127.3,1,2026-03-01,127.6571,125.6667,129.8277,124.0727,131.7588,FALSE,FALSE,may-2026,2026-07-16T10:41:25+0200
2026-07-01,rw_v1,AL,G47_NFOOD_X_G473,2026-02-01,127.3,2,2026-04-01,128.3517,126.0727,130.159,123.9374,133.5909,FALSE,FALSE,may-2026,2026-07-16T10:41:25+0200
2026-07-01,rw_v1,AL,G47_NFOOD_X_G473,2026-02-01,127.3,3,2026-05-01,128.3004,126.4707,130.8221,124.6244,133.185,FALSE,FALSE,may-2026,2026-07-16T10:41:25+0200
2026-07-01,rw_v1,AL,G47_NFOOD_X_G473,2026-02-01,127.3,4,2026-06-01,128.7825,126.652,131.2109,124.4713,134.1907,FALSE,FALSE,may-2026,2026-07-16T10:41:25+0200
2026-07-01,rw_v1,AL,G47_NFOOD_X_G473,2026-02-01,127.3,5,2026-07-01,129.317,126.5818,132.1324,123.7537,134.4906,FALSE,FALSE,may-2026,2026-07-16T10:41:25+0200
2026-07-01,rw_v1,AL,G474,2026-02-01,120.5,1,2026-03-01,120.4798,112.969,127.743,104.3603,135.7414,FALSE,TRUE,may-2026,2026-07-16T10:41:25+0200
2026-07-01,rw_v1,AL,G474,2026-02-01,120.5,2,2026-04-01,120.6699,112.4298,128.7407,104.6217,138.5335,FALSE,TRUE,may-2026,2026-07-16T10:41:25+0200
2026-07-01,rw_v1,AL,G474,2026-02-01,120.5,3,2026-05-01,120.8289,114.8225,128.177,103.0287,135.878,FALSE,TRUE,may-2026,2026-07-16T10:41:25+0200
2026-07-01,rw_v1,AL,G474,2026-02-01,120.5,4,2026-06-01,121.4419,110.8802,129.8912,102.1172,139.0119,FALSE,TRUE,may-2026,2026-07-16T10:41:25+0200
2026-07-01,rw_v1,AL,G474,2026-02-01,120.5,5,2026-07-01,122.0446,113.6839,130.5016,103.202,137.755,FALSE,TRUE,may-2026,2026-07-16T10:41:25+0200
2026-07-01,rw_v1,AL,G475,2026-02-01,122.4,1,2026-03-01,122.944,119.6379,125.2977,115.963,129.1363,FALSE,FALSE,may-2026,2026-07-16T10:41:25+0200
2026-07-01,rw_v1,AL,G475,2026-02-01,122.4,2,2026-04-01,122.7044,120.0235,126.7303,116.4723,129.9204,FALSE,FALSE,may-2026,2026-07-16T10:41:25+0200
2026-07-01,rw_v1,AL,G475,2026-02-01,122.4,3,2026-05-01,123.6243,119.0617,127.5296,116.6085,130.2419,FALSE,FALSE,may-2026,2026-07-16T10:41:25+0200
2026-07-01,rw_v1,AL,G475,2026-02-01,122.4,4,2026-06-01,123.1941,119.8244,128.0276,115.3546,131.2404,FALSE,FALSE,may-2026,2026-07-16T10:41:25+0200
2026-07-01,rw_v1,AL,G475,2026-02-01,122.4,5,2026-07-01,123.6809,119.6404,128.2157,116.3103,132.0645,FALSE,FALSE,may-2026,2026-07-16T10:41:25+0200
2026-07-01,rw_v1,AL,G476,2026-02-01,102.9,1,2026-03-01,102.7541,97.8159,109.762,85.9794,116.8919,FALSE,TRUE,may-2026,2026-07-16T10:41:25+0200
2026-07-01,rw_v1,AL,G476,2026-02-01,102.9,2,2026-04-01,103.5667,96.3618,111.2267,84.9762,119.9914,FALSE,TRUE,may-2026,2026-07-16T10:41:25+0200
2026-07-01,rw_v1,AL,G476,2026-02-01,102.9,3,2026-05-01,102.9135,95.5188,111.4852,87.3375,120.7133,FALSE,TRUE,may-2026,2026-07-16T10:41:25+0200
2026-07-01,rw_v1,AL,G476,2026-02-01,102.9,4,2026-06-01,102.6231,94.9091,114.215,85.678,121.3712,FALSE,TRUE,may-2026,2026-07-16T10:41:25+0200
2026-07-01,rw_v1,AL,G476,2026-02-01,102.9,5,2026-07-01,104.2146,95.3447,113.0721,86.1008,120.3548,FALSE,TRUE,may-2026,2026-07-16T10:41:25+0200
2026-07-01,rw_v1,AT,G47_FOOD,2026-03-01,99.6,1,2026-04-01,99.5449,98.2135,100.9993,97.0267,102.4143,FALSE,FALSE,may-2026,2026-07-16T10:41:25+0200
2026-07-01,rw_v1,AT,G47_FOOD,2026-03-01,99.6,2,2026-05-01,99.7438,98.4335,100.6978,96.9884,102.7956,FALSE,FALSE,may-2026,2026-07-16T10:41:25+0200
2026-07-01,rw_v1,AT,G47_FOOD,2026-03-01,99.6,3,2026-06-01,99.8795,98.3516,101.2624,96.8793,102.5908,FALSE,FALSE,may-2026,2026-07-16T10:41:25+0200
2026-07-01,rw_v1,AT,G47_FOOD,2026-03-01,99.6,4,2026-07-01,99.6904,98.3981,101.4013,97.055,103.2379,FALSE,FALSE,may-2026,2026-07-16T10:41:25+0200
2026-07-01,rw_v1,AT,G47_NFOOD_X_G473,2026-03-01,96.9,1,2026-04-01,96.7383,95.642,98.0688,94.3269,98.939,FALSE,FALSE,may-2026,2026-07-16T10:41:25+0200
2026-07-01,rw_v1,AT,G47_NFOOD_X_G473,2026-03-01,96.9,2,2026-05-01,96.809,95.7653,97.7,93.0267,99.8822,FALSE,FALSE,may-2026,2026-07-16T10:41:25+0200
2026-07-01,rw_v1,AT,G47_NFOOD_X_G473,2026-03-01,96.9,3,2026-06-01,96.7538,95.215,98.1968,93.0864,100.3266,FALSE,FALSE,may-2026,2026-07-16T10:41:25+0200
2026-07-01,rw_v1,AT,G47_NFOOD_X_G473,2026-03-01,96.9,4,2026-07-01,96.721,95.2456,98.0586,92.8321,99.9287,FALSE,FALSE,may-2026,2026-07-16T10:41:25+0200
2026-07-01,rw_v1,AT,G474,2026-03-01,101.7,1,2026-04-01,101.412,99.9796,103.1206,99.2732,103.6638,FALSE,FALSE,may-2026,2026-07-16T10:41:25+0200
2026-07-01,rw_v1,AT,G474,2026-03-01,101.7,2,2026-05-01,101.4371,99.5664,102.8187,98.5873,104.0222,FALSE,FALSE,may-2026,2026-07-16T10:41:25+0200
2026-07-01,rw_v1,AT,G474,2026-03-01,101.7,3,2026-06-01,101.2081,99.0565,102.7684,97.0956,104.1207,FALSE,FALSE,may-2026,2026-07-16T10:41:25+0200
2026-07-01,rw_v1,AT,G474,2026-03-01,101.7,4,2026-07-01,101.3342,98.4397,103.3098,96.0886,104.7263,FALSE,FALSE,may-2026,2026-07-16T10:41:25+0200
2026-07-01,rw_v1,AT,G475,2026-03-01,78.9,1,2026-04-01,78.2792,77.2943,79.5802,76.4135,80.4129,FALSE,FALSE,may-2026,2026-07-16T10:41:25+0200
2026-07-01,rw_v1,AT,G475,2026-03-01,78.9,2,2026-05-01,78.3411,76.6366,79.3206,74.1547,80.7937,FALSE,FALSE,may-2026,2026-07-16T10:41:25+0200
2026-07-01,rw_v1,AT,G475,2026-03-01,78.9,3,2026-06-01,78.2121,76.3298,79.1037,73.8586,80.7647,FALSE,FALSE,may-2026,2026-07-16T10:41:25+0200
2026-07-01,rw_v1,AT,G475,2026-03-01,78.9,4,2026-07-01,77.8429,76.8776,78.7675,74.2408,79.4838,FALSE,FALSE,may-2026,2026-07-16T10:41:25+0200
2026-07-01,rw_v1,AT,G476,2026-03-01,97.9,1,2026-04-01,96.6746,95.9135,97.8213,94.5057,99.9429,FALSE,FALSE,may-2026,2026-07-16T10:41:25+0200
2026-07-01,rw_v1,AT,G476,2026-03-01,97.9,2,2026-05-01,96.1594,93.5669,98.6975,91.54,100.1872,FALSE,FALSE,may-2026,2026-07-16T10:41:25+0200
2026-07-01,rw_v1,AT,G476,2026-03-01,97.9,3,2026-06-01,95.7059,92.9226,97.7632,89.6385,99.8611,FALSE,FALSE,may-2026,2026-07-16T10:41:25+0200
2026-07-01,rw_v1,AT,G476,2026-03-01,97.9,4,2026-07-01,95.382,90.5428,97.2214,89.0511,98.9733,FALSE,FALSE,may-2026,2026-07-16T10:41:25+0200
2026-07-01,rw_v1,AT,G477,2026-03-01,106.6,1,2026-04-01,106.5453,105.6366,107.5515,104.1507,108.3469,FALSE,FALSE,may-2026,2026-07-16T10:41:25+0200
2026-07-01,rw_v1,AT,G477,2026-03-01,106.6,2,2026-05-01,106.3203,105.0833,107.133,104.3967,108.8627,FALSE,FALSE,may-2026,2026-07-16T10:41:25+0200
2026-07-01,rw_v1,AT,G477,2026-03-01,106.6,3,2026-06-01,106.1714,104.6122,106.9777,103.8555,108.1178,FALSE,FALSE,may-2026,2026-07-16T10:41:25+0200
2026-07-01,rw_v1,AT,G477,2026-03-01,106.6,4,2026-07-01,106.3548,104.0288,107.3604,102.8877,108.8851,FALSE,FALSE,may-2026,2026-07-16T10:41:25+0200
2026-07-01,rw_v1,AT,G479,2026-03-01,85.7,1,2026-04-01,85.5356,83.9298,87.2454,82.724,89.0765,FALSE,FALSE,may-2026,2026-07-16T10:41:25+0200
2026-07-01,rw_v1,AT,G479,2026-03-01,85.7,2,2026-05-01,85.6015,83.1651,87.4312,81.2863,90.3156,FALSE,FALSE,may-2026,2026-07-16T10:41:25+0200
2026-07-01,rw_v1,AT,G479,2026-03-01,85.7,3,2026-06-01,85.3765,83.261,87.6728,80.7051,91.2038,FALSE,FALSE,may-2026,2026-07-16T10:41:25+0200
2026-07-01,rw_v1,AT,G479,2026-03-01,85.7,4,2026-07-01,85.6795,82.5117,87.8154,79.1607,91.5241,FALSE,FALSE,may-2026,2026-07-16T10:41:25+0200
2026-07-01,rw_v1,BE,G47_FOOD,2026-03-01,88.8,1,2026-04-01,88.7145,87.4307,89.7155,86.5361,90.7178,FALSE,FALSE,may-2026,2026-07-16T10:41:25+0200
2026-07-01,rw_v1,BE,G47_FOOD,2026-03-01,88.8,2,2026-05-01,88.6387,87.228,89.6854,86.163,90.4604,FALSE,FALSE,may-2026,2026-07-16T10:41:25+0200
2026-07-01,rw_v1,BE,G47_FOOD,2026-03-01,88.8,3,2026-06-01,88.2637,87.1,89.8597,85.8295,90.9194,FALSE,FALSE,may-2026,2026-07-16T10:41:25+0200
2026-07-01,rw_v1,BE,G47_FOOD,2026-03-01,88.8,4,2026-07-01,88.432,86.8381,89.8666,85.3264,90.7909,FALSE,FALSE,may-2026,2026-07-16T10:41:25+0200
2026-07-01,rw_v1,BE,G47_NFOOD_X_G473,2026-03-01,100.7,1,2026-04-01,100.6726,99.4964,102.1386,98.1062,103.3945,FALSE,FALSE,may-2026,2026-07-16T10:41:25+0200
2026-07-01,rw_v1,BE,G47_NFOOD_X_G473,2026-03-01,100.7,2,2026-05-01,100.7967,99.7586,102.1795,97.9062,103.956,FALSE,FALSE,may-2026,2026-07-16T10:41:25+0200
2026-07-01,rw_v1,BE,G47_NFOOD_X_G473,2026-03-01,100.7,3,2026-06-01,100.7728,99.2107,102.457,98.336,103.7195,FALSE,FALSE,may-2026,2026-07-16T10:41:25+0200
2026-07-01,rw_v1,BE,G47_NFOOD_X_G473,2026-03-01,100.7,4,2026-07-01,101.0513,99.0931,102.477,97.6199,104.2067,FALSE,FALSE,may-2026,2026-07-16T10:41:25+0200
2026-07-01,rw_v1,BE,G474,2026-03-01,134.3,1,2026-04-01,135.1031,132.2524,137.4171,127.7433,142.6441,FALSE,FALSE,may-2026,2026-07-16T10:41:25+0200
2026-07-01,rw_v1,BE,G474,2026-03-01,134.3,2,2026-05-01,135.2491,132.8261,139.4344,129.0196,141.9451,FALSE,FALSE,may-2026,2026-07-16T10:41:25+0200
2026-07-01,rw_v1,BE,G474,2026-03-01,134.3,3,2026-06-01,135.79,131.8095,140.084,129.0525,145.5695,FALSE,FALSE,may-2026,2026-07-16T10:41:25+0200
2026-07-01,rw_v1,BE,G474,2026-03-01,134.3,4,2026-07-01,137.1279,133.4515,140.1451,128.4736,143.5903,FALSE,FALSE,may-2026,2026-07-16T10:41:25+0200
2026-07-01,rw_v1,BE,G475,2026-03-01,86.1,1,2026-04-01,85.9697,84.3318,87.2998,82.6657,89.4789,FALSE,FALSE,may-2026,2026-07-16T10:41:25+0200
2026-07-01,rw_v1,BE,G475,2026-03-01,86.1,2,2026-05-01,85.8011,84.2751,87.2734,82.5413,89.0728,FALSE,FALSE,may-2026,2026-07-16T10:41:25+0200
2026-07-01,rw_v1,BE,G475,2026-03-01,86.1,3,2026-06-01,85.9425,84.3155,87.5226,81.5105,89.7287,FALSE,FALSE,may-2026,2026-07-16T10:41:25+0200
2026-07-01,rw_v1,BE,G475,2026-03-01,86.1,4,2026-07-01,85.7203,83.8523,87.4288,81.3558,89.5079,FALSE,FALSE,may-2026,2026-07-16T10:41:25+0200
2026-07-01,rw_v1,BE,G476,2026-03-01,91.5,1,2026-04-01,91.179,89.4476,92.7308,87.2918,95.462,FALSE,FALSE,may-2026,2026-07-16T10:41:25+0200
2026-07-01,rw_v1,BE,G476,2026-03-01,91.5,2,2026-05-01,91.0647,89.1735,93.1007,88.0574,95.2931,FALSE,FALSE,may-2026,2026-07-16T10:41:25+0200
2026-07-01,rw_v1,BE,G476,2026-03-01,91.5,3,2026-06-01,90.6944,88.8089,92.7561,87.29,96.6871,FALSE,FALSE,may-2026,2026-07-16T10:41:25+0200
2026-07-01,rw_v1,BE,G476,2026-03-01,91.5,4,2026-07-01,90.0215,88.4409,92.9999,86.957,96.095,FALSE,FALSE,may-2026,2026-07-16T10:41:25+0200
2026-07-01,rw_v1,BE,G477,2026-03-01,103.9,1,2026-04-01,103.9828,102.51,105.5439,100.2949,107.1461,FALSE,FALSE,may-2026,2026-07-16T10:41:25+0200
2026-07-01,rw_v1,BE,G477,2026-03-01,103.9,2,2026-05-01,104.1292,102.6619,105.8705,100.0206,107.5979,FALSE,FALSE,may-2026,2026-07-16T10:41:25+0200
2026-07-01,rw_v1,BE,G477,2026-03-01,103.9,3,2026-06-01,104.1164,102.8456,106.1938,99.0874,108.3632,FALSE,FALSE,may-2026,2026-07-16T10:41:25+0200
2026-07-01,rw_v1,BE,G477,2026-03-01,103.9,4,2026-07-01,104.4681,101.8047,106.1833,99.0146,107.8772,FALSE,FALSE,may-2026,2026-07-16T10:41:25+0200
2026-07-01,rw_v1,BE,G479,2026-03-01,117.6,1,2026-04-01,118.1424,115.0977,120.3064,112.6068,122.8898,FALSE,FALSE,may-2026,2026-07-16T10:41:25+0200
2026-07-01,rw_v1,BE,G479,2026-03-01,117.6,2,2026-05-01,118.2651,115.658,121.4688,112.3562,123.9934,FALSE,FALSE,may-2026,2026-07-16T10:41:25+0200
2026-07-01,rw_v1,BE,G479,2026-03-01,117.6,3,2026-06-01,119.1136,116.2391,122.0465,113.3503,123.566,FALSE,FALSE,may-2026,2026-07-16T10:41:25+0200
2026-07-01,rw_v1,BE,G479,2026-03-01,117.6,4,2026-07-01,119.5577,116.3411,121.9986,112.4171,126.4573,FALSE,FALSE,may-2026,2026-07-16T10:41:25+0200
2026-07-01,rw_v1,BG,G47_FOOD,2026-03-01,108.9,1,2026-04-01,109.0227,108.169,110.0375,106.6529,111.433,FALSE,FALSE,may-2026,2026-07-16T10:41:25+0200
2026-07-01,rw_v1,BG,G47_FOOD,2026-03-01,108.9,2,2026-05-01,109.3291,107.6269,110.8618,106.4514,112.8835,FALSE,FALSE,may-2026,2026-07-16T10:41:25+0200
2026-07-01,rw_v1,BG,G47_FOOD,2026-03-01,108.9,3,2026-06-01,109.4821,107.7244,110.9725,106.4591,113.1004,FALSE,FALSE,may-2026,2026-07-16T10:41:25+0200
2026-07-01,rw_v1,BG,G47_FOOD,2026-03-01,108.9,4,2026-07-01,109.6604,107.6404,111.5461,105.6863,114.132,FALSE,FALSE,may-2026,2026-07-16T10:41:25+0200
2026-07-01,rw_v1,BG,G47_NFOOD_X_G473,2026-03-01,141.3,1,2026-04-01,142.1788,141.0563,143.4549,139.9825,144.7791,FALSE,FALSE,may-2026,2026-07-16T10:41:25+0200
2026-07-01,rw_v1,BG,G47_NFOOD_X_G473,2026-03-01,141.3,2,2026-05-01,142.8801,142.0991,144.1964,140.4755,147.2462,FALSE,FALSE,may-2026,2026-07-16T10:41:25+0200
2026-07-01,rw_v1,BG,G47_NFOOD_X_G473,2026-03-01,141.3,3,2026-06-01,143.8391,142.4171,145.1323,141.0089,147.9239,FALSE,FALSE,may-2026,2026-07-16T10:41:25+0200
2026-07-01,rw_v1,BG,G47_NFOOD_X_G473,2026-03-01,141.3,4,2026-07-01,144.389,143.1573,146.2193,141.0976,149.5853,FALSE,FALSE,may-2026,2026-07-16T10:41:25+0200
2026-07-01,rw_v1,CH,G47_FOOD,2026-03-01,94.3,1,2026-04-01,94.2025,93.2998,95.0828,92.3667,96.813,FALSE,FALSE,may-2026,2026-07-16T10:41:25+0200
2026-07-01,rw_v1,CH,G47_FOOD,2026-03-01,94.3,2,2026-05-01,94.0992,93.2636,95.3231,92.1652,97.338,FALSE,FALSE,may-2026,2026-07-16T10:41:25+0200
2026-07-01,rw_v1,CH,G47_FOOD,2026-03-01,94.3,3,2026-06-01,94.3244,93.6357,95.3486,92.1835,96.4492,FALSE,FALSE,may-2026,2026-07-16T10:41:25+0200
2026-07-01,rw_v1,CH,G47_FOOD,2026-03-01,94.3,4,2026-07-01,94.3972,93.5244,95.4625,92.2939,96.5006,FALSE,FALSE,may-2026,2026-07-16T10:41:25+0200
2026-07-01,rw_v1,CH,G47_NFOOD_X_G473,2026-03-01,107.5,1,2026-04-01,107.59,106.5397,108.6313,104.5749,109.8127,FALSE,FALSE,may-2026,2026-07-16T10:41:25+0200
2026-07-01,rw_v1,CH,G47_NFOOD_X_G473,2026-03-01,107.5,2,2026-05-01,107.6458,106.3609,109.0127,104.9405,110.1677,FALSE,FALSE,may-2026,2026-07-16T10:41:25+0200
2026-07-01,rw_v1,CH,G47_NFOOD_X_G473,2026-03-01,107.5,3,2026-06-01,107.7041,106.6894,108.9395,105.3203,110.6499,FALSE,FALSE,may-2026,2026-07-16T10:41:25+0200
2026-07-01,rw_v1,CH,G47_NFOOD_X_G473,2026-03-01,107.5,4,2026-07-01,108.1506,106.8843,109.3748,104.8672,110.6112,FALSE,FALSE,may-2026,2026-07-16T10:41:25+0200
2026-07-01,rw_v1,CH,G474,2026-03-01,140.3,1,2026-04-01,141.3303,138.9746,143.5768,135.3553,146.5581,FALSE,FALSE,may-2026,2026-07-16T10:41:25+0200
2026-07-01,rw_v1,CH,G474,2026-03-01,140.3,2,2026-05-01,141.8755,139.542,144.3234,136.3564,147.4943,FALSE,FALSE,may-2026,2026-07-16T10:41:25+0200
2026-07-01,rw_v1,CH,G474,2026-03-01,140.3,3,2026-06-01,142.7751,140.1571,145.0377,137.3997,150.2557,FALSE,FALSE,may-2026,2026-07-16T10:41:25+0200
2026-07-01,rw_v1,CH,G474,2026-03-01,140.3,4,2026-07-01,143.8602,140.8501,147.1613,136.1859,151.4214,FALSE,FALSE,may-2026,2026-07-16T10:41:25+0200
2026-07-01,rw_v1,CH,G475,2026-03-01,87.7,1,2026-04-01,87.5667,85.5206,88.8135,82.5386,90.4109,FALSE,FALSE,may-2026,2026-07-16T10:41:25+0200
2026-07-01,rw_v1,CH,G475,2026-03-01,87.7,2,2026-05-01,86.9961,84.677,88.8109,81.4664,91.3875,FALSE,FALSE,may-2026,2026-07-16T10:41:25+0200
2026-07-01,rw_v1,CH,G475,2026-03-01,87.7,3,2026-06-01,86.9035,84.1018,88.9335,81.2008,91.656,FALSE,FALSE,may-2026,2026-07-16T10:41:25+0200
2026-07-01,rw_v1,CH,G475,2026-03-01,87.7,4,2026-07-01,86.9658,84.0476,88.9579,81.1724,93.4789,FALSE,FALSE,may-2026,2026-07-16T10:41:25+0200
2026-07-01,rw_v1,CH,G476,2026-03-01,104,1,2026-04-01,103.6559,102.6403,105.1302,100.558,107.0212,FALSE,FALSE,may-2026,2026-07-16T10:41:25+0200
2026-07-01,rw_v1,CH,G476,2026-03-01,104,2,2026-05-01,104.0099,102.3156,105.51220000000001,99.924,108.2782,FALSE,FALSE,may-2026,2026-07-16T10:41:25+0200
2026-07-01,rw_v1,CH,G476,2026-03-01,104,3,2026-06-01,103.9687,102.372,105.6908,99.8493,108.2964,FALSE,FALSE,may-2026,2026-07-16T10:41:25+0200
2026-07-01,rw_v1,CH,G476,2026-03-01,104,4,2026-07-01,103.9467,102.4642,106.0446,100.5093,108.9265,FALSE,FALSE,may-2026,2026-07-16T10:41:25+0200
2026-07-01,rw_v1,CH,G477,2026-03-01,113.2,1,2026-04-01,113.3522,111.4182,115.2053,109.0006,117.1144,FALSE,FALSE,may-2026,2026-07-16T10:41:25+0200
2026-07-01,rw_v1,CH,G477,2026-03-01,113.2,2,2026-05-01,113.5816,111.1243,115.7009,109.4631,117.4469,FALSE,FALSE,may-2026,2026-07-16T10:41:25+0200
2026-07-01,rw_v1,CH,G477,2026-03-01,113.2,3,2026-06-01,113.6187,111.7638,115.7944,109.7152,117.9738,FALSE,FALSE,may-2026,2026-07-16T10:41:25+0200
2026-07-01,rw_v1,CH,G477,2026-03-01,113.2,4,2026-07-01,113.9505,111.7879,116.1787,107.766,119.1088,FALSE,FALSE,may-2026,2026-07-16T10:41:25+0200
2026-07-01,rw_v1,CY,G47_FOOD,2026-03-01,124.5,1,2026-04-01,125.0862,123.88,126.4219,122.1252,127.7553,FALSE,FALSE,may-2026,2026-07-16T10:41:25+0200
2026-07-01,rw_v1,CY,G47_FOOD,2026-03-01,124.5,2,2026-05-01,125.4666,123.7705,127.3681,122.7268,128.8992,FALSE,FALSE,may-2026,2026-07-16T10:41:25+0200
2026-07-01,rw_v1,CY,G47_FOOD,2026-03-01,124.5,3,2026-06-01,126.1624,124.0419,127.7237,122.8249,129.2671,FALSE,FALSE,may-2026,2026-07-16T10:41:25+0200
2026-07-01,rw_v1,CY,G47_FOOD,2026-03-01,124.5,4,2026-07-01,126.9217,124.4444,128.712,122.1807,130.2083,FALSE,FALSE,may-2026,2026-07-16T10:41:25+0200
2026-07-01,rw_v1,CY,G47_NFOOD_X_G473,2026-03-01,139,1,2026-04-01,139.8577,138.3266,141.0317,136.809,142.0142,FALSE,FALSE,may-2026,2026-07-16T10:41:25+0200
2026-07-01,rw_v1,CY,G47_NFOOD_X_G473,2026-03-01,139,2,2026-05-01,140.4141,139.0152,142.1026,136.9719,143.4807,FALSE,FALSE,may-2026,2026-07-16T10:41:25+0200
2026-07-01,rw_v1,CY,G47_NFOOD_X_G473,2026-03-01,139,3,2026-06-01,140.948,139.4272,142.8193,137.0354,144.8103,FALSE,FALSE,may-2026,2026-07-16T10:41:25+0200
2026-07-01,rw_v1,CY,G47_NFOOD_X_G473,2026-03-01,139,4,2026-07-01,141.7127,140.0687,143.4917,137.6687,145.6382,FALSE,FALSE,may-2026,2026-07-16T10:41:25+0200
2026-07-01,rw_v1,CZ,G47_FOOD,2026-02-01,93.2,1,2026-03-01,93.0027,92.1663,93.8058,91.4979,94.9269,FALSE,FALSE,may-2026,2026-07-16T10:41:25+0200
2026-07-01,rw_v1,CZ,G47_FOOD,2026-02-01,93.2,2,2026-04-01,93.1905,91.7321,93.9157,90.8874,94.588,FALSE,FALSE,may-2026,2026-07-16T10:41:25+0200
2026-07-01,rw_v1,CZ,G47_FOOD,2026-02-01,93.2,3,2026-05-01,92.8585,91.5102,94.0999,90.4154,95.0535,FALSE,FALSE,may-2026,2026-07-16T10:41:25+0200
2026-07-01,rw_v1,CZ,G47_FOOD,2026-02-01,93.2,4,2026-06-01,92.9299,90.9697,94.2091,90.0385,94.8214,FALSE,FALSE,may-2026,2026-07-16T10:41:25+0200
2026-07-01,rw_v1,CZ,G47_FOOD,2026-02-01,93.2,5,2026-07-01,92.6236,90.9413,94.2222,89.467,95.2049,FALSE,FALSE,may-2026,2026-07-16T10:41:25+0200
2026-07-01,rw_v1,CZ,G47_NFOOD_X_G473,2026-02-01,104.6,1,2026-03-01,104.7658,103.9463,105.8813,102.6433,106.7433,FALSE,FALSE,may-2026,2026-07-16T10:41:25+0200
2026-07-01,rw_v1,CZ,G47_NFOOD_X_G473,2026-02-01,104.6,2,2026-04-01,105.0281,103.907,106.1387,102.1463,107.2227,FALSE,FALSE,may-2026,2026-07-16T10:41:25+0200
2026-07-01,rw_v1,CZ,G47_NFOOD_X_G473,2026-02-01,104.6,3,2026-05-01,105.3945,104.043,106.3932,100.4997,107.645,FALSE,FALSE,may-2026,2026-07-16T10:41:25+0200
2026-07-01,rw_v1,CZ,G47_NFOOD_X_G473,2026-02-01,104.6,4,2026-06-01,105.5332,103.4666,107.0206,99.9947,108.0164,FALSE,FALSE,may-2026,2026-07-16T10:41:25+0200
2026-07-01,rw_v1,CZ,G47_NFOOD_X_G473,2026-02-01,104.6,5,2026-07-01,106.0459,102.8612,107.5086,99.9437,108.9918,FALSE,FALSE,may-2026,2026-07-16T10:41:25+0200
2026-07-01,rw_v1,CZ,G474,2026-02-01,89.8,1,2026-03-01,89.9861,88.2357,91.8558,85.6434,93.6662,FALSE,TRUE,may-2026,2026-07-16T10:41:25+0200
2026-07-01,rw_v1,CZ,G474,2026-02-01,89.8,2,2026-04-01,90.2028,87.5084,92.4541,84.5611,94.9017,FALSE,TRUE,may-2026,2026-07-16T10:41:25+0200
2026-07-01,rw_v1,CZ,G474,2026-02-01,89.8,3,2026-05-01,90.4754,86.755,92.9334,84.15,95.1768,FALSE,TRUE,may-2026,2026-07-16T10:41:25+0200
2026-07-01,rw_v1,CZ,G474,2026-02-01,89.8,4,2026-06-01,90.11,86.2838,92.6576,83.8736,96.5987,FALSE,TRUE,may-2026,2026-07-16T10:41:25+0200
2026-07-01,rw_v1,CZ,G474,2026-02-01,89.8,5,2026-07-01,89.5897,86.6011,92.7791,82.2268,96.248,FALSE,TRUE,may-2026,2026-07-16T10:41:25+0200
2026-07-01,rw_v1,CZ,G475,2026-02-01,82.2,1,2026-03-01,81.9801,80.6702,83.5836,78.7467,84.6945,FALSE,TRUE,may-2026,2026-07-16T10:41:25+0200
2026-07-01,rw_v1,CZ,G475,2026-02-01,82.2,2,2026-04-01,81.8163,79.6528,83.6605,77.5791,85.6334,FALSE,TRUE,may-2026,2026-07-16T10:41:25+0200
2026-07-01,rw_v1,CZ,G475,2026-02-01,82.2,3,2026-05-01,81.6404,79.2653,83.8472,76.2477,85.9814,FALSE,TRUE,may-2026,2026-07-16T10:41:25+0200
2026-07-01,rw_v1,CZ,G475,2026-02-01,82.2,4,2026-06-01,81.5268,78.967,83.9068,74.4278,86.8242,FALSE,TRUE,may-2026,2026-07-16T10:41:25+0200
2026-07-01,rw_v1,CZ,G475,2026-02-01,82.2,5,2026-07-01,81.6605,78.465,83.6165,73.7806,86.8849,FALSE,TRUE,may-2026,2026-07-16T10:41:25+0200
2026-07-01,rw_v1,CZ,G476,2026-02-01,99,1,2026-03-01,98.8871,97.5937,100.0608,95.5597,102.0533,FALSE,TRUE,may-2026,2026-07-16T10:41:25+0200
2026-07-01,rw_v1,CZ,G476,2026-02-01,99,2,2026-04-01,99.0257,97.2381,100.3236,92.8685,101.7514,FALSE,TRUE,may-2026,2026-07-16T10:41:25+0200
2026-07-01,rw_v1,CZ,G476,2026-02-01,99,3,2026-05-01,98.9368,96.6588,100.3139,88.3024,103.0082,FALSE,TRUE,may-2026,2026-07-16T10:41:25+0200
2026-07-01,rw_v1,CZ,G476,2026-02-01,99,4,2026-06-01,98.8105,96.7649,100.7456,89.7272,104.3216,FALSE,TRUE,may-2026,2026-07-16T10:41:25+0200
2026-07-01,rw_v1,CZ,G476,2026-02-01,99,5,2026-07-01,99.134,96.3525,100.9012,89.3082,109.0845,FALSE,TRUE,may-2026,2026-07-16T10:41:25+0200
2026-07-01,rw_v1,CZ,G477,2026-02-01,106.9,1,2026-03-01,107.0684,105.9139,107.9725,103.9622,109.7507,FALSE,FALSE,may-2026,2026-07-16T10:41:25+0200
2026-07-01,rw_v1,CZ,G477,2026-02-01,106.9,2,2026-04-01,107.2018,105.7757,108.329,103.8794,109.9275,FALSE,FALSE,may-2026,2026-07-16T10:41:25+0200
2026-07-01,rw_v1,CZ,G477,2026-02-01,106.9,3,2026-05-01,107.5189,105.4957,108.5214,103.0783,110.9575,FALSE,FALSE,may-2026,2026-07-16T10:41:25+0200
2026-07-01,rw_v1,CZ,G477,2026-02-01,106.9,4,2026-06-01,107.698,105.017,108.787,101.0298,109.8206,FALSE,FALSE,may-2026,2026-07-16T10:41:25+0200
2026-07-01,rw_v1,CZ,G477,2026-02-01,106.9,5,2026-07-01,107.5563,104.3557,108.9854,100.9301,111.1072,FALSE,FALSE,may-2026,2026-07-16T10:41:25+0200
2026-07-01,rw_v1,CZ,G479,2026-02-01,120.1,1,2026-03-01,120.559,119.4363,122.141,117.5307,123.643,FALSE,FALSE,may-2026,2026-07-16T10:41:25+0200
2026-07-01,rw_v1,CZ,G479,2026-02-01,120.1,2,2026-04-01,121.5092,119.63,122.9866,117.4454,124.9956,FALSE,FALSE,may-2026,2026-07-16T10:41:25+0200
2026-07-01,rw_v1,CZ,G479,2026-02-01,120.1,3,2026-05-01,122.3265,120.1049,123.9145,117.0513,126.0402,FALSE,FALSE,may-2026,2026-07-16T10:41:25+0200
2026-07-01,rw_v1,CZ,G479,2026-02-01,120.1,4,2026-06-01,122.641,120.5281,125.1932,116.4734,128.6947,FALSE,FALSE,may-2026,2026-07-16T10:41:25+0200
2026-07-01,rw_v1,CZ,G479,2026-02-01,120.1,5,2026-07-01,124.0239,121.2633,125.983,116.4502,129.1188,FALSE,FALSE,may-2026,2026-07-16T10:41:25+0200
2026-07-01,rw_v1,DE,G47_FOOD,2026-03-01,93.6,1,2026-04-01,93.5957,92.5968,94.5924,91.3668,95.5541,FALSE,FALSE,may-2026,2026-07-16T10:41:25+0200
2026-07-01,rw_v1,DE,G47_FOOD,2026-03-01,93.6,2,2026-05-01,93.4933,92.5713,94.6898,90.9799,95.617,FALSE,FALSE,may-2026,2026-07-16T10:41:25+0200
2026-07-01,rw_v1,DE,G47_FOOD,2026-03-01,93.6,3,2026-06-01,93.6342,92.3854,94.7079,90.6037,95.9898,FALSE,FALSE,may-2026,2026-07-16T10:41:25+0200
2026-07-01,rw_v1,DE,G47_FOOD,2026-03-01,93.6,4,2026-07-01,93.6781,92.2905,94.781,90.2038,96.6295,FALSE,FALSE,may-2026,2026-07-16T10:41:25+0200
2026-07-01,rw_v1,DE,G47_NFOOD_X_G473,2026-03-01,106.2,1,2026-04-01,106.348,105.2255,107.4369,103.6137,108.9108,FALSE,FALSE,may-2026,2026-07-16T10:41:25+0200
2026-07-01,rw_v1,DE,G47_NFOOD_X_G473,2026-03-01,106.2,2,2026-05-01,106.1636,105.1188,107.6637,103.2531,109.6692,FALSE,FALSE,may-2026,2026-07-16T10:41:25+0200
2026-07-01,rw_v1,DE,G47_NFOOD_X_G473,2026-03-01,106.2,3,2026-06-01,106.5401,105.0631,108.153,103.3055,109.6721,FALSE,FALSE,may-2026,2026-07-16T10:41:25+0200
2026-07-01,rw_v1,DE,G47_NFOOD_X_G473,2026-03-01,106.2,4,2026-07-01,106.689,104.6892,107.9467,102.7744,109.8464,FALSE,FALSE,may-2026,2026-07-16T10:41:25+0200
2026-07-01,rw_v1,DE,G474,2026-03-01,112.8,1,2026-04-01,113.3601,110.6634,114.9001,108.5668,117.2705,FALSE,FALSE,may-2026,2026-07-16T10:41:25+0200
2026-07-01,rw_v1,DE,G474,2026-03-01,112.8,2,2026-05-01,113.2263,110.3183,115.3773,107.7478,118.9919,FALSE,FALSE,may-2026,2026-07-16T10:41:25+0200
2026-07-01,rw_v1,DE,G474,2026-03-01,112.8,3,2026-06-01,113.3967,110.6612,116.0662,107.8345,118.2468,FALSE,FALSE,may-2026,2026-07-16T10:41:25+0200
2026-07-01,rw_v1,DE,G474,2026-03-01,112.8,4,2026-07-01,113.2527,110.6685,116.1972,105.5939,120.1746,FALSE,FALSE,may-2026,2026-07-16T10:41:25+0200
2026-07-01,rw_v1,DE,G475,2026-03-01,87.9,1,2026-04-01,87.7096,86.3427,88.8556,85.2435,90.1443,FALSE,FALSE,may-2026,2026-07-16T10:41:25+0200
2026-07-01,rw_v1,DE,G475,2026-03-01,87.9,2,2026-05-01,87.4123,85.8864,89.0099,84.355,90.297,FALSE,FALSE,may-2026,2026-07-16T10:41:25+0200
2026-07-01,rw_v1,DE,G475,2026-03-01,87.9,3,2026-06-01,87.2837,85.9249,88.7939,82.346,91.7752,FALSE,FALSE,may-2026,2026-07-16T10:41:25+0200
2026-07-01,rw_v1,DE,G475,2026-03-01,87.9,4,2026-07-01,87.3313,85.4913,88.768,81.1547,91.9398,FALSE,FALSE,may-2026,2026-07-16T10:41:25+0200
2026-07-01,rw_v1,DE,G476,2026-03-01,99,1,2026-04-01,98.9533,96.7776,100.4854,94.2452,104.0834,FALSE,TRUE,may-2026,2026-07-16T10:41:25+0200
2026-07-01,rw_v1,DE,G476,2026-03-01,99,2,2026-05-01,98.4001,96.1487,100.4358,92.1686,106.5938,FALSE,TRUE,may-2026,2026-07-16T10:41:25+0200
2026-07-01,rw_v1,DE,G476,2026-03-01,99,3,2026-06-01,98.3295,96.2514,101.1945,92.3663,107.7392,FALSE,TRUE,may-2026,2026-07-16T10:41:25+0200
2026-07-01,rw_v1,DE,G476,2026-03-01,99,4,2026-07-01,97.9977,95.4862,101.7838,91.4193,106.8538,FALSE,TRUE,may-2026,2026-07-16T10:41:25+0200
2026-07-01,rw_v1,DE,G477,2026-03-01,111.2,1,2026-04-01,111.3393,110.1242,113.2758,107.6246,114.2277,FALSE,FALSE,may-2026,2026-07-16T10:41:25+0200
2026-07-01,rw_v1,DE,G477,2026-03-01,111.2,2,2026-05-01,111.4238,109.9137,113.0186,108.7408,114.3728,FALSE,FALSE,may-2026,2026-07-16T10:41:25+0200
2026-07-01,rw_v1,DE,G477,2026-03-01,111.2,3,2026-06-01,111.6238,110.4721,112.8865,107.7834,115.971,FALSE,FALSE,may-2026,2026-07-16T10:41:25+0200
2026-07-01,rw_v1,DE,G477,2026-03-01,111.2,4,2026-07-01,111.7865,109.7915,113.1773,106.8927,115.9939,FALSE,FALSE,may-2026,2026-07-16T10:41:25+0200
2026-07-01,rw_v1,DE,G479,2026-03-01,111.9,1,2026-04-01,112.2893,110.4698,114.1466,108.4532,116.1203,FALSE,FALSE,may-2026,2026-07-16T10:41:25+0200
2026-07-01,rw_v1,DE,G479,2026-03-01,111.9,2,2026-05-01,112.5896,110.5862,114.5242,109.0486,116.4722,FALSE,FALSE,may-2026,2026-07-16T10:41:25+0200
2026-07-01,rw_v1,DE,G479,2026-03-01,111.9,3,2026-06-01,113.141,110.6008,115.0643,108.1189,117.6033,FALSE,FALSE,may-2026,2026-07-16T10:41:25+0200
2026-07-01,rw_v1,DE,G479,2026-03-01,111.9,4,2026-07-01,113.5832,110.2454,115.5734,108.0774,120.0957,FALSE,FALSE,may-2026,2026-07-16T10:41:25+0200
2026-07-01,rw_v1,DK,G47_FOOD,2026-03-01,91,1,2026-04-01,90.8647,90.274,91.7077,89.6,92.5118,FALSE,FALSE,may-2026,2026-07-16T10:41:25+0200
2026-07-01,rw_v1,DK,G47_FOOD,2026-03-01,91,2,2026-05-01,90.9009,90.0826,91.7202,89.2574,93.0336,FALSE,FALSE,may-2026,2026-07-16T10:41:25+0200
2026-07-01,rw_v1,DK,G47_FOOD,2026-03-01,91,3,2026-06-01,90.8442,89.9102,91.6492,88.3981,92.6318,FALSE,FALSE,may-2026,2026-07-16T10:41:25+0200
2026-07-01,rw_v1,DK,G47_FOOD,2026-03-01,91,4,2026-07-01,90.732,89.7341,91.5613,88.5636,93.1635,FALSE,FALSE,may-2026,2026-07-16T10:41:25+0200
2026-07-01,rw_v1,DK,G47_NFOOD_X_G473,2026-03-01,114.3,1,2026-04-01,114.5738,113.3309,115.7658,111.9577,116.9939,FALSE,FALSE,may-2026,2026-07-16T10:41:25+0200
2026-07-01,rw_v1,DK,G47_NFOOD_X_G473,2026-03-01,114.3,2,2026-05-01,115.0584,113.2032,116.1638,110.3795,117.4358,FALSE,FALSE,may-2026,2026-07-16T10:41:25+0200
2026-07-01,rw_v1,DK,G47_NFOOD_X_G473,2026-03-01,114.3,3,2026-06-01,115.4093,113.5609,116.3727,110.673,118.3174,FALSE,FALSE,may-2026,2026-07-16T10:41:25+0200
2026-07-01,rw_v1,DK,G47_NFOOD_X_G473,2026-03-01,114.3,4,2026-07-01,115.4786,113.9756,117.0705,111.3426,119.1006,FALSE,FALSE,may-2026,2026-07-16T10:41:25+0200
2026-07-01,rw_v1,DK,G474,2026-03-01,144.8,1,2026-04-01,145.3991,141.4106,149.5333,138.3186,155.2168,FALSE,FALSE,may-2026,2026-07-16T10:41:25+0200
2026-07-01,rw_v1,DK,G474,2026-03-01,144.8,2,2026-05-01,146.2338,142.5412,151.1428,138.9273,155.9305,FALSE,FALSE,may-2026,2026-07-16T10:41:25+0200
2026-07-01,rw_v1,DK,G474,2026-03-01,144.8,3,2026-06-01,146.8831,142.3603,153.9417,138.8354,159.045,FALSE,FALSE,may-2026,2026-07-16T10:41:25+0200
2026-07-01,rw_v1,DK,G474,2026-03-01,144.8,4,2026-07-01,149.2415,142.6608,154.6914,137.9737,159.6788,FALSE,FALSE,may-2026,2026-07-16T10:41:25+0200
2026-07-01,rw_v1,DK,G475,2026-03-01,106.4,1,2026-04-01,106.5371,105.1973,107.9072,103.1071,109.3466,FALSE,FALSE,may-2026,2026-07-16T10:41:25+0200
2026-07-01,rw_v1,DK,G475,2026-03-01,106.4,2,2026-05-01,107.1057,105.3596,108.0155,101.03,110.5686,FALSE,FALSE,may-2026,2026-07-16T10:41:25+0200
2026-07-01,rw_v1,DK,G475,2026-03-01,106.4,3,2026-06-01,107.337,105.0015,108.7966,100.1338,111.8487,FALSE,FALSE,may-2026,2026-07-16T10:41:25+0200
2026-07-01,rw_v1,DK,G475,2026-03-01,106.4,4,2026-07-01,107.7785,105.4401,109.5206,99.1314,113.0849,FALSE,FALSE,may-2026,2026-07-16T10:41:25+0200
2026-07-01,rw_v1,DK,G476,2026-03-01,117.4,1,2026-04-01,118.081,114.0759,121.0852,106.953,127.4483,FALSE,TRUE,may-2026,2026-07-16T10:41:25+0200
2026-07-01,rw_v1,DK,G476,2026-03-01,117.4,2,2026-05-01,118.3102,112.4218,122.1242,105.4537,129.6511,FALSE,TRUE,may-2026,2026-07-16T10:41:25+0200
2026-07-01,rw_v1,DK,G476,2026-03-01,117.4,3,2026-06-01,118.2108,112.1388,123.1732,105.8913,129.9331,FALSE,TRUE,may-2026,2026-07-16T10:41:25+0200
2026-07-01,rw_v1,DK,G476,2026-03-01,117.4,4,2026-07-01,119.365,112.786,123.7807,104.1388,128.1742,FALSE,TRUE,may-2026,2026-07-16T10:41:25+0200
2026-07-01,rw_v1,DK,G477,2026-03-01,117.9,1,2026-04-01,118.2239,117.0772,119.6709,115.2554,120.7273,FALSE,FALSE,may-2026,2026-07-16T10:41:25+0200
2026-07-01,rw_v1,DK,G477,2026-03-01,117.9,2,2026-05-01,118.484,117.3982,119.9951,115.4212,122.9078,FALSE,FALSE,may-2026,2026-07-16T10:41:25+0200
2026-07-01,rw_v1,DK,G477,2026-03-01,117.9,3,2026-06-01,118.8689,117.5927,120.6965,114.0373,122.7543,FALSE,FALSE,may-2026,2026-07-16T10:41:25+0200
2026-07-01,rw_v1,DK,G477,2026-03-01,117.9,4,2026-07-01,119.2805,117.7013,120.9443,114.3486,123.1094,FALSE,FALSE,may-2026,2026-07-16T10:41:25+0200
2026-07-01,rw_v1,DK,G479,2026-03-01,105.7,1,2026-04-01,106.1118,104.7386,107.2707,102.5816,108.5667,FALSE,FALSE,may-2026,2026-07-16T10:41:25+0200
2026-07-01,rw_v1,DK,G479,2026-03-01,105.7,2,2026-05-01,106.5926,104.6516,107.8802,100.826,110.3679,FALSE,FALSE,may-2026,2026-07-16T10:41:25+0200
2026-07-01,rw_v1,DK,G479,2026-03-01,105.7,3,2026-06-01,106.9875,104.8266,108.5188,100.5935,111.6416,FALSE,FALSE,may-2026,2026-07-16T10:41:25+0200
2026-07-01,rw_v1,DK,G479,2026-03-01,105.7,4,2026-07-01,107.447,104.5893,109.3337,98.959,113.5143,FALSE,FALSE,may-2026,2026-07-16T10:41:25+0200
2026-07-01,rw_v1,EA21,G47_FOOD,2026-03-01,97.7,1,2026-04-01,97.647,97.2155,98.1768,96.7464,98.7173,FALSE,FALSE,may-2026,2026-07-16T10:41:25+0200
2026-07-01,rw_v1,EA21,G47_FOOD,2026-03-01,97.7,2,2026-05-01,97.7965,97.2468,98.2282,96.5615,98.6687,FALSE,FALSE,may-2026,2026-07-16T10:41:25+0200
2026-07-01,rw_v1,EA21,G47_FOOD,2026-03-01,97.7,3,2026-06-01,97.8532,97.2206,98.3714,96.2739,98.7685,FALSE,FALSE,may-2026,2026-07-16T10:41:25+0200
2026-07-01,rw_v1,EA21,G47_FOOD,2026-03-01,97.7,4,2026-07-01,97.8048,97.1446,98.4558,95.7766,99.38,FALSE,FALSE,may-2026,2026-07-16T10:41:25+0200
2026-07-01,rw_v1,EA21,G47_NFOOD_X_G473,2026-03-01,110.2,1,2026-04-01,110.4166,109.707,111.151,108.6423,112.2393,FALSE,FALSE,may-2026,2026-07-16T10:41:25+0200
2026-07-01,rw_v1,EA21,G47_NFOOD_X_G473,2026-03-01,110.2,2,2026-05-01,110.5318,109.886,111.3221,108.8502,112.4699,FALSE,FALSE,may-2026,2026-07-16T10:41:25+0200
2026-07-01,rw_v1,EA21,G47_NFOOD_X_G473,2026-03-01,110.2,3,2026-06-01,110.7361,109.8537,111.6177,108.5799,112.6363,FALSE,FALSE,may-2026,2026-07-16T10:41:25+0200
2026-07-01,rw_v1,EA21,G47_NFOOD_X_G473,2026-03-01,110.2,4,2026-07-01,110.968,109.8726,111.7461,108.6455,112.973,FALSE,FALSE,may-2026,2026-07-16T10:41:25+0200
2026-07-01,rw_v1,EA21,G474,2026-03-01,123.6,1,2026-04-01,124.1102,122.537,125.2599,120.7525,127.1899,FALSE,FALSE,may-2026,2026-07-16T10:41:25+0200
2026-07-01,rw_v1,EA21,G474,2026-03-01,123.6,2,2026-05-01,124.6351,122.5902,125.714,120.7997,127.4364,FALSE,FALSE,may-2026,2026-07-16T10:41:25+0200
2026-07-01,rw_v1,EA21,G474,2026-03-01,123.6,3,2026-06-01,124.7263,123.3408,126.6268,120.6787,128.1508,FALSE,FALSE,may-2026,2026-07-16T10:41:25+0200
2026-07-01,rw_v1,EA21,G474,2026-03-01,123.6,4,2026-07-01,125.2674,123.568,126.7274,119.8545,129.1034,FALSE,FALSE,may-2026,2026-07-16T10:41:25+0200
2026-07-01,rw_v1,EA21,G475,2026-03-01,91.7,1,2026-04-01,91.5976,90.9283,92.238,90.0522,93.1067,FALSE,FALSE,may-2026,2026-07-16T10:41:25+0200
2026-07-01,rw_v1,EA21,G475,2026-03-01,91.7,2,2026-05-01,91.5442,90.6226,92.3241,89.0739,93.3504,FALSE,FALSE,may-2026,2026-07-16T10:41:25+0200
2026-07-01,rw_v1,EA21,G475,2026-03-01,91.7,3,2026-06-01,91.597,90.4556,92.3752,88.2597,93.1783,FALSE,FALSE,may-2026,2026-07-16T10:41:25+0200
2026-07-01,rw_v1,EA21,G475,2026-03-01,91.7,4,2026-07-01,91.4171,89.9839,92.2568,87.967,93.7715,FALSE,FALSE,may-2026,2026-07-16T10:41:25+0200
2026-07-01,rw_v1,EA21,G476,2026-03-01,109.1,1,2026-04-01,109.0816,108.0033,110.2186,106.435,112.4901,FALSE,FALSE,may-2026,2026-07-16T10:41:25+0200
2026-07-01,rw_v1,EA21,G476,2026-03-01,109.1,2,2026-05-01,108.9634,107.8544,110.5967,105.4923,113.6397,FALSE,FALSE,may-2026,2026-07-16T10:41:25+0200
2026-07-01,rw_v1,EA21,G476,2026-03-01,109.1,3,2026-06-01,109.0084,107.7657,111.1221,104.8383,113.6146,FALSE,FALSE,may-2026,2026-07-16T10:41:25+0200
2026-07-01,rw_v1,EA21,G476,2026-03-01,109.1,4,2026-07-01,109.2126,107.5245,111.2296,104.9654,114.6031,FALSE,FALSE,may-2026,2026-07-16T10:41:25+0200
2026-07-01,rw_v1,EA21,G477,2026-03-01,114.3,1,2026-04-01,114.6237,113.6471,115.3113,112.5019,116.3056,FALSE,FALSE,may-2026,2026-07-16T10:41:25+0200
2026-07-01,rw_v1,EA21,G477,2026-03-01,114.3,2,2026-05-01,114.6383,113.9386,115.458,112.4448,116.8869,FALSE,FALSE,may-2026,2026-07-16T10:41:25+0200
2026-07-01,rw_v1,EA21,G477,2026-03-01,114.3,3,2026-06-01,114.8587,113.9072,115.9332,112.5607,117.483,FALSE,FALSE,may-2026,2026-07-16T10:41:25+0200
2026-07-01,rw_v1,EA21,G477,2026-03-01,114.3,4,2026-07-01,115.0591,113.7869,115.9434,112.0293,118.059,FALSE,FALSE,may-2026,2026-07-16T10:41:25+0200
2026-07-01,rw_v1,EA21,G479,2026-03-01,110.6,1,2026-04-01,110.8512,110.0915,112.1086,108.4349,113.9457,FALSE,FALSE,may-2026,2026-07-16T10:41:25+0200
2026-07-01,rw_v1,EA21,G479,2026-03-01,110.6,2,2026-05-01,111.3071,110.0397,112.579,108.4649,114.5216,FALSE,FALSE,may-2026,2026-07-16T10:41:25+0200
2026-07-01,rw_v1,EA21,G479,2026-03-01,110.6,3,2026-06-01,111.7076,109.7733,113.0739,108.0009,115.6202,FALSE,FALSE,may-2026,2026-07-16T10:41:25+0200
2026-07-01,rw_v1,EA21,G479,2026-03-01,110.6,4,2026-07-01,112.3528,109.7588,113.7373,107.8239,117.1974,FALSE,FALSE,may-2026,2026-07-16T10:41:25+0200
2026-07-01,rw_v1,EE,G47_FOOD,2026-03-01,85.5,1,2026-04-01,85.3608,84.8065,85.9546,84.1354,86.6324,FALSE,FALSE,may-2026,2026-07-16T10:41:25+0200
2026-07-01,rw_v1,EE,G47_FOOD,2026-03-01,85.5,2,2026-05-01,85.3381,84.4699,85.9667,83.8646,86.5333,FALSE,FALSE,may-2026,2026-07-16T10:41:25+0200
2026-07-01,rw_v1,EE,G47_FOOD,2026-03-01,85.5,3,2026-06-01,85.0558,84.277,86.1371,83.467,86.8863,FALSE,FALSE,may-2026,2026-07-16T10:41:25+0200
2026-07-01,rw_v1,EE,G47_FOOD,2026-03-01,85.5,4,2026-07-01,85.1323,83.8992,85.9729,82.8732,86.9438,FALSE,FALSE,may-2026,2026-07-16T10:41:25+0200
2026-07-01,rw_v1,EE,G47_NFOOD_X_G473,2026-03-01,97.8,1,2026-04-01,97.9962,96.0995,99.818,94.1434,101.4793,FALSE,FALSE,may-2026,2026-07-16T10:41:25+0200
2026-07-01,rw_v1,EE,G47_NFOOD_X_G473,2026-03-01,97.8,2,2026-05-01,98.064,95.3744,100.2285,91.9798,103.2864,FALSE,FALSE,may-2026,2026-07-16T10:41:25+0200
2026-07-01,rw_v1,EE,G47_NFOOD_X_G473,2026-03-01,97.8,3,2026-06-01,98.5671,95.0977,101.2122,91.7136,104.6647,FALSE,FALSE,may-2026,2026-07-16T10:41:25+0200
2026-07-01,rw_v1,EE,G47_NFOOD_X_G473,2026-03-01,97.8,4,2026-07-01,98.5455,95.7667,101.5139,91.8781,103.8677,FALSE,FALSE,may-2026,2026-07-16T10:41:25+0200
2026-07-01,rw_v1,EL,G47_FOOD,2026-02-01,105.7,1,2026-03-01,106.0086,103.7577,108.3057,100.7838,110.4009,FALSE,FALSE,may-2026,2026-07-16T10:41:25+0200
2026-07-01,rw_v1,EL,G47_FOOD,2026-02-01,105.7,2,2026-04-01,105.5007,102.8878,109.0675,101.5745,110.774,FALSE,FALSE,may-2026,2026-07-16T10:41:25+0200
2026-07-01,rw_v1,EL,G47_FOOD,2026-02-01,105.7,3,2026-05-01,106.1771,103.684,108.991,101.8388,110.6581,FALSE,FALSE,may-2026,2026-07-16T10:41:25+0200
2026-07-01,rw_v1,EL,G47_FOOD,2026-02-01,105.7,4,2026-06-01,106.4419,103.1347,109.6021,100.716,111.672,FALSE,FALSE,may-2026,2026-07-16T10:41:25+0200
2026-07-01,rw_v1,EL,G47_FOOD,2026-02-01,105.7,5,2026-07-01,106.2909,103.6639,109.3751,100.4112,113.4905,FALSE,FALSE,may-2026,2026-07-16T10:41:25+0200
2026-07-01,rw_v1,EL,G47_NFOOD_X_G473,2026-02-01,113.3,1,2026-03-01,113.0778,112.2849,115.1228,111.0241,117.145,FALSE,FALSE,may-2026,2026-07-16T10:41:25+0200
2026-07-01,rw_v1,EL,G47_NFOOD_X_G473,2026-02-01,113.3,2,2026-04-01,113.9041,112.7992,115.4792,110.9378,117.5431,FALSE,FALSE,may-2026,2026-07-16T10:41:25+0200
2026-07-01,rw_v1,EL,G47_NFOOD_X_G473,2026-02-01,113.3,3,2026-05-01,114.0611,112.5181,116.1552,109.7291,120.118,FALSE,FALSE,may-2026,2026-07-16T10:41:25+0200
2026-07-01,rw_v1,EL,G47_NFOOD_X_G473,2026-02-01,113.3,4,2026-06-01,114.6011,113.189,116.0113,109.2966,119.8848,FALSE,FALSE,may-2026,2026-07-16T10:41:25+0200
2026-07-01,rw_v1,EL,G47_NFOOD_X_G473,2026-02-01,113.3,5,2026-07-01,115.1077,112.7644,116.5512,109.6201,121.9523,FALSE,FALSE,may-2026,2026-07-16T10:41:25+0200
2026-07-01,rw_v1,EL,G479,2026-02-01,89.3,1,2026-03-01,90.7909,84.2805,94.2693,78.1539,101.0479,FALSE,TRUE,may-2026,2026-07-16T10:41:25+0200
2026-07-01,rw_v1,EL,G479,2026-02-01,89.3,2,2026-04-01,90.1207,83.5948,96.073,72.9987,102.7484,FALSE,TRUE,may-2026,2026-07-16T10:41:25+0200
2026-07-01,rw_v1,EL,G479,2026-02-01,89.3,3,2026-05-01,89.9644,83.9606,97.0619,73.9764,106.2982,FALSE,TRUE,may-2026,2026-07-16T10:41:25+0200
2026-07-01,rw_v1,EL,G479,2026-02-01,89.3,4,2026-06-01,90.7151,82.7436,98.9812,69.2943,108.5548,FALSE,TRUE,may-2026,2026-07-16T10:41:25+0200
2026-07-01,rw_v1,EL,G479,2026-02-01,89.3,5,2026-07-01,92.1144,82.1579,99.4919,71.0724,107.2226,FALSE,TRUE,may-2026,2026-07-16T10:41:25+0200
2026-07-01,rw_v1,ES,G47_FOOD,2026-03-01,106.8,1,2026-04-01,107.0294,106.3793,107.6061,105.716,108.115,FALSE,FALSE,may-2026,2026-07-16T10:41:25+0200
2026-07-01,rw_v1,ES,G47_FOOD,2026-03-01,106.8,2,2026-05-01,107.0729,106.1709,107.7994,105.4127,108.4773,FALSE,FALSE,may-2026,2026-07-16T10:41:25+0200
2026-07-01,rw_v1,ES,G47_FOOD,2026-03-01,106.8,3,2026-06-01,107.0864,106.3071,107.9702,105.2013,108.6303,FALSE,FALSE,may-2026,2026-07-16T10:41:25+0200
2026-07-01,rw_v1,ES,G47_FOOD,2026-03-01,106.8,4,2026-07-01,107.3793,106.2511,108.1631,104.8572,108.9882,FALSE,FALSE,may-2026,2026-07-16T10:41:25+0200
2026-07-01,rw_v1,ES,G47_NFOOD_X_G473,2026-03-01,124.1,1,2026-04-01,124.4923,123.6664,125.5118,122.3466,126.8368,FALSE,FALSE,may-2026,2026-07-16T10:41:25+0200
2026-07-01,rw_v1,ES,G47_NFOOD_X_G473,2026-03-01,124.1,2,2026-05-01,124.6362,123.6465,125.9671,122.9635,127.067,FALSE,FALSE,may-2026,2026-07-16T10:41:25+0200
2026-07-01,rw_v1,ES,G47_NFOOD_X_G473,2026-03-01,124.1,3,2026-06-01,125.1051,124.0605,126.3387,122.8088,128.2958,FALSE,FALSE,may-2026,2026-07-16T10:41:25+0200
2026-07-01,rw_v1,ES,G47_NFOOD_X_G473,2026-03-01,124.1,4,2026-07-01,125.6748,124.0081,126.9111,122.892,128.5167,FALSE,FALSE,may-2026,2026-07-16T10:41:25+0200
2026-07-01,rw_v1,ES,G474,2026-03-01,181.7,1,2026-04-01,183.6001,182.5626,184.6505,181.2909,185.7909,FALSE,FALSE,may-2026,2026-07-16T10:41:25+0200
2026-07-01,rw_v1,ES,G474,2026-03-01,181.7,2,2026-05-01,185.2977,184.3464,186.857,183.1226,187.4927,FALSE,FALSE,may-2026,2026-07-16T10:41:25+0200
2026-07-01,rw_v1,ES,G474,2026-03-01,181.7,3,2026-06-01,187.4656,185.8638,188.4927,184.2503,189.7657,FALSE,FALSE,may-2026,2026-07-16T10:41:25+0200
2026-07-01,rw_v1,ES,G474,2026-03-01,181.7,4,2026-07-01,189.4261,187.7931,190.9854,185.0392,192.7749,FALSE,FALSE,may-2026,2026-07-16T10:41:25+0200
2026-07-01,rw_v1,ES,G475,2026-03-01,111.9,1,2026-04-01,112.1976,111.678,112.6678,111.3726,113.0341,FALSE,FALSE,may-2026,2026-07-16T10:41:25+0200
2026-07-01,rw_v1,ES,G475,2026-03-01,111.9,2,2026-05-01,112.3795,112.062,113.1145,111.6822,113.3952,FALSE,FALSE,may-2026,2026-07-16T10:41:25+0200
2026-07-01,rw_v1,ES,G475,2026-03-01,111.9,3,2026-06-01,112.7629,112.35,113.0739,111.6946,113.6099,FALSE,FALSE,may-2026,2026-07-16T10:41:25+0200
2026-07-01,rw_v1,ES,G475,2026-03-01,111.9,4,2026-07-01,113.025,112.3161,113.6767,111.929,114.0158,FALSE,FALSE,may-2026,2026-07-16T10:41:25+0200
2026-07-01,rw_v1,ES,G476,2026-03-01,125.4,1,2026-04-01,125.4246,124.2904,126.3996,123.4775,127.6352,FALSE,FALSE,may-2026,2026-07-16T10:41:25+0200
2026-07-01,rw_v1,ES,G476,2026-03-01,125.4,2,2026-05-01,125.6261,123.9217,126.6959,122.9012,127.9768,FALSE,FALSE,may-2026,2026-07-16T10:41:25+0200
2026-07-01,rw_v1,ES,G476,2026-03-01,125.4,3,2026-06-01,125.6798,123.7011,126.7815,122.2197,128.3621,FALSE,FALSE,may-2026,2026-07-16T10:41:25+0200
2026-07-01,rw_v1,ES,G476,2026-03-01,125.4,4,2026-07-01,125.0092,124.0094,127.0548,122.7306,128.687,FALSE,FALSE,may-2026,2026-07-16T10:41:25+0200
2026-07-01,rw_v1,ES,G477,2026-03-01,122.9,1,2026-04-01,123.0489,122.484,123.5702,121.5529,124.3864,FALSE,FALSE,may-2026,2026-07-16T10:41:25+0200
2026-07-01,rw_v1,ES,G477,2026-03-01,122.9,2,2026-05-01,123.3263,122.8017,123.8726,121.8904,124.8962,FALSE,FALSE,may-2026,2026-07-16T10:41:25+0200
2026-07-01,rw_v1,ES,G477,2026-03-01,122.9,3,2026-06-01,123.5838,122.7184,124.6307,121.8996,124.9832,FALSE,FALSE,may-2026,2026-07-16T10:41:25+0200
2026-07-01,rw_v1,ES,G477,2026-03-01,122.9,4,2026-07-01,123.7144,122.9196,124.6459,121.7152,125.3642,FALSE,FALSE,may-2026,2026-07-16T10:41:25+0200
2026-07-01,rw_v1,ES,G479,2026-03-01,115.2,1,2026-04-01,115.5101,114.3156,116.7368,113.1841,118.0702,FALSE,FALSE,may-2026,2026-07-16T10:41:25+0200
2026-07-01,rw_v1,ES,G479,2026-03-01,115.2,2,2026-05-01,115.7915,114.6341,117.4632,113.5637,118.5943,FALSE,FALSE,may-2026,2026-07-16T10:41:25+0200
2026-07-01,rw_v1,ES,G479,2026-03-01,115.2,3,2026-06-01,116.2352,114.6087,117.8857,112.8284,119.05,FALSE,FALSE,may-2026,2026-07-16T10:41:25+0200
2026-07-01,rw_v1,ES,G479,2026-03-01,115.2,4,2026-07-01,116.9971,114.2804,118.796,112.6861,120.5629,FALSE,FALSE,may-2026,2026-07-16T10:41:25+0200
2026-07-01,rw_v1,FI,G47_FOOD,2026-03-01,95.1,1,2026-04-01,95.0221,94.1213,95.8878,93.6163,96.6279,FALSE,FALSE,may-2026,2026-07-16T10:41:25+0200
2026-07-01,rw_v1,FI,G47_FOOD,2026-03-01,95.1,2,2026-05-01,95.042,94.3542,95.8484,93.3856,96.7759,FALSE,FALSE,may-2026,2026-07-16T10:41:25+0200
2026-07-01,rw_v1,FI,G47_FOOD,2026-03-01,95.1,3,2026-06-01,95.0784,94.0964,95.7495,93.154,96.4969,FALSE,FALSE,may-2026,2026-07-16T10:41:25+0200
2026-07-01,rw_v1,FI,G47_FOOD,2026-03-01,95.1,4,2026-07-01,95.0405,94.0015,95.9428,93.0864,96.5519,FALSE,FALSE,may-2026,2026-07-16T10:41:25+0200
2026-07-01,rw_v1,FI,G47_NFOOD_X_G473,2026-03-01,95.6,1,2026-04-01,95.8319,94.7013,96.6577,93.1943,97.7712,FALSE,FALSE,may-2026,2026-07-16T10:41:25+0200
2026-07-01,rw_v1,FI,G47_NFOOD_X_G473,2026-03-01,95.6,2,2026-05-01,95.7967,94.4646,97.0883,93.2869,97.674,FALSE,FALSE,may-2026,2026-07-16T10:41:25+0200
2026-07-01,rw_v1,FI,G47_NFOOD_X_G473,2026-03-01,95.6,3,2026-06-01,95.6174,94.3251,97.0875,93.7889,98.0242,FALSE,FALSE,may-2026,2026-07-16T10:41:25+0200
2026-07-01,rw_v1,FI,G47_NFOOD_X_G473,2026-03-01,95.6,4,2026-07-01,95.7867,94.5192,97.0813,93.1637,98.214,FALSE,FALSE,may-2026,2026-07-16T10:41:25+0200
2026-07-01,rw_v1,FI,G474,2026-03-01,83.8,1,2026-04-01,83.7206,82.2945,85.3982,80.4318,86.6521,FALSE,FALSE,may-2026,2026-07-16T10:41:25+0200
2026-07-01,rw_v1,FI,G474,2026-03-01,83.8,2,2026-05-01,83.769,81.6814,85.8322,79.8712,87.7574,FALSE,FALSE,may-2026,2026-07-16T10:41:25+0200
2026-07-01,rw_v1,FI,G474,2026-03-01,83.8,3,2026-06-01,83.8957,81.6019,86.3012,79.122,88.2039,FALSE,FALSE,may-2026,2026-07-16T10:41:25+0200
2026-07-01,rw_v1,FI,G474,2026-03-01,83.8,4,2026-07-01,83.9269,81.2466,86.4319,77.9993,88.4383,FALSE,FALSE,may-2026,2026-07-16T10:41:25+0200
2026-07-01,rw_v1,FI,G475,2026-03-01,76.3,1,2026-04-01,76.0642,75.0834,77.2319,73.5123,78.4504,FALSE,FALSE,may-2026,2026-07-16T10:41:25+0200
2026-07-01,rw_v1,FI,G475,2026-03-01,76.3,2,2026-05-01,75.9452,74.1316,77.2239,72.7463,79.1662,FALSE,FALSE,may-2026,2026-07-16T10:41:25+0200
2026-07-01,rw_v1,FI,G475,2026-03-01,76.3,3,2026-06-01,75.5351,73.4997,77.3382,71.9171,79.2594,FALSE,FALSE,may-2026,2026-07-16T10:41:25+0200
2026-07-01,rw_v1,FI,G475,2026-03-01,76.3,4,2026-07-01,75.5212,73.1444,77.2282,71.3201,78.6981,FALSE,FALSE,may-2026,2026-07-16T10:41:25+0200
2026-07-01,rw_v1,FI,G476,2026-03-01,78.6,1,2026-04-01,78.5595,77.4277,79.5848,76.4833,80.3114,FALSE,FALSE,may-2026,2026-07-16T10:41:25+0200
2026-07-01,rw_v1,FI,G476,2026-03-01,78.6,2,2026-05-01,78.3013,77.2039,79.0481,76.5527,80.1652,FALSE,FALSE,may-2026,2026-07-16T10:41:25+0200
2026-07-01,rw_v1,FI,G476,2026-03-01,78.6,3,2026-06-01,77.9768,76.6851,79.5419,75.3359,81.2471,FALSE,FALSE,may-2026,2026-07-16T10:41:25+0200
2026-07-01,rw_v1,FI,G476,2026-03-01,78.6,4,2026-07-01,77.8862,76.1576,79.4419,74.5155,81.1239,FALSE,FALSE,may-2026,2026-07-16T10:41:25+0200
2026-07-01,rw_v1,FI,G477,2026-03-01,115.3,1,2026-04-01,115.7569,114.8184,116.6678,113.6397,117.7573,FALSE,FALSE,may-2026,2026-07-16T10:41:25+0200
2026-07-01,rw_v1,FI,G477,2026-03-01,115.3,2,2026-05-01,116.2876,114.8534,117.327,113.1972,119.0066,FALSE,FALSE,may-2026,2026-07-16T10:41:25+0200
2026-07-01,rw_v1,FI,G477,2026-03-01,115.3,3,2026-06-01,116.3185,114.9597,118.003,112.9884,119.0249,FALSE,FALSE,may-2026,2026-07-16T10:41:25+0200
2026-07-01,rw_v1,FI,G477,2026-03-01,115.3,4,2026-07-01,116.7576,115.0805,118.6073,113.5152,119.9201,FALSE,FALSE,may-2026,2026-07-16T10:41:25+0200
2026-07-01,rw_v1,FI,G479,2026-03-01,106.8,1,2026-04-01,107.4294,105.5577,109.2072,103.1238,110.9616,FALSE,FALSE,may-2026,2026-07-16T10:41:25+0200
2026-07-01,rw_v1,FI,G479,2026-03-01,106.8,2,2026-05-01,108.0166,105.5233,109.9563,103.0362,112.3606,FALSE,FALSE,may-2026,2026-07-16T10:41:25+0200
2026-07-01,rw_v1,FI,G479,2026-03-01,106.8,3,2026-06-01,108.0918,105.8656,111.1617,103.617,113.0703,FALSE,FALSE,may-2026,2026-07-16T10:41:25+0200
2026-07-01,rw_v1,FI,G479,2026-03-01,106.8,4,2026-07-01,108.5354,105.8049,112.047,103.1359,115.643,FALSE,FALSE,may-2026,2026-07-16T10:41:25+0200
2026-07-01,rw_v1,FR,G47_FOOD,2026-03-01,101.6,1,2026-04-01,101.7047,101.1177,102.1199,100.232,103.0231,FALSE,FALSE,may-2026,2026-07-16T10:41:25+0200
2026-07-01,rw_v1,FR,G47_FOOD,2026-03-01,101.6,2,2026-05-01,101.8067,101.151,102.3618,100.1806,103.0814,FALSE,FALSE,may-2026,2026-07-16T10:41:25+0200
2026-07-01,rw_v1,FR,G47_FOOD,2026-03-01,101.6,3,2026-06-01,101.9529,100.9761,102.6133,99.9895,103.4628,FALSE,FALSE,may-2026,2026-07-16T10:41:25+0200
2026-07-01,rw_v1,FR,G47_FOOD,2026-03-01,101.6,4,2026-07-01,101.9438,101.1159,102.8397,99.8409,104.0495,FALSE,FALSE,may-2026,2026-07-16T10:41:25+0200
2026-07-01,rw_v1,FR,G47_NFOOD_X_G473,2026-03-01,113.7,1,2026-04-01,113.8993,112.9951,114.7906,111.1849,116.1466,FALSE,FALSE,may-2026,2026-07-16T10:41:25+0200
2026-07-01,rw_v1,FR,G47_NFOOD_X_G473,2026-03-01,113.7,2,2026-05-01,114.092,113.3862,115.1165,111.8681,117.0761,FALSE,FALSE,may-2026,2026-07-16T10:41:25+0200
2026-07-01,rw_v1,FR,G47_NFOOD_X_G473,2026-03-01,113.7,3,2026-06-01,114.4901,113.2208,115.4819,111.6795,117.3489,FALSE,FALSE,may-2026,2026-07-16T10:41:25+0200
2026-07-01,rw_v1,FR,G47_NFOOD_X_G473,2026-03-01,113.7,4,2026-07-01,114.6782,113.7467,115.7209,111.9244,117.4603,FALSE,FALSE,may-2026,2026-07-16T10:41:25+0200
2026-07-01,rw_v1,FR,G474,2026-03-01,130.7,1,2026-04-01,131.4144,128.7794,133.1162,126.3343,136.2397,FALSE,FALSE,may-2026,2026-07-16T10:41:25+0200
2026-07-01,rw_v1,FR,G474,2026-03-01,130.7,2,2026-05-01,131.7511,128.7886,133.8737,125.0266,137.5131,FALSE,FALSE,may-2026,2026-07-16T10:41:25+0200
2026-07-01,rw_v1,FR,G474,2026-03-01,130.7,3,2026-06-01,132.2532,128.3859,134.9856,124.9616,140.2292,FALSE,FALSE,may-2026,2026-07-16T10:41:25+0200
2026-07-01,rw_v1,FR,G474,2026-03-01,130.7,4,2026-07-01,132.3176,130.1638,134.9428,125.5365,142.0845,FALSE,FALSE,may-2026,2026-07-16T10:41:25+0200
2026-07-01,rw_v1,FR,G475,2026-03-01,85.2,1,2026-04-01,85.2089,83.9732,86.1871,81.7187,87.7427,FALSE,FALSE,may-2026,2026-07-16T10:41:25+0200
2026-07-01,rw_v1,FR,G475,2026-03-01,85.2,2,2026-05-01,84.7818,83.5187,86.1333,81.6088,87.7041,FALSE,FALSE,may-2026,2026-07-16T10:41:25+0200
2026-07-01,rw_v1,FR,G475,2026-03-01,85.2,3,2026-06-01,84.5984,83.2445,86.0196,80.9621,87.5788,FALSE,FALSE,may-2026,2026-07-16T10:41:25+0200
2026-07-01,rw_v1,FR,G475,2026-03-01,85.2,4,2026-07-01,84.7665,82.8044,85.88,80.5435,87.7442,FALSE,FALSE,may-2026,2026-07-16T10:41:25+0200
2026-07-01,rw_v1,FR,G476,2026-03-01,112,1,2026-04-01,111.9664,110.8072,113.7028,108.0089,115.7188,FALSE,FALSE,may-2026,2026-07-16T10:41:25+0200
2026-07-01,rw_v1,FR,G476,2026-03-01,112,2,2026-05-01,112.1815,110.8133,113.7423,108.0734,116.3683,FALSE,FALSE,may-2026,2026-07-16T10:41:25+0200
2026-07-01,rw_v1,FR,G476,2026-03-01,112,3,2026-06-01,112.4259,110.7532,113.6783,107.51,116.1419,FALSE,FALSE,may-2026,2026-07-16T10:41:25+0200
2026-07-01,rw_v1,FR,G476,2026-03-01,112,4,2026-07-01,112.5369,110.5425,114.3349,108.1777,118.2883,FALSE,FALSE,may-2026,2026-07-16T10:41:25+0200
2026-07-01,rw_v1,FR,G477,2026-03-01,126.5,1,2026-04-01,126.894,125.4724,128.1367,123.6707,129.5702,FALSE,FALSE,may-2026,2026-07-16T10:41:25+0200
2026-07-01,rw_v1,FR,G477,2026-03-01,126.5,2,2026-05-01,127.4619,125.9537,128.7108,124.5483,130.595,FALSE,FALSE,may-2026,2026-07-16T10:41:25+0200
2026-07-01,rw_v1,FR,G477,2026-03-01,126.5,3,2026-06-01,127.8171,126.1648,129.3081,124.4202,131.6594,FALSE,FALSE,may-2026,2026-07-16T10:41:25+0200
2026-07-01,rw_v1,FR,G477,2026-03-01,126.5,4,2026-07-01,128.2337,126.7828,129.5348,124.3693,131.9739,FALSE,FALSE,may-2026,2026-07-16T10:41:25+0200
2026-07-01,rw_v1,FR,G479,2026-03-01,105.5,1,2026-04-01,105.8769,104.4658,107.1119,102.0651,108.979,FALSE,FALSE,may-2026,2026-07-16T10:41:25+0200
2026-07-01,rw_v1,FR,G479,2026-03-01,105.5,2,2026-05-01,105.9912,104.0593,107.8211,102.172,110.0174,FALSE,FALSE,may-2026,2026-07-16T10:41:25+0200
2026-07-01,rw_v1,FR,G479,2026-03-01,105.5,3,2026-06-01,105.873,104.2942,107.9813,101.3562,111.2057,FALSE,FALSE,may-2026,2026-07-16T10:41:25+0200
2026-07-01,rw_v1,FR,G479,2026-03-01,105.5,4,2026-07-01,106.4058,104.1361,108.5446,102.2728,111.5631,FALSE,FALSE,may-2026,2026-07-16T10:41:25+0200
2026-07-01,rw_v1,HR,G47_FOOD,2026-03-01,108.4,1,2026-04-01,108.3914,107.5312,109.8877,106.277,111.4688,FALSE,FALSE,may-2026,2026-07-16T10:41:25+0200
2026-07-01,rw_v1,HR,G47_FOOD,2026-03-01,108.4,2,2026-05-01,108.7307,107.4495,110.0441,106.1819,112.9079,FALSE,FALSE,may-2026,2026-07-16T10:41:25+0200
2026-07-01,rw_v1,HR,G47_FOOD,2026-03-01,108.4,3,2026-06-01,109.0788,107.5742,110.654,105.953,112.948,FALSE,FALSE,may-2026,2026-07-16T10:41:25+0200
2026-07-01,rw_v1,HR,G47_FOOD,2026-03-01,108.4,4,2026-07-01,109.3029,107.7363,111.0189,105.6194,113.0984,FALSE,FALSE,may-2026,2026-07-16T10:41:25+0200
2026-07-01,rw_v1,HR,G47_NFOOD_X_G473,2026-03-01,131.5,1,2026-04-01,131.9711,130.4731,134.0138,128.7281,135.301,FALSE,FALSE,may-2026,2026-07-16T10:41:25+0200
2026-07-01,rw_v1,HR,G47_NFOOD_X_G473,2026-03-01,131.5,2,2026-05-01,132.7337,131.0114,134.5059,128.8881,136.7772,FALSE,FALSE,may-2026,2026-07-16T10:41:25+0200
2026-07-01,rw_v1,HR,G47_NFOOD_X_G473,2026-03-01,131.5,3,2026-06-01,133.2311,131.4041,135.5492,129.5541,138.0451,FALSE,FALSE,may-2026,2026-07-16T10:41:25+0200
2026-07-01,rw_v1,HR,G47_NFOOD_X_G473,2026-03-01,131.5,4,2026-07-01,134.1753,131.5026,136.3245,129.5598,138.406,FALSE,FALSE,may-2026,2026-07-16T10:41:25+0200
2026-07-01,rw_v1,HU,G47_FOOD,2026-03-01,101.5,1,2026-04-01,101.5438,100.9182,102.4066,100.1994,103.043,FALSE,FALSE,may-2026,2026-07-16T10:41:25+0200
2026-07-01,rw_v1,HU,G47_FOOD,2026-03-01,101.5,2,2026-05-01,101.9061,101.0467,102.4232,99.9777,103.01,FALSE,FALSE,may-2026,2026-07-16T10:41:25+0200
2026-07-01,rw_v1,HU,G47_FOOD,2026-03-01,101.5,3,2026-06-01,101.9064,101.2957,102.7531,99.8508,103.394,FALSE,FALSE,may-2026,2026-07-16T10:41:25+0200
2026-07-01,rw_v1,HU,G47_FOOD,2026-03-01,101.5,4,2026-07-01,102.2584,101.3819,102.9936,99.1073,103.4486,FALSE,FALSE,may-2026,2026-07-16T10:41:25+0200
2026-07-01,rw_v1,HU,G47_NFOOD_X_G473,2026-03-01,112.4,1,2026-04-01,112.7591,111.733,113.6283,110.5971,115.1431,FALSE,FALSE,may-2026,2026-07-16T10:41:25+0200
2026-07-01,rw_v1,HU,G47_NFOOD_X_G473,2026-03-01,112.4,2,2026-05-01,113.0576,111.9027,114.0389,109.8003,116.0467,FALSE,FALSE,may-2026,2026-07-16T10:41:25+0200
2026-07-01,rw_v1,HU,G47_NFOOD_X_G473,2026-03-01,112.4,3,2026-06-01,113.6617,111.9997,114.6448,108.9499,116.553,FALSE,FALSE,may-2026,2026-07-16T10:41:25+0200
2026-07-01,rw_v1,HU,G47_NFOOD_X_G473,2026-03-01,112.4,4,2026-07-01,113.7561,112.5891,115.1505,108.1397,116.8121,FALSE,FALSE,may-2026,2026-07-16T10:41:25+0200
2026-07-01,rw_v1,IE,G47_FOOD,2026-03-01,96.1,1,2026-04-01,96.2788,95.8659,96.6968,95.4356,97.109,FALSE,FALSE,may-2026,2026-07-16T10:41:25+0200
2026-07-01,rw_v1,IE,G47_FOOD,2026-03-01,96.1,2,2026-05-01,96.2253,95.8293,96.9503,95.4145,97.7301,FALSE,FALSE,may-2026,2026-07-16T10:41:25+0200
2026-07-01,rw_v1,IE,G47_FOOD,2026-03-01,96.1,3,2026-06-01,96.4141,95.835,96.7694,95.5515,98.4004,FALSE,FALSE,may-2026,2026-07-16T10:41:25+0200
2026-07-01,rw_v1,IE,G47_FOOD,2026-03-01,96.1,4,2026-07-01,96.6265,95.7327,97.0939,95.4678,98.7376,FALSE,FALSE,may-2026,2026-07-16T10:41:25+0200
2026-07-01,rw_v1,IE,G47_NFOOD_X_G473,2026-03-01,121.6,1,2026-04-01,121.5261,120.303,122.3649,119.365,123.361,FALSE,FALSE,may-2026,2026-07-16T10:41:25+0200
2026-07-01,rw_v1,IE,G47_NFOOD_X_G473,2026-03-01,121.6,2,2026-05-01,121.0265,119.6867,122.1754,118.0894,123.5175,FALSE,FALSE,may-2026,2026-07-16T10:41:25+0200
2026-07-01,rw_v1,IE,G47_NFOOD_X_G473,2026-03-01,121.6,3,2026-06-01,120.8244,118.7692,122.0215,118.01220000000001,123.638,FALSE,FALSE,may-2026,2026-07-16T10:41:25+0200
2026-07-01,rw_v1,IE,G47_NFOOD_X_G473,2026-03-01,121.6,4,2026-07-01,120.6508,118.6993,121.9512,118.1112,122.804,FALSE,FALSE,may-2026,2026-07-16T10:41:25+0200
2026-07-01,rw_v1,IT,G47_FOOD,2026-03-01,93.1,1,2026-04-01,92.9015,92.3828,93.5965,91.9697,94.2099,FALSE,FALSE,may-2026,2026-07-16T10:41:25+0200
2026-07-01,rw_v1,IT,G47_FOOD,2026-03-01,93.1,2,2026-05-01,93.0014,92.2248,93.4156,91.5525,94.2434,FALSE,FALSE,may-2026,2026-07-16T10:41:25+0200
2026-07-01,rw_v1,IT,G47_FOOD,2026-03-01,93.1,3,2026-06-01,92.7924,92.1988,93.5055,91.5966,94.2661,FALSE,FALSE,may-2026,2026-07-16T10:41:25+0200
2026-07-01,rw_v1,IT,G47_FOOD,2026-03-01,93.1,4,2026-07-01,92.86,91.9629,93.6311,91.1222,94.2945,FALSE,FALSE,may-2026,2026-07-16T10:41:25+0200
2026-07-01,rw_v1,IT,G47_NFOOD_X_G473,2026-03-01,98.9,1,2026-04-01,98.9276,98.4123,99.3457,98.1032,99.684,FALSE,FALSE,may-2026,2026-07-16T10:41:25+0200
2026-07-01,rw_v1,IT,G47_NFOOD_X_G473,2026-03-01,98.9,2,2026-05-01,98.8422,98.4231,99.2524,97.8966,101.3236,FALSE,FALSE,may-2026,2026-07-16T10:41:25+0200
2026-07-01,rw_v1,IT,G47_NFOOD_X_G473,2026-03-01,98.9,3,2026-06-01,98.9188,98.3073,99.3276,97.7309,104.0788,FALSE,FALSE,may-2026,2026-07-16T10:41:25+0200
2026-07-01,rw_v1,IT,G47_NFOOD_X_G473,2026-03-01,98.9,4,2026-07-01,98.8165,98.0649,99.4328,97.0905,102.9894,FALSE,FALSE,may-2026,2026-07-16T10:41:25+0200
2026-07-01,rw_v1,IT,G474,2026-03-01,135.8,1,2026-04-01,136.4554,135.7302,137.0891,135.2146,137.7688,FALSE,FALSE,may-2026,2026-07-16T10:41:25+0200
2026-07-01,rw_v1,IT,G474,2026-03-01,135.8,2,2026-05-01,136.9221,136.2312,137.9743,135.5382,138.9545,FALSE,FALSE,may-2026,2026-07-16T10:41:25+0200
2026-07-01,rw_v1,IT,G474,2026-03-01,135.8,3,2026-06-01,137.461,136.6299,138.9183,135.5148,140.3553,FALSE,FALSE,may-2026,2026-07-16T10:41:25+0200
2026-07-01,rw_v1,IT,G474,2026-03-01,135.8,4,2026-07-01,138.078,136.8316,140.2099,135.5439,141.5509,FALSE,FALSE,may-2026,2026-07-16T10:41:25+0200
2026-07-01,rw_v1,IT,G475,2026-03-01,93.2,1,2026-04-01,93.1783,92.8079,93.4801,92.3478,94.0834,FALSE,FALSE,may-2026,2026-07-16T10:41:25+0200
2026-07-01,rw_v1,IT,G475,2026-03-01,93.2,2,2026-05-01,93.1139,92.5082,93.5882,91.9087,95.7904,FALSE,FALSE,may-2026,2026-07-16T10:41:25+0200
2026-07-01,rw_v1,IT,G475,2026-03-01,93.2,3,2026-06-01,93.1108,92.163,93.6335,91.2154,95.0128,FALSE,FALSE,may-2026,2026-07-16T10:41:25+0200
2026-07-01,rw_v1,IT,G475,2026-03-01,93.2,4,2026-07-01,93.1343,91.9104,93.7224,90.3242,94.9475,FALSE,FALSE,may-2026,2026-07-16T10:41:25+0200
2026-07-01,rw_v1,IT,G476,2026-03-01,97.1,1,2026-04-01,97.0032,96.2,97.7032,95.5638,98.4702,FALSE,FALSE,may-2026,2026-07-16T10:41:25+0200
2026-07-01,rw_v1,IT,G476,2026-03-01,97.1,2,2026-05-01,96.8981,96.2846,97.6986,95.7018,98.3187,FALSE,FALSE,may-2026,2026-07-16T10:41:25+0200
2026-07-01,rw_v1,IT,G476,2026-03-01,97.1,3,2026-06-01,96.8158,96.2014,97.5854,95.1391,98.3769,FALSE,FALSE,may-2026,2026-07-16T10:41:25+0200
2026-07-01,rw_v1,IT,G476,2026-03-01,97.1,4,2026-07-01,96.6731,95.7935,97.5284,95.1478,98.5465,FALSE,FALSE,may-2026,2026-07-16T10:41:25+0200
2026-07-01,rw_v1,IT,G477,2026-03-01,95.9,1,2026-04-01,95.7721,95.5911,95.902,95.2113,96.2675,FALSE,FALSE,may-2026,2026-07-16T10:41:25+0200
2026-07-01,rw_v1,IT,G477,2026-03-01,95.9,2,2026-05-01,95.6603,95.3775,95.8208,95.1103,96.5828,FALSE,FALSE,may-2026,2026-07-16T10:41:25+0200
2026-07-01,rw_v1,IT,G477,2026-03-01,95.9,3,2026-06-01,95.5016,95.1899,95.7146,94.9092,100.4206,FALSE,FALSE,may-2026,2026-07-16T10:41:25+0200
2026-07-01,rw_v1,IT,G477,2026-03-01,95.9,4,2026-07-01,95.3052,94.9694,95.6116,94.4919,96.6048,FALSE,FALSE,may-2026,2026-07-16T10:41:25+0200
2026-07-01,rw_v1,IT,G479,2026-03-01,107,1,2026-04-01,107.3788,106.5281,108.148,105.5872,108.8832,FALSE,FALSE,may-2026,2026-07-16T10:41:25+0200
2026-07-01,rw_v1,IT,G479,2026-03-01,107,2,2026-05-01,107.6039,106.6458,108.6923,105.7913,109.9321,FALSE,FALSE,may-2026,2026-07-16T10:41:25+0200
2026-07-01,rw_v1,IT,G479,2026-03-01,107,3,2026-06-01,108.0146,106.7293,109.2325,105.6357,110.9934,FALSE,FALSE,may-2026,2026-07-16T10:41:25+0200
2026-07-01,rw_v1,IT,G479,2026-03-01,107,4,2026-07-01,108.2997,106.6896,109.9237,105.5417,112.0588,FALSE,FALSE,may-2026,2026-07-16T10:41:25+0200
2026-07-01,rw_v1,LT,G47_FOOD,2026-03-01,96.3,1,2026-04-01,96.3015,95.6848,96.8995,94.3888,97.7166,FALSE,FALSE,may-2026,2026-07-16T10:41:25+0200
2026-07-01,rw_v1,LT,G47_FOOD,2026-03-01,96.3,2,2026-05-01,96.4015,95.3328,97.0041,94.0867,98.4099,FALSE,FALSE,may-2026,2026-07-16T10:41:25+0200
2026-07-01,rw_v1,LT,G47_FOOD,2026-03-01,96.3,3,2026-06-01,96.4653,95.2092,97.2234,93.6551,99.6422,FALSE,FALSE,may-2026,2026-07-16T10:41:25+0200
2026-07-01,rw_v1,LT,G47_FOOD,2026-03-01,96.3,4,2026-07-01,96.477,94.6248,97.4867,93.3496,99.5792,FALSE,FALSE,may-2026,2026-07-16T10:41:25+0200
2026-07-01,rw_v1,LT,G47_NFOOD_X_G473,2026-03-01,129.6,1,2026-04-01,130.3472,129.1609,131.2993,126.9966,132.558,FALSE,FALSE,may-2026,2026-07-16T10:41:25+0200
2026-07-01,rw_v1,LT,G47_NFOOD_X_G473,2026-03-01,129.6,2,2026-05-01,130.5902,129.2244,132.433,127.4299,134.4635,FALSE,FALSE,may-2026,2026-07-16T10:41:25+0200
2026-07-01,rw_v1,LT,G47_NFOOD_X_G473,2026-03-01,129.6,3,2026-06-01,131.2826,129.1345,133.3294,127.588,135.6173,FALSE,FALSE,may-2026,2026-07-16T10:41:25+0200
2026-07-01,rw_v1,LT,G47_NFOOD_X_G473,2026-03-01,129.6,4,2026-07-01,131.8117,129.5315,133.9404,126.8583,137.0579,FALSE,FALSE,may-2026,2026-07-16T10:41:25+0200
2026-07-01,rw_v1,LT,G474,2026-03-01,71.3,1,2026-04-01,71.707,69.294,74.2818,64.7187,75.9071,FALSE,TRUE,may-2026,2026-07-16T10:41:26+0200
2026-07-01,rw_v1,LT,G474,2026-03-01,71.3,2,2026-05-01,71.3762,66.9307,74.2689,62.0725,79.2222,FALSE,TRUE,may-2026,2026-07-16T10:41:26+0200
2026-07-01,rw_v1,LT,G474,2026-03-01,71.3,3,2026-06-01,71.3993,65.7159,74.3974,59.7248,81.4365,FALSE,TRUE,may-2026,2026-07-16T10:41:26+0200
2026-07-01,rw_v1,LT,G474,2026-03-01,71.3,4,2026-07-01,71.103,64.6233,74.7517,60.8357,77.3575,FALSE,TRUE,may-2026,2026-07-16T10:41:26+0200
2026-07-01,rw_v1,LT,G475,2026-03-01,112.6,1,2026-04-01,112.6585,111.3079,114.3482,109.0336,116.0891,FALSE,FALSE,may-2026,2026-07-16T10:41:26+0200
2026-07-01,rw_v1,LT,G475,2026-03-01,112.6,2,2026-05-01,112.9145,110.9454,115.3243,107.3887,119.0594,FALSE,FALSE,may-2026,2026-07-16T10:41:26+0200
2026-07-01,rw_v1,LT,G475,2026-03-01,112.6,3,2026-06-01,112.9501,110.0057,115.5516,106.3135,120.0408,FALSE,FALSE,may-2026,2026-07-16T10:41:26+0200
2026-07-01,rw_v1,LT,G475,2026-03-01,112.6,4,2026-07-01,113.006,109.6583,116.0057,106.51220000000001,121.7408,FALSE,FALSE,may-2026,2026-07-16T10:41:26+0200
2026-07-01,rw_v1,LT,G476,2026-03-01,105.2,1,2026-04-01,105.1445,102.1876,107.8193,99.7757,113.1133,FALSE,TRUE,may-2026,2026-07-16T10:41:26+0200
2026-07-01,rw_v1,LT,G476,2026-03-01,105.2,2,2026-05-01,105.7041,101.291,109.3921,98.2523,116.1626,FALSE,TRUE,may-2026,2026-07-16T10:41:26+0200
2026-07-01,rw_v1,LT,G476,2026-03-01,105.2,3,2026-06-01,105.2804,99.5359,110.0039,95.7787,120.5681,FALSE,TRUE,may-2026,2026-07-16T10:41:26+0200
2026-07-01,rw_v1,LT,G476,2026-03-01,105.2,4,2026-07-01,105.6842,97.5814,110.5126,94.0138,123.6259,FALSE,TRUE,may-2026,2026-07-16T10:41:26+0200
2026-07-01,rw_v1,LT,G477,2026-03-01,135.2,1,2026-04-01,136.5448,133.5169,138.0988,131.3858,140.4815,FALSE,FALSE,may-2026,2026-07-16T10:41:26+0200
2026-07-01,rw_v1,LT,G477,2026-03-01,135.2,2,2026-05-01,136.8711,133.9577,138.6573,130.9564,142.8625,FALSE,FALSE,may-2026,2026-07-16T10:41:26+0200
2026-07-01,rw_v1,LT,G477,2026-03-01,135.2,3,2026-06-01,136.6059,134.1365,139.1988,131.2682,146.1579,FALSE,FALSE,may-2026,2026-07-16T10:41:26+0200
2026-07-01,rw_v1,LT,G477,2026-03-01,135.2,4,2026-07-01,137.2085,133.5591,140.4185,131.7972,148.789,FALSE,FALSE,may-2026,2026-07-16T10:41:26+0200
2026-07-01,rw_v1,LT,G479,2026-03-01,159.8,1,2026-04-01,160.6306,158.0375,163.3159,156.531,167.1729,FALSE,TRUE,may-2026,2026-07-16T10:41:26+0200
2026-07-01,rw_v1,LT,G479,2026-03-01,159.8,2,2026-05-01,161.5589,159.0196,165.6685,153.9656,171.7847,FALSE,TRUE,may-2026,2026-07-16T10:41:26+0200
2026-07-01,rw_v1,LT,G479,2026-03-01,159.8,3,2026-06-01,163.2589,158.5567,169.1851,153.7216,178.2089,FALSE,TRUE,may-2026,2026-07-16T10:41:26+0200
2026-07-01,rw_v1,LT,G479,2026-03-01,159.8,4,2026-07-01,164.9833,158.7627,171.1378,154.6809,181.8533,FALSE,TRUE,may-2026,2026-07-16T10:41:26+0200
2026-07-01,rw_v1,LU,G47_FOOD,2026-03-01,100.6,1,2026-04-01,100.7626,99.233,102.6369,97.2411,104.9457,FALSE,FALSE,may-2026,2026-07-16T10:41:26+0200
2026-07-01,rw_v1,LU,G47_FOOD,2026-03-01,100.6,2,2026-05-01,101.0023,98.6108,102.7014,96.0272,105.7014,FALSE,FALSE,may-2026,2026-07-16T10:41:26+0200
2026-07-01,rw_v1,LU,G47_FOOD,2026-03-01,100.6,3,2026-06-01,100.8513,99.2152,102.8832,96.3489,105.999,FALSE,FALSE,may-2026,2026-07-16T10:41:26+0200
2026-07-01,rw_v1,LU,G47_FOOD,2026-03-01,100.6,4,2026-07-01,101.136,98.7281,103.3705,96.3075,107.0408,FALSE,FALSE,may-2026,2026-07-16T10:41:26+0200
2026-07-01,rw_v1,LU,G47_NFOOD_X_G473,2026-03-01,190.6,1,2026-04-01,195.2174,191.4372,199.1096,186.8061,204.1848,FALSE,TRUE,may-2026,2026-07-16T10:41:26+0200
2026-07-01,rw_v1,LU,G47_NFOOD_X_G473,2026-03-01,190.6,2,2026-05-01,199.7572,192.8559,206.6457,188.3029,213.3391,FALSE,TRUE,may-2026,2026-07-16T10:41:26+0200
2026-07-01,rw_v1,LU,G47_NFOOD_X_G473,2026-03-01,190.6,3,2026-06-01,203.3216,197.2519,211.5558,192.2259,221.5142,FALSE,TRUE,may-2026,2026-07-16T10:41:26+0200
2026-07-01,rw_v1,LU,G47_NFOOD_X_G473,2026-03-01,190.6,4,2026-07-01,207.9913,199.4266,216.2024,194.0637,229.3053,FALSE,TRUE,may-2026,2026-07-16T10:41:26+0200
2026-07-01,rw_v1,LV,G47_FOOD,2026-03-01,91.4,1,2026-04-01,91.2752,90.2941,92.301,89.6524,93.5267,FALSE,FALSE,may-2026,2026-07-16T10:41:26+0200
2026-07-01,rw_v1,LV,G47_FOOD,2026-03-01,91.4,2,2026-05-01,91.1271,90.1738,92.4043,89.0564,93.7143,FALSE,FALSE,may-2026,2026-07-16T10:41:26+0200
2026-07-01,rw_v1,LV,G47_FOOD,2026-03-01,91.4,3,2026-06-01,91.0795,89.9374,92.2903,88.7642,93.8226,FALSE,FALSE,may-2026,2026-07-16T10:41:26+0200
2026-07-01,rw_v1,LV,G47_FOOD,2026-03-01,91.4,4,2026-07-01,90.9394,89.6775,92.7969,88.0615,93.8285,FALSE,FALSE,may-2026,2026-07-16T10:41:26+0200
2026-07-01,rw_v1,LV,G47_NFOOD_X_G473,2026-03-01,118.3,1,2026-04-01,118.2835,117.3442,120.0092,115.8447,122.1117,FALSE,FALSE,may-2026,2026-07-16T10:41:26+0200
2026-07-01,rw_v1,LV,G47_NFOOD_X_G473,2026-03-01,118.3,2,2026-05-01,119.0533,117.1879,120.3794,115.1564,122.7132,FALSE,FALSE,may-2026,2026-07-16T10:41:26+0200
2026-07-01,rw_v1,LV,G47_NFOOD_X_G473,2026-03-01,118.3,3,2026-06-01,119.3578,116.79,121.3697,114.8548,123.1287,FALSE,FALSE,may-2026,2026-07-16T10:41:26+0200
2026-07-01,rw_v1,LV,G47_NFOOD_X_G473,2026-03-01,118.3,4,2026-07-01,119.3483,116.9276,121.4613,113.4158,123.9543,FALSE,FALSE,may-2026,2026-07-16T10:41:26+0200
2026-07-01,rw_v1,ME,G47_FOOD,2026-03-01,124.5,1,2026-04-01,125.2286,122.9077,127.1045,120.3616,129.5059,FALSE,FALSE,may-2026,2026-07-16T10:41:26+0200
2026-07-01,rw_v1,ME,G47_FOOD,2026-03-01,124.5,2,2026-05-01,125.9205,123.3456,127.7927,118.5694,131.9164,FALSE,FALSE,may-2026,2026-07-16T10:41:26+0200
2026-07-01,rw_v1,ME,G47_FOOD,2026-03-01,124.5,3,2026-06-01,126.4074,123.4671,128.905,119.5425,134.253,FALSE,FALSE,may-2026,2026-07-16T10:41:26+0200
2026-07-01,rw_v1,ME,G47_FOOD,2026-03-01,124.5,4,2026-07-01,126.996,124.77,129.7049,120.8431,133.7139,FALSE,FALSE,may-2026,2026-07-16T10:41:26+0200
2026-07-01,rw_v1,ME,G47_NFOOD_X_G473,2026-03-01,163,1,2026-04-01,164.1503,161.7337,166.2417,158.8257,170.2798,FALSE,FALSE,may-2026,2026-07-16T10:41:26+0200
2026-07-01,rw_v1,ME,G47_NFOOD_X_G473,2026-03-01,163,2,2026-05-01,164.7353,162.0789,167.1463,158.8348,171.9507,FALSE,FALSE,may-2026,2026-07-16T10:41:26+0200
2026-07-01,rw_v1,ME,G47_NFOOD_X_G473,2026-03-01,163,3,2026-06-01,165.4554,162.846,168.5365,159.4729,173.3745,FALSE,FALSE,may-2026,2026-07-16T10:41:26+0200
2026-07-01,rw_v1,ME,G47_NFOOD_X_G473,2026-03-01,163,4,2026-07-01,166.1697,162.3845,171.5656,159.6701,175.0955,FALSE,FALSE,may-2026,2026-07-16T10:41:26+0200
2026-07-01,rw_v1,MK,G47_FOOD,2026-02-01,105.7,1,2026-03-01,106.2851,103.5952,108.2456,101.605,110.3553,FALSE,FALSE,may-2026,2026-07-16T10:41:26+0200
2026-07-01,rw_v1,MK,G47_FOOD,2026-02-01,105.7,2,2026-04-01,106.0877,103.4716,108.539,100.5458,110.9888,FALSE,FALSE,may-2026,2026-07-16T10:41:26+0200
2026-07-01,rw_v1,MK,G47_FOOD,2026-02-01,105.7,3,2026-05-01,105.833,103.9309,107.9525,100.3654,111.4053,FALSE,FALSE,may-2026,2026-07-16T10:41:26+0200
2026-07-01,rw_v1,MK,G47_FOOD,2026-02-01,105.7,4,2026-06-01,105.9967,103.6112,108.7557,100.1105,111.1676,FALSE,FALSE,may-2026,2026-07-16T10:41:26+0200
2026-07-01,rw_v1,MK,G47_FOOD,2026-02-01,105.7,5,2026-07-01,106.421,103.0972,108.6853,99.945,112.5964,FALSE,FALSE,may-2026,2026-07-16T10:41:26+0200
2026-07-01,rw_v1,MK,G47_NFOOD_X_G473,2026-02-01,107,1,2026-03-01,107.5116,104.8675,110.0181,101.8479,112.5307,FALSE,TRUE,may-2026,2026-07-16T10:41:26+0200
2026-07-01,rw_v1,MK,G47_NFOOD_X_G473,2026-02-01,107,2,2026-04-01,107.3762,104.9823,110.6856,102.4394,114.5059,FALSE,TRUE,may-2026,2026-07-16T10:41:26+0200
2026-07-01,rw_v1,MK,G47_NFOOD_X_G473,2026-02-01,107,3,2026-05-01,107.866,104.3142,110.328,100.4743,115.6525,FALSE,TRUE,may-2026,2026-07-16T10:41:26+0200
2026-07-01,rw_v1,MK,G47_NFOOD_X_G473,2026-02-01,107,4,2026-06-01,107.6586,104.2336,112.0338,101.3832,118.62,FALSE,TRUE,may-2026,2026-07-16T10:41:26+0200
2026-07-01,rw_v1,MK,G47_NFOOD_X_G473,2026-02-01,107,5,2026-07-01,108.8695,104.9292,112.8561,100.73,119.1423,FALSE,TRUE,may-2026,2026-07-16T10:41:26+0200
2026-07-01,rw_v1,MT,G47_FOOD,2026-03-01,125.9,1,2026-04-01,126.608,125.0205,127.9194,123.9342,129.0882,FALSE,FALSE,may-2026,2026-07-16T10:41:26+0200
2026-07-01,rw_v1,MT,G47_FOOD,2026-03-01,125.9,2,2026-05-01,127.1571,125.3591,128.8654,123.5922,130.5663,FALSE,FALSE,may-2026,2026-07-16T10:41:26+0200
2026-07-01,rw_v1,MT,G47_FOOD,2026-03-01,125.9,3,2026-06-01,127.8644,125.4427,129.8714,123.6622,131.4175,FALSE,FALSE,may-2026,2026-07-16T10:41:26+0200
2026-07-01,rw_v1,MT,G47_FOOD,2026-03-01,125.9,4,2026-07-01,128.0277,125.9056,130.6677,123.7809,132.3793,FALSE,FALSE,may-2026,2026-07-16T10:41:26+0200
2026-07-01,rw_v1,MT,G47_NFOOD_X_G473,2026-03-01,124.6,1,2026-04-01,124.9448,123.3538,127.151,121.4582,129.15,FALSE,FALSE,may-2026,2026-07-16T10:41:26+0200
2026-07-01,rw_v1,MT,G47_NFOOD_X_G473,2026-03-01,124.6,2,2026-05-01,125.4548,123.7526,127.6652,121.7769,130.4151,FALSE,FALSE,may-2026,2026-07-16T10:41:26+0200
2026-07-01,rw_v1,MT,G47_NFOOD_X_G473,2026-03-01,124.6,3,2026-06-01,125.8358,123.9601,128.5485,122.4183,130.6446,FALSE,FALSE,may-2026,2026-07-16T10:41:26+0200
2026-07-01,rw_v1,MT,G47_NFOOD_X_G473,2026-03-01,124.6,4,2026-07-01,126.5878,123.8577,128.7402,121.9777,131.7037,FALSE,FALSE,may-2026,2026-07-16T10:41:26+0200
2026-07-01,rw_v1,NL,G47_FOOD,2026-03-01,88.9,1,2026-04-01,88.6165,88.008,89.4768,87.271,90.2393,FALSE,FALSE,may-2026,2026-07-16T10:41:26+0200
2026-07-01,rw_v1,NL,G47_FOOD,2026-03-01,88.9,2,2026-05-01,88.6083,87.7879,89.4182,86.805,90.3526,FALSE,FALSE,may-2026,2026-07-16T10:41:26+0200
2026-07-01,rw_v1,NL,G47_FOOD,2026-03-01,88.9,3,2026-06-01,88.4985,87.6617,89.6096,86.4882,90.7253,FALSE,FALSE,may-2026,2026-07-16T10:41:26+0200
2026-07-01,rw_v1,NL,G47_FOOD,2026-03-01,88.9,4,2026-07-01,88.5084,87.0756,89.4634,86.0787,91.0251,FALSE,FALSE,may-2026,2026-07-16T10:41:26+0200
2026-07-01,rw_v1,NL,G47_NFOOD_X_G473,2026-03-01,112.9,1,2026-04-01,113.0816,112.1685,114.3811,110.6751,115.3703,FALSE,FALSE,may-2026,2026-07-16T10:41:26+0200
2026-07-01,rw_v1,NL,G47_NFOOD_X_G473,2026-03-01,112.9,2,2026-05-01,113.2101,112.3131,114.3474,111.2753,116.2783,FALSE,FALSE,may-2026,2026-07-16T10:41:26+0200
2026-07-01,rw_v1,NL,G47_NFOOD_X_G473,2026-03-01,112.9,3,2026-06-01,113.7137,112.1836,114.7404,110.3705,116.3279,FALSE,FALSE,may-2026,2026-07-16T10:41:26+0200
2026-07-01,rw_v1,NL,G47_NFOOD_X_G473,2026-03-01,112.9,4,2026-07-01,113.8411,112.2873,114.9691,109.6645,117.6652,FALSE,FALSE,may-2026,2026-07-16T10:41:26+0200
2026-07-01,rw_v1,NL,G474,2026-03-01,103.8,1,2026-04-01,104.3674,101.4644,106.7902,98.2157,110.4492,FALSE,TRUE,may-2026,2026-07-16T10:41:26+0200
2026-07-01,rw_v1,NL,G474,2026-03-01,103.8,2,2026-05-01,104.2094,101.3788,106.9231,98.4629,110.0659,FALSE,TRUE,may-2026,2026-07-16T10:41:26+0200
2026-07-01,rw_v1,NL,G474,2026-03-01,103.8,3,2026-06-01,104.3614,101.3039,107.9893,95.5907,112.1008,FALSE,TRUE,may-2026,2026-07-16T10:41:26+0200
2026-07-01,rw_v1,NL,G474,2026-03-01,103.8,4,2026-07-01,104.2766,101.3277,108.1045,94.8369,113.4219,FALSE,TRUE,may-2026,2026-07-16T10:41:26+0200
2026-07-01,rw_v1,NL,G475,2026-03-01,95.6,1,2026-04-01,95.6401,94.1073,96.7673,92.9424,99.1453,FALSE,FALSE,may-2026,2026-07-16T10:41:26+0200
2026-07-01,rw_v1,NL,G475,2026-03-01,95.6,2,2026-05-01,95.4973,93.8134,96.918,92.0325,100.0161,FALSE,FALSE,may-2026,2026-07-16T10:41:26+0200
2026-07-01,rw_v1,NL,G475,2026-03-01,95.6,3,2026-06-01,95.7432,94.2178,97.2319,91.0255,100.8199,FALSE,FALSE,may-2026,2026-07-16T10:41:26+0200
2026-07-01,rw_v1,NL,G475,2026-03-01,95.6,4,2026-07-01,95.5884,93.7925,97.1775,90.148,101.2491,FALSE,FALSE,may-2026,2026-07-16T10:41:26+0200
2026-07-01,rw_v1,NL,G476,2026-03-01,113.6,1,2026-04-01,113.3735,111.7151,115.7877,110.1124,118.1886,FALSE,FALSE,may-2026,2026-07-16T10:41:26+0200
2026-07-01,rw_v1,NL,G476,2026-03-01,113.6,2,2026-05-01,113.573,111.7549,116,108.1325,119.8934,FALSE,FALSE,may-2026,2026-07-16T10:41:26+0200
2026-07-01,rw_v1,NL,G476,2026-03-01,113.6,3,2026-06-01,113.5098,111.1036,116.7696,106.5258,120.0284,FALSE,FALSE,may-2026,2026-07-16T10:41:26+0200
2026-07-01,rw_v1,NL,G476,2026-03-01,113.6,4,2026-07-01,113.9494,110.2148,117.229,106.6505,121.1866,FALSE,FALSE,may-2026,2026-07-16T10:41:26+0200
2026-07-01,rw_v1,NL,G477,2026-03-01,116.6,1,2026-04-01,116.6674,115.1421,119.1302,112.8164,120.8019,FALSE,FALSE,may-2026,2026-07-16T10:41:26+0200
2026-07-01,rw_v1,NL,G477,2026-03-01,116.6,2,2026-05-01,116.6703,115.236,119.2056,112.4969,121.3378,FALSE,FALSE,may-2026,2026-07-16T10:41:26+0200
2026-07-01,rw_v1,NL,G477,2026-03-01,116.6,3,2026-06-01,117.2154,114.4966,118.8915,111.3926,123.2771,FALSE,FALSE,may-2026,2026-07-16T10:41:26+0200
2026-07-01,rw_v1,NL,G477,2026-03-01,116.6,4,2026-07-01,116.8251,114.6364,119.3611,110.7224,123.1701,FALSE,FALSE,may-2026,2026-07-16T10:41:26+0200
2026-07-01,rw_v1,NL,G479,2026-03-01,116.8,1,2026-04-01,117.1514,115.8881,118.5725,114.9531,120.0261,FALSE,FALSE,may-2026,2026-07-16T10:41:26+0200
2026-07-01,rw_v1,NL,G479,2026-03-01,116.8,2,2026-05-01,117.8559,116.4778,119.2315,114.579,120.7879,FALSE,FALSE,may-2026,2026-07-16T10:41:26+0200
2026-07-01,rw_v1,NL,G479,2026-03-01,116.8,3,2026-06-01,118.3552,116.5493,120.1111,113.9036,121.6139,FALSE,FALSE,may-2026,2026-07-16T10:41:26+0200
2026-07-01,rw_v1,NL,G479,2026-03-01,116.8,4,2026-07-01,119.0639,116.9492,120.6337,113.9614,122.7901,FALSE,FALSE,may-2026,2026-07-16T10:41:26+0200
2026-07-01,rw_v1,NO,G47_FOOD,2026-03-01,89.3,1,2026-04-01,89.3311,88.5538,89.8684,87.3822,91.0169,FALSE,FALSE,may-2026,2026-07-16T10:41:26+0200
2026-07-01,rw_v1,NO,G47_FOOD,2026-03-01,89.3,2,2026-05-01,89.2512,88.6102,89.8481,86.7089,90.9145,FALSE,FALSE,may-2026,2026-07-16T10:41:26+0200
2026-07-01,rw_v1,NO,G47_FOOD,2026-03-01,89.3,3,2026-06-01,89.1362,88.4732,90.0186,85.7144,91.055,FALSE,FALSE,may-2026,2026-07-16T10:41:26+0200
2026-07-01,rw_v1,NO,G47_FOOD,2026-03-01,89.3,4,2026-07-01,89.1591,88.0479,89.9127,85.6235,91.2085,FALSE,FALSE,may-2026,2026-07-16T10:41:26+0200
2026-07-01,rw_v1,NO,G47_NFOOD_X_G473,2026-03-01,105.8,1,2026-04-01,106.1488,105.0881,107.1509,102.8021,108.0377,FALSE,FALSE,may-2026,2026-07-16T10:41:26+0200
2026-07-01,rw_v1,NO,G47_NFOOD_X_G473,2026-03-01,105.8,2,2026-05-01,106.4521,104.6616,107.8006,102.1153,108.9792,FALSE,FALSE,may-2026,2026-07-16T10:41:26+0200
2026-07-01,rw_v1,NO,G47_NFOOD_X_G473,2026-03-01,105.8,3,2026-06-01,106.6255,104.5357,108.0549,102.0426,109.0918,FALSE,FALSE,may-2026,2026-07-16T10:41:26+0200
2026-07-01,rw_v1,NO,G47_NFOOD_X_G473,2026-03-01,105.8,4,2026-07-01,106.5883,104.8792,108.6762,102.5422,109.7708,FALSE,FALSE,may-2026,2026-07-16T10:41:26+0200
2026-07-01,rw_v1,NO,G474,2026-03-01,123,1,2026-04-01,123.0126,119.9189,126.6115,117.1787,131.2726,FALSE,FALSE,may-2026,2026-07-16T10:41:26+0200
2026-07-01,rw_v1,NO,G474,2026-03-01,123,2,2026-05-01,123.5866,119.9678,127.618,115.6141,132.6126,FALSE,FALSE,may-2026,2026-07-16T10:41:26+0200
2026-07-01,rw_v1,NO,G474,2026-03-01,123,3,2026-06-01,124.108,119.3336,128.172,115.1594,135.0514,FALSE,FALSE,may-2026,2026-07-16T10:41:26+0200
2026-07-01,rw_v1,NO,G474,2026-03-01,123,4,2026-07-01,124.0552,120.0409,129.747,116.808,134.1527,FALSE,FALSE,may-2026,2026-07-16T10:41:26+0200
2026-07-01,rw_v1,NO,G475,2026-03-01,84,1,2026-04-01,83.9176,82.8392,85.2804,80.7104,86.7083,FALSE,FALSE,may-2026,2026-07-16T10:41:26+0200
2026-07-01,rw_v1,NO,G475,2026-03-01,84,2,2026-05-01,83.9343,82.0052,85.6343,79.1948,87.1247,FALSE,FALSE,may-2026,2026-07-16T10:41:26+0200
2026-07-01,rw_v1,NO,G475,2026-03-01,84,3,2026-06-01,83.8346,81.1559,85.5289,78.7579,87.2532,FALSE,FALSE,may-2026,2026-07-16T10:41:26+0200
2026-07-01,rw_v1,NO,G475,2026-03-01,84,4,2026-07-01,83.7711,80.7688,85.4331,77.4194,88.2093,FALSE,FALSE,may-2026,2026-07-16T10:41:26+0200
2026-07-01,rw_v1,NO,G476,2026-03-01,94.7,1,2026-04-01,94.9339,92.3671,97.6992,89.1836,101.143,FALSE,FALSE,may-2026,2026-07-16T10:41:26+0200
2026-07-01,rw_v1,NO,G476,2026-03-01,94.7,2,2026-05-01,95.0566,92.3035,97.3902,88.9872,100.1638,FALSE,FALSE,may-2026,2026-07-16T10:41:26+0200
2026-07-01,rw_v1,NO,G476,2026-03-01,94.7,3,2026-06-01,94.4266,91.1896,98.8664,85.8175,103.1902,FALSE,FALSE,may-2026,2026-07-16T10:41:26+0200
2026-07-01,rw_v1,NO,G476,2026-03-01,94.7,4,2026-07-01,95.1783,90.9034,98.0719,87.263,101.4229,FALSE,FALSE,may-2026,2026-07-16T10:41:26+0200
2026-07-01,rw_v1,NO,G477,2026-03-01,125.7,1,2026-04-01,126.2923,124.7334,127.5161,122.7631,129.2751,FALSE,FALSE,may-2026,2026-07-16T10:41:26+0200
2026-07-01,rw_v1,NO,G477,2026-03-01,125.7,2,2026-05-01,126.3366,124.2405,128.7433,122.0686,131.0088,FALSE,FALSE,may-2026,2026-07-16T10:41:26+0200
2026-07-01,rw_v1,NO,G477,2026-03-01,125.7,3,2026-06-01,126.752,124.6277,129.0142,122.1652,132.3758,FALSE,FALSE,may-2026,2026-07-16T10:41:26+0200
2026-07-01,rw_v1,NO,G477,2026-03-01,125.7,4,2026-07-01,127.0558,125.0376,129.1095,120.5868,134.2445,FALSE,FALSE,may-2026,2026-07-16T10:41:26+0200
2026-07-01,rw_v1,NO,G479,2026-03-01,119.3,1,2026-04-01,119.9897,118.3175,121.6614,117.1531,123.58,FALSE,FALSE,may-2026,2026-07-16T10:41:26+0200
2026-07-01,rw_v1,NO,G479,2026-03-01,119.3,2,2026-05-01,120.6873,118.58,122.4803,116.0592,125.6687,FALSE,FALSE,may-2026,2026-07-16T10:41:26+0200
2026-07-01,rw_v1,NO,G479,2026-03-01,119.3,3,2026-06-01,121.2806,119.1814,123.1243,115.496,128.416,FALSE,FALSE,may-2026,2026-07-16T10:41:26+0200
2026-07-01,rw_v1,NO,G479,2026-03-01,119.3,4,2026-07-01,121.7589,119.0376,124.3457,115.6814,131.5835,FALSE,FALSE,may-2026,2026-07-16T10:41:26+0200
2026-07-01,rw_v1,PL,G47_FOOD,2026-03-01,102.1,1,2026-04-01,102.1078,101.0432,103.3765,99.2787,104.6301,FALSE,FALSE,may-2026,2026-07-16T10:41:26+0200
2026-07-01,rw_v1,PL,G47_FOOD,2026-03-01,102.1,2,2026-05-01,102.0407,100.4068,103.3867,98.1341,105.1144,FALSE,FALSE,may-2026,2026-07-16T10:41:26+0200
2026-07-01,rw_v1,PL,G47_FOOD,2026-03-01,102.1,3,2026-06-01,101.9365,100.2032,103.7569,96.8368,105.5372,FALSE,FALSE,may-2026,2026-07-16T10:41:26+0200
2026-07-01,rw_v1,PL,G47_FOOD,2026-03-01,102.1,4,2026-07-01,101.5084,99.7079,103.7942,97.2097,105.7516,FALSE,FALSE,may-2026,2026-07-16T10:41:26+0200
2026-07-01,rw_v1,PL,G47_NFOOD_X_G473,2026-03-01,122.1,1,2026-04-01,122.6022,121.659,123.3143,120.5086,124.6081,FALSE,FALSE,may-2026,2026-07-16T10:41:26+0200
2026-07-01,rw_v1,PL,G47_NFOOD_X_G473,2026-03-01,122.1,2,2026-05-01,123.0962,122.0152,124.1063,120.4474,125.128,FALSE,FALSE,may-2026,2026-07-16T10:41:26+0200
2026-07-01,rw_v1,PL,G47_NFOOD_X_G473,2026-03-01,122.1,3,2026-06-01,123.5073,122.3098,124.4768,121.0679,125.9952,FALSE,FALSE,may-2026,2026-07-16T10:41:26+0200
2026-07-01,rw_v1,PL,G47_NFOOD_X_G473,2026-03-01,122.1,4,2026-07-01,123.821,122.7639,125.3109,120.6481,127.2582,FALSE,FALSE,may-2026,2026-07-16T10:41:26+0200
2026-07-01,rw_v1,PL,G474,2026-03-01,111.5,1,2026-04-01,112.8785,108.002,116.0755,105.437,118.5244,FALSE,TRUE,may-2026,2026-07-16T10:41:26+0200
2026-07-01,rw_v1,PL,G474,2026-03-01,111.5,2,2026-05-01,113.8937,109.2058,116.9298,104.6577,119.6853,FALSE,TRUE,may-2026,2026-07-16T10:41:26+0200
2026-07-01,rw_v1,PL,G474,2026-03-01,111.5,3,2026-06-01,112.2873,107.4073,118.4344,103.3785,121.9098,FALSE,TRUE,may-2026,2026-07-16T10:41:26+0200
2026-07-01,rw_v1,PL,G474,2026-03-01,111.5,4,2026-07-01,111.9456,109.7629,117.5393,104.6004,124.1975,FALSE,TRUE,may-2026,2026-07-16T10:41:26+0200
2026-07-01,rw_v1,PL,G475,2026-03-01,94.9,1,2026-04-01,94.7512,93.8586,96.0367,93.4229,97.6483,FALSE,FALSE,may-2026,2026-07-16T10:41:26+0200
2026-07-01,rw_v1,PL,G475,2026-03-01,94.9,2,2026-05-01,95.4221,94.6945,96.2524,93.2098,96.9847,FALSE,FALSE,may-2026,2026-07-16T10:41:26+0200
2026-07-01,rw_v1,PL,G475,2026-03-01,94.9,3,2026-06-01,95.6462,94.5779,96.8205,93.9615,97.4805,FALSE,FALSE,may-2026,2026-07-16T10:41:26+0200
2026-07-01,rw_v1,PL,G475,2026-03-01,94.9,4,2026-07-01,96.173,94.9324,97.1547,93.8369,98.2781,FALSE,FALSE,may-2026,2026-07-16T10:41:26+0200
2026-07-01,rw_v1,PL,G476,2026-03-01,89,1,2026-04-01,88.6072,87.8867,89.5138,87.2797,90.4779,FALSE,FALSE,may-2026,2026-07-16T10:41:26+0200
2026-07-01,rw_v1,PL,G476,2026-03-01,89,2,2026-05-01,88.0827,87.4782,89.1589,86.5566,93.5372,FALSE,FALSE,may-2026,2026-07-16T10:41:26+0200
2026-07-01,rw_v1,PL,G476,2026-03-01,89,3,2026-06-01,88.0297,86.5078,88.6141,85.8104,94.5084,FALSE,FALSE,may-2026,2026-07-16T10:41:26+0200
2026-07-01,rw_v1,PL,G476,2026-03-01,89,4,2026-07-01,87.1989,85.9387,88.387,84.9084,94.3631,FALSE,FALSE,may-2026,2026-07-16T10:41:26+0200
2026-07-01,rw_v1,PL,G477,2026-03-01,134.6,1,2026-04-01,134.9773,133.7952,135.9035,131.9567,137.5016,FALSE,FALSE,may-2026,2026-07-16T10:41:26+0200
2026-07-01,rw_v1,PL,G477,2026-03-01,134.6,2,2026-05-01,135.6022,133.9638,136.7373,131.8824,137.5026,FALSE,FALSE,may-2026,2026-07-16T10:41:26+0200
2026-07-01,rw_v1,PL,G477,2026-03-01,134.6,3,2026-06-01,135.854,133.6002,136.8851,131.4167,138.0766,FALSE,FALSE,may-2026,2026-07-16T10:41:26+0200
2026-07-01,rw_v1,PL,G477,2026-03-01,134.6,4,2026-07-01,135.7396,133.4607,137.3099,130.3368,138.7964,FALSE,FALSE,may-2026,2026-07-16T10:41:26+0200
2026-07-01,rw_v1,PL,G479,2026-03-01,113.3,1,2026-04-01,113.0682,111.7054,114.6454,110.6385,115.2843,FALSE,FALSE,may-2026,2026-07-16T10:41:26+0200
2026-07-01,rw_v1,PL,G479,2026-03-01,113.3,2,2026-05-01,112.9798,111.0563,114.5104,109.2833,116.1666,FALSE,FALSE,may-2026,2026-07-16T10:41:26+0200
2026-07-01,rw_v1,PL,G479,2026-03-01,113.3,3,2026-06-01,112.7388,110.3165,114.4955,105.8101,116.8816,FALSE,FALSE,may-2026,2026-07-16T10:41:26+0200
2026-07-01,rw_v1,PL,G479,2026-03-01,113.3,4,2026-07-01,112.902,109.352,115.2081,106.2009,116.3464,FALSE,FALSE,may-2026,2026-07-16T10:41:26+0200
2026-07-01,rw_v1,PT,G47_FOOD,2026-03-01,112.5,1,2026-04-01,112.9367,112.1011,113.6651,111.0665,114.395,FALSE,FALSE,may-2026,2026-07-16T10:41:26+0200
2026-07-01,rw_v1,PT,G47_FOOD,2026-03-01,112.5,2,2026-05-01,113.2271,112.1525,113.95,111.1733,115.0145,FALSE,FALSE,may-2026,2026-07-16T10:41:26+0200
2026-07-01,rw_v1,PT,G47_FOOD,2026-03-01,112.5,3,2026-06-01,113.3639,112.25,114.5244,111.0664,115.5945,FALSE,FALSE,may-2026,2026-07-16T10:41:26+0200
2026-07-01,rw_v1,PT,G47_FOOD,2026-03-01,112.5,4,2026-07-01,113.7772,112.4057,114.9586,111.2363,115.739,FALSE,FALSE,may-2026,2026-07-16T10:41:26+0200
2026-07-01,rw_v1,PT,G47_NFOOD_X_G473,2026-03-01,131.3,1,2026-04-01,131.963,130.429,133.4799,128.9202,135.129,FALSE,FALSE,may-2026,2026-07-16T10:41:26+0200
2026-07-01,rw_v1,PT,G47_NFOOD_X_G473,2026-03-01,131.3,2,2026-05-01,132.2158,130.2268,134.2253,128.9388,135.8113,FALSE,FALSE,may-2026,2026-07-16T10:41:26+0200
2026-07-01,rw_v1,PT,G47_NFOOD_X_G473,2026-03-01,131.3,3,2026-06-01,132.6139,130.8213,134.7573,129.068,138.1933,FALSE,FALSE,may-2026,2026-07-16T10:41:26+0200
2026-07-01,rw_v1,PT,G47_NFOOD_X_G473,2026-03-01,131.3,4,2026-07-01,133.1427,131.3072,134.5892,128.928,138.6635,FALSE,FALSE,may-2026,2026-07-16T10:41:26+0200
2026-07-01,rw_v1,PT,G474,2026-03-01,157.6,1,2026-04-01,158.5963,155.3377,162.1295,151.2267,166.7702,FALSE,FALSE,may-2026,2026-07-16T10:41:26+0200
2026-07-01,rw_v1,PT,G474,2026-03-01,157.6,2,2026-05-01,159.2933,156.497,164.0068,151.9237,168.9442,FALSE,FALSE,may-2026,2026-07-16T10:41:26+0200
2026-07-01,rw_v1,PT,G474,2026-03-01,157.6,3,2026-06-01,159.9339,156.8755,165.3257,152.1066,171.3211,FALSE,FALSE,may-2026,2026-07-16T10:41:26+0200
2026-07-01,rw_v1,PT,G474,2026-03-01,157.6,4,2026-07-01,161.3185,157.4473,166.3966,153.4049,172.2854,FALSE,FALSE,may-2026,2026-07-16T10:41:26+0200
2026-07-01,rw_v1,PT,G475,2026-03-01,122.1,1,2026-04-01,122.6701,120.7156,124.0189,118.7931,126.6884,FALSE,FALSE,may-2026,2026-07-16T10:41:26+0200
2026-07-01,rw_v1,PT,G475,2026-03-01,122.1,2,2026-05-01,123.0495,121.0254,124.9207,117.7317,127.3796,FALSE,FALSE,may-2026,2026-07-16T10:41:26+0200
2026-07-01,rw_v1,PT,G475,2026-03-01,122.1,3,2026-06-01,123.0611,120.9442,125.2796,117.796,127.8817,FALSE,FALSE,may-2026,2026-07-16T10:41:26+0200
2026-07-01,rw_v1,PT,G475,2026-03-01,122.1,4,2026-07-01,123.2998,120.6955,125.7488,118.4464,128.4658,FALSE,FALSE,may-2026,2026-07-16T10:41:26+0200
2026-07-01,rw_v1,PT,G476,2026-03-01,139.3,1,2026-04-01,140.4309,135.9874,143.653,132.5699,148.476,FALSE,TRUE,may-2026,2026-07-16T10:41:26+0200
2026-07-01,rw_v1,PT,G476,2026-03-01,139.3,2,2026-05-01,140.6019,136.6415,144.4539,129.695,150.0379,FALSE,TRUE,may-2026,2026-07-16T10:41:26+0200
2026-07-01,rw_v1,PT,G476,2026-03-01,139.3,3,2026-06-01,141.7919,137.289,146.5618,129.202,151.039,FALSE,TRUE,may-2026,2026-07-16T10:41:26+0200
2026-07-01,rw_v1,PT,G476,2026-03-01,139.3,4,2026-07-01,143.0653,135.7625,146.7677,129.3069,152.5272,FALSE,TRUE,may-2026,2026-07-16T10:41:26+0200
2026-07-01,rw_v1,PT,G477,2026-03-01,131.3,1,2026-04-01,132.2272,130.0337,134.2036,127.6528,136.2387,FALSE,FALSE,may-2026,2026-07-16T10:41:26+0200
2026-07-01,rw_v1,PT,G477,2026-03-01,131.3,2,2026-05-01,132.3284,129.7489,134.652,126.9684,137.9018,FALSE,FALSE,may-2026,2026-07-16T10:41:26+0200
2026-07-01,rw_v1,PT,G477,2026-03-01,131.3,3,2026-06-01,132.9824,130.2785,134.9677,127.439,137.8005,FALSE,FALSE,may-2026,2026-07-16T10:41:26+0200
2026-07-01,rw_v1,PT,G477,2026-03-01,131.3,4,2026-07-01,133.2344,130.8161,135.2558,127.2497,139.6546,FALSE,FALSE,may-2026,2026-07-16T10:41:26+0200
2026-07-01,rw_v1,PT,G479,2026-03-01,117.1,1,2026-04-01,117.3826,114.2414,120.8695,110.3878,126.6632,FALSE,TRUE,may-2026,2026-07-16T10:41:26+0200
2026-07-01,rw_v1,PT,G479,2026-03-01,117.1,2,2026-05-01,117.9167,115.0715,122.3172,109.2308,128.9094,FALSE,TRUE,may-2026,2026-07-16T10:41:26+0200
2026-07-01,rw_v1,PT,G479,2026-03-01,117.1,3,2026-06-01,118.5451,114.358,124.455,107.1,130.7049,FALSE,TRUE,may-2026,2026-07-16T10:41:26+0200
2026-07-01,rw_v1,PT,G479,2026-03-01,117.1,4,2026-07-01,120.8184,114.2815,125.7454,109.5775,131.207,FALSE,TRUE,may-2026,2026-07-16T10:41:26+0200
2026-07-01,rw_v1,RO,G47_FOOD,2026-03-01,103.7,1,2026-04-01,103.9669,102.8587,104.8264,101.3966,105.9743,FALSE,FALSE,may-2026,2026-07-16T10:41:26+0200
2026-07-01,rw_v1,RO,G47_FOOD,2026-03-01,103.7,2,2026-05-01,103.9416,102.7395,104.976,101.0921,106.5025,FALSE,FALSE,may-2026,2026-07-16T10:41:26+0200
2026-07-01,rw_v1,RO,G47_FOOD,2026-03-01,103.7,3,2026-06-01,103.8095,102.6773,105.5366,101.172,106.8895,FALSE,FALSE,may-2026,2026-07-16T10:41:26+0200
2026-07-01,rw_v1,RO,G47_FOOD,2026-03-01,103.7,4,2026-07-01,104.2989,102.2431,105.7475,100.5084,107.2771,FALSE,FALSE,may-2026,2026-07-16T10:41:26+0200
2026-07-01,rw_v1,RO,G47_NFOOD_X_G473,2026-03-01,120.4,1,2026-04-01,120.8831,119.5989,122.1009,117.8569,123.5171,FALSE,FALSE,may-2026,2026-07-16T10:41:26+0200
2026-07-01,rw_v1,RO,G47_NFOOD_X_G473,2026-03-01,120.4,2,2026-05-01,121.3198,119.7395,122.8738,118.2087,124.3883,FALSE,FALSE,may-2026,2026-07-16T10:41:26+0200
2026-07-01,rw_v1,RO,G47_NFOOD_X_G473,2026-03-01,120.4,3,2026-06-01,121.6493,119.4734,123.7877,116.8492,126.0632,FALSE,FALSE,may-2026,2026-07-16T10:41:26+0200
2026-07-01,rw_v1,RO,G47_NFOOD_X_G473,2026-03-01,120.4,4,2026-07-01,121.8163,119.8964,124.4231,116.7235,126.6425,FALSE,FALSE,may-2026,2026-07-16T10:41:26+0200
2026-07-01,rw_v1,RO,G474,2026-03-01,102.5,1,2026-04-01,102.6809,99.2568,104.8933,97.1286,110.6952,FALSE,TRUE,may-2026,2026-07-16T10:41:26+0200
2026-07-01,rw_v1,RO,G474,2026-03-01,102.5,2,2026-05-01,101.8293,98.3935,107.1435,92.9726,112.0626,FALSE,TRUE,may-2026,2026-07-16T10:41:26+0200
2026-07-01,rw_v1,RO,G474,2026-03-01,102.5,3,2026-06-01,101.2866,97.353,107.6426,91.9513,113.0087,FALSE,TRUE,may-2026,2026-07-16T10:41:26+0200
2026-07-01,rw_v1,RO,G474,2026-03-01,102.5,4,2026-07-01,100.8239,96.8451,108.0259,90.8953,110.0584,FALSE,TRUE,may-2026,2026-07-16T10:41:26+0200
2026-07-01,rw_v1,RO,G475,2026-03-01,98,1,2026-04-01,98.0923,97.3974,98.8938,95.8935,99.6893,FALSE,FALSE,may-2026,2026-07-16T10:41:26+0200
2026-07-01,rw_v1,RO,G475,2026-03-01,98,2,2026-05-01,98.261,96.6226,99.592,92.2371,100.3098,FALSE,FALSE,may-2026,2026-07-16T10:41:26+0200
2026-07-01,rw_v1,RO,G475,2026-03-01,98,3,2026-06-01,98.0984,95.3971,100.008,91.1373,101.3264,FALSE,FALSE,may-2026,2026-07-16T10:41:26+0200
2026-07-01,rw_v1,RO,G475,2026-03-01,98,4,2026-07-01,97.8957,95.5226,100.7105,90.5198,101.6779,FALSE,FALSE,may-2026,2026-07-16T10:41:26+0200
2026-07-01,rw_v1,RO,G476,2026-03-01,113.8,1,2026-04-01,112.2559,109.8086,115.5886,108.2997,120.0335,FALSE,TRUE,may-2026,2026-07-16T10:41:26+0200
2026-07-01,rw_v1,RO,G476,2026-03-01,113.8,2,2026-05-01,111.9148,107.2849,116.547,105.3089,121.1848,FALSE,TRUE,may-2026,2026-07-16T10:41:26+0200
2026-07-01,rw_v1,RO,G476,2026-03-01,113.8,3,2026-06-01,111.0964,107.6592,117.0104,103.9182,119.5191,FALSE,TRUE,may-2026,2026-07-16T10:41:26+0200
2026-07-01,rw_v1,RO,G476,2026-03-01,113.8,4,2026-07-01,111.865,106.7652,115.824,102.6296,120.1461,FALSE,TRUE,may-2026,2026-07-16T10:41:26+0200
2026-07-01,rw_v1,RO,G477,2026-03-01,142.6,1,2026-04-01,143.197,141.4635,144.4441,139.8189,147.0396,FALSE,FALSE,may-2026,2026-07-16T10:41:26+0200
2026-07-01,rw_v1,RO,G477,2026-03-01,142.6,2,2026-05-01,143.9993,141.5951,146.0949,137.7181,148.9414,FALSE,FALSE,may-2026,2026-07-16T10:41:26+0200
2026-07-01,rw_v1,RO,G477,2026-03-01,142.6,3,2026-06-01,144.7468,141.2549,147.4395,134.7073,151.1616,FALSE,FALSE,may-2026,2026-07-16T10:41:26+0200
2026-07-01,rw_v1,RO,G477,2026-03-01,142.6,4,2026-07-01,145.2219,139.5689,150.9005,132.4237,152.8627,FALSE,FALSE,may-2026,2026-07-16T10:41:26+0200
2026-07-01,rw_v1,RO,G479,2026-03-01,110.3,1,2026-04-01,110.6616,109.2755,111.9954,107.1088,114.3845,FALSE,FALSE,may-2026,2026-07-16T10:41:26+0200
2026-07-01,rw_v1,RO,G479,2026-03-01,110.3,2,2026-05-01,110.8765,109.3773,112.5656,107.0823,115.4984,FALSE,FALSE,may-2026,2026-07-16T10:41:26+0200
2026-07-01,rw_v1,RO,G479,2026-03-01,110.3,3,2026-06-01,110.9224,109.548,113.3716,106.9575,116.7512,FALSE,FALSE,may-2026,2026-07-16T10:41:26+0200
2026-07-01,rw_v1,RO,G479,2026-03-01,110.3,4,2026-07-01,110.811,109.189,114.5594,105.9872,118.9434,FALSE,FALSE,may-2026,2026-07-16T10:41:26+0200
2026-07-01,rw_v1,RS,G47_FOOD,2026-03-01,115.3,1,2026-04-01,115.6264,114.8193,116.3372,113.9692,117.7592,FALSE,FALSE,may-2026,2026-07-16T10:41:26+0200
2026-07-01,rw_v1,RS,G47_FOOD,2026-03-01,115.3,2,2026-05-01,115.7087,114.7323,117.1075,113.6024,118.9538,FALSE,FALSE,may-2026,2026-07-16T10:41:26+0200
2026-07-01,rw_v1,RS,G47_FOOD,2026-03-01,115.3,3,2026-06-01,116.4477,114.695,117.5613,112.9162,119.1773,FALSE,FALSE,may-2026,2026-07-16T10:41:26+0200
2026-07-01,rw_v1,RS,G47_FOOD,2026-03-01,115.3,4,2026-07-01,116.6284,115.0662,118.6938,113.1418,119.72,FALSE,FALSE,may-2026,2026-07-16T10:41:26+0200
2026-07-01,rw_v1,RS,G47_NFOOD_X_G473,2026-03-01,132.5,1,2026-04-01,132.7933,131.8563,134.2188,130.6552,136.0391,FALSE,FALSE,may-2026,2026-07-16T10:41:26+0200
2026-07-01,rw_v1,RS,G47_NFOOD_X_G473,2026-03-01,132.5,2,2026-05-01,133.7299,132.0216,135.2022,130.7402,137.3906,FALSE,FALSE,may-2026,2026-07-16T10:41:26+0200
2026-07-01,rw_v1,RS,G47_NFOOD_X_G473,2026-03-01,132.5,3,2026-06-01,134.4499,132.5752,136.2556,130.1273,137.8524,FALSE,FALSE,may-2026,2026-07-16T10:41:26+0200
2026-07-01,rw_v1,RS,G47_NFOOD_X_G473,2026-03-01,132.5,4,2026-07-01,135.2919,133.194,137.3764,130.4185,138.7631,FALSE,FALSE,may-2026,2026-07-16T10:41:26+0200
2026-07-01,rw_v1,SE,G47_NFOOD_X_G473,2026-03-01,102.2,1,2026-04-01,102.4545,101.1811,103.3318,100.3253,104.5069,FALSE,FALSE,may-2026,2026-07-16T10:41:26+0200
2026-07-01,rw_v1,SE,G47_NFOOD_X_G473,2026-03-01,102.2,2,2026-05-01,102.2864,101.1607,103.9727,99.8633,105.2108,FALSE,FALSE,may-2026,2026-07-16T10:41:26+0200
2026-07-01,rw_v1,SE,G47_NFOOD_X_G473,2026-03-01,102.2,3,2026-06-01,102.5414,101.0217,104.2227,99.5685,105.5539,FALSE,FALSE,may-2026,2026-07-16T10:41:26+0200
2026-07-01,rw_v1,SE,G47_NFOOD_X_G473,2026-03-01,102.2,4,2026-07-01,102.5799,100.8979,104.1284,99.8015,106.32,FALSE,FALSE,may-2026,2026-07-16T10:41:26+0200
2026-07-01,rw_v1,SE,G474,2026-03-01,117.7,1,2026-04-01,118.3055,116.3612,120.016,114.3121,122.4792,FALSE,FALSE,may-2026,2026-07-16T10:41:26+0200
2026-07-01,rw_v1,SE,G474,2026-03-01,117.7,2,2026-05-01,118.5842,116.4918,121.4395,113.8108,123.6016,FALSE,FALSE,may-2026,2026-07-16T10:41:26+0200
2026-07-01,rw_v1,SE,G474,2026-03-01,117.7,3,2026-06-01,119.262,116.5529,122.4034,114.6797,125.0419,FALSE,FALSE,may-2026,2026-07-16T10:41:26+0200
2026-07-01,rw_v1,SE,G474,2026-03-01,117.7,4,2026-07-01,120.1725,116.4332,123.5891,113.27,126.718,FALSE,FALSE,may-2026,2026-07-16T10:41:26+0200
2026-07-01,rw_v1,SE,G475,2026-03-01,83.5,1,2026-04-01,83.6133,82.2383,84.7104,80.9221,85.6589,FALSE,FALSE,may-2026,2026-07-16T10:41:26+0200
2026-07-01,rw_v1,SE,G475,2026-03-01,83.5,2,2026-05-01,83.9479,81.0333,85.3074,79.1434,86.409,FALSE,FALSE,may-2026,2026-07-16T10:41:26+0200
2026-07-01,rw_v1,SE,G475,2026-03-01,83.5,3,2026-06-01,83.2711,80.9035,85.4059,78.7959,86.6655,FALSE,FALSE,may-2026,2026-07-16T10:41:26+0200
2026-07-01,rw_v1,SE,G475,2026-03-01,83.5,4,2026-07-01,83.1958,80.7139,85.5025,78.0991,87.0649,FALSE,FALSE,may-2026,2026-07-16T10:41:26+0200
2026-07-01,rw_v1,SE,G476,2026-03-01,91.5,1,2026-04-01,91.6568,89.2106,93.681,86.4817,95.3712,FALSE,FALSE,may-2026,2026-07-16T10:41:26+0200
2026-07-01,rw_v1,SE,G476,2026-03-01,91.5,2,2026-05-01,91.5502,87.9273,94.1181,86.0712,96.3836,FALSE,FALSE,may-2026,2026-07-16T10:41:26+0200
2026-07-01,rw_v1,SE,G476,2026-03-01,91.5,3,2026-06-01,91.1799,88.7,93.921,86.0437,95.6585,FALSE,FALSE,may-2026,2026-07-16T10:41:26+0200
2026-07-01,rw_v1,SE,G476,2026-03-01,91.5,4,2026-07-01,91.6718,88.4885,93.7853,85.9302,96.1937,FALSE,FALSE,may-2026,2026-07-16T10:41:26+0200
2026-07-01,rw_v1,SE,G477,2026-03-01,107.1,1,2026-04-01,107.2371,106.2639,108.8341,104.3473,110.5475,FALSE,FALSE,may-2026,2026-07-16T10:41:26+0200
2026-07-01,rw_v1,SE,G477,2026-03-01,107.1,2,2026-05-01,107.4492,106.3124,108.8996,103.3113,111.2518,FALSE,FALSE,may-2026,2026-07-16T10:41:26+0200
2026-07-01,rw_v1,SE,G477,2026-03-01,107.1,3,2026-06-01,107.7484,105.8031,109.3307,103.227,111.6568,FALSE,FALSE,may-2026,2026-07-16T10:41:26+0200
2026-07-01,rw_v1,SE,G477,2026-03-01,107.1,4,2026-07-01,107.4579,105.889,109.1898,103.2899,111.6459,FALSE,FALSE,may-2026,2026-07-16T10:41:26+0200
2026-07-01,rw_v1,SI,G47_FOOD,2026-03-01,99.5,1,2026-04-01,99.7121,98.374,100.9708,97.0795,101.5113,FALSE,FALSE,may-2026,2026-07-16T10:41:26+0200
2026-07-01,rw_v1,SI,G47_FOOD,2026-03-01,99.5,2,2026-05-01,99.6679,98.2868,100.6984,96.9131,102.0481,FALSE,FALSE,may-2026,2026-07-16T10:41:26+0200
2026-07-01,rw_v1,SI,G47_FOOD,2026-03-01,99.5,3,2026-06-01,99.8052,98.531,100.6412,97.1017,101.8282,FALSE,FALSE,may-2026,2026-07-16T10:41:26+0200
2026-07-01,rw_v1,SI,G47_FOOD,2026-03-01,99.5,4,2026-07-01,99.6874,98.3981,101.1959,96.3302,102.1498,FALSE,FALSE,may-2026,2026-07-16T10:41:26+0200
2026-07-01,rw_v1,SI,G47_NFOOD_X_G473,2026-03-01,106.6,1,2026-04-01,106.7463,105.8445,107.7197,105.1574,108.6578,FALSE,FALSE,may-2026,2026-07-16T10:41:26+0200
2026-07-01,rw_v1,SI,G47_NFOOD_X_G473,2026-03-01,106.6,2,2026-05-01,106.7752,105.7016,108.0153,104.4109,109.2821,FALSE,FALSE,may-2026,2026-07-16T10:41:26+0200
2026-07-01,rw_v1,SI,G47_NFOOD_X_G473,2026-03-01,106.6,3,2026-06-01,107.1002,105.8299,108.2681,104.1425,109.3189,FALSE,FALSE,may-2026,2026-07-16T10:41:26+0200
2026-07-01,rw_v1,SI,G47_NFOOD_X_G473,2026-03-01,106.6,4,2026-07-01,107.3202,106.0827,108.4119,103.9785,109.6963,FALSE,FALSE,may-2026,2026-07-16T10:41:26+0200
2026-07-01,rw_v1,SK,G47_FOOD,2026-03-01,96.7,1,2026-04-01,96.4967,95.3772,97.2337,94.3397,98.1775,FALSE,FALSE,may-2026,2026-07-16T10:41:26+0200
2026-07-01,rw_v1,SK,G47_FOOD,2026-03-01,96.7,2,2026-05-01,96.0907,94.7719,97.3004,93.421,98.458,FALSE,FALSE,may-2026,2026-07-16T10:41:26+0200
2026-07-01,rw_v1,SK,G47_FOOD,2026-03-01,96.7,3,2026-06-01,96.1252,94.2503,97.0892,92.6728,98.0662,FALSE,FALSE,may-2026,2026-07-16T10:41:26+0200
2026-07-01,rw_v1,SK,G47_FOOD,2026-03-01,96.7,4,2026-07-01,95.4254,93.592,97.2799,92.059,98.1474,FALSE,FALSE,may-2026,2026-07-16T10:41:26+0200
2026-07-01,rw_v1,SK,G47_NFOOD_X_G473,2026-03-01,109.6,1,2026-04-01,110.2882,108.6162,111.8932,106.3679,113.7348,FALSE,TRUE,may-2026,2026-07-16T10:41:26+0200
2026-07-01,rw_v1,SK,G47_NFOOD_X_G473,2026-03-01,109.6,2,2026-05-01,110.4269,107.7947,112.4751,105.353,116.3999,FALSE,TRUE,may-2026,2026-07-16T10:41:26+0200
2026-07-01,rw_v1,SK,G47_NFOOD_X_G473,2026-03-01,109.6,3,2026-06-01,110.5767,107.4483,114.137,104.3658,116.7832,FALSE,TRUE,may-2026,2026-07-16T10:41:26+0200
2026-07-01,rw_v1,SK,G47_NFOOD_X_G473,2026-03-01,109.6,4,2026-07-01,110.422,107.0513,114.2767,102.2238,119.5166,FALSE,TRUE,may-2026,2026-07-16T10:41:26+0200
2026-07-01,rw_v1,TR,G47_FOOD,2026-02-01,162.1,1,2026-03-01,163.1545,162.2379,164.0557,161.1732,165.272,FALSE,FALSE,may-2026,2026-07-16T10:41:26+0200
2026-07-01,rw_v1,TR,G47_FOOD,2026-02-01,162.1,2,2026-04-01,164.1604,163.1247,165.4142,161.6752,166.892,FALSE,FALSE,may-2026,2026-07-16T10:41:26+0200
2026-07-01,rw_v1,TR,G47_FOOD,2026-02-01,162.1,3,2026-05-01,165.1289,164.0677,166.7262,162.2065,168.4229,FALSE,FALSE,may-2026,2026-07-16T10:41:26+0200
2026-07-01,rw_v1,TR,G47_FOOD,2026-02-01,162.1,4,2026-06-01,166.2449,164.9273,168.0478,162.7292,169.4936,FALSE,FALSE,may-2026,2026-07-16T10:41:26+0200
2026-07-01,rw_v1,TR,G47_FOOD,2026-02-01,162.1,5,2026-07-01,167.4601,165.9316,169.0583,162.9549,170.9682,FALSE,FALSE,may-2026,2026-07-16T10:41:26+0200
2026-07-01,rw_v1,TR,G47_NFOOD_X_G473,2026-02-01,247.3,1,2026-03-01,249.8239,247.5251,252.4529,244.6045,255.367,FALSE,FALSE,may-2026,2026-07-16T10:41:26+0200
2026-07-01,rw_v1,TR,G47_NFOOD_X_G473,2026-02-01,247.3,2,2026-04-01,251.8838,249.1652,255.6836,243.7882,259.3306,FALSE,FALSE,may-2026,2026-07-16T10:41:26+0200
2026-07-01,rw_v1,TR,G47_NFOOD_X_G473,2026-02-01,247.3,3,2026-05-01,254.3108,250.3143,259.5198,245.3073,263.2484,FALSE,FALSE,may-2026,2026-07-16T10:41:26+0200
2026-07-01,rw_v1,TR,G47_NFOOD_X_G473,2026-02-01,247.3,4,2026-06-01,256.2807,252.2612,262.4811,247.1442,267.4245,FALSE,FALSE,may-2026,2026-07-16T10:41:26+0200
2026-07-01,rw_v1,TR,G47_NFOOD_X_G473,2026-02-01,247.3,5,2026-07-01,258.5537,253.6531,265.1785,249.1201,271.6699,FALSE,FALSE,may-2026,2026-07-16T10:41:26+0200
2026-07-01,rw_v1,TR,G474,2026-02-01,337.3,1,2026-03-01,340.8802,336.7788,344.0258,329.9139,353.196,FALSE,FALSE,may-2026,2026-07-16T10:41:26+0200
2026-07-01,rw_v1,TR,G474,2026-02-01,337.3,2,2026-04-01,345.4742,338.8523,349.9166,332.3073,359.9687,FALSE,FALSE,may-2026,2026-07-16T10:41:26+0200
2026-07-01,rw_v1,TR,G474,2026-02-01,337.3,3,2026-05-01,347.0184,341.5969,356.1083,330.743,369.3984,FALSE,FALSE,may-2026,2026-07-16T10:41:26+0200
2026-07-01,rw_v1,TR,G474,2026-02-01,337.3,4,2026-06-01,351.5163,343.8083,362.0816,334.8435,371.0839,FALSE,FALSE,may-2026,2026-07-16T10:41:26+0200
2026-07-01,rw_v1,TR,G474,2026-02-01,337.3,5,2026-07-01,354.3926,345.3256,366.1564,340.0222,380.4787,FALSE,FALSE,may-2026,2026-07-16T10:41:26+0200
2026-07-01,rw_v1,TR,G475,2026-02-01,172.2,1,2026-03-01,173.8862,170.6036,177.0732,165.2371,180.0286,FALSE,TRUE,may-2026,2026-07-16T10:41:26+0200
2026-07-01,rw_v1,TR,G475,2026-02-01,172.2,2,2026-04-01,174.8949,169.5622,179.3701,163.6395,182.813,FALSE,TRUE,may-2026,2026-07-16T10:41:26+0200
2026-07-01,rw_v1,TR,G475,2026-02-01,172.2,3,2026-05-01,175.6404,168.9307,180.7035,164.4053,186.1382,FALSE,TRUE,may-2026,2026-07-16T10:41:26+0200
2026-07-01,rw_v1,TR,G475,2026-02-01,172.2,4,2026-06-01,175.807,169.8648,182.2831,164.0594,188.6486,FALSE,TRUE,may-2026,2026-07-16T10:41:26+0200
2026-07-01,rw_v1,TR,G475,2026-02-01,172.2,5,2026-07-01,176.7199,171.1399,183.6164,163.3359,189.9711,FALSE,TRUE,may-2026,2026-07-16T10:41:26+0200
2026-07-01,rw_v1,TR,G476,2026-02-01,212.6,1,2026-03-01,213.8857,211.9828,216.7419,209.7472,219.6072,FALSE,FALSE,may-2026,2026-07-16T10:41:26+0200
2026-07-01,rw_v1,TR,G476,2026-02-01,212.6,2,2026-04-01,215.6921,212.417,219.7401,208.8816,223.9348,FALSE,FALSE,may-2026,2026-07-16T10:41:26+0200
2026-07-01,rw_v1,TR,G476,2026-02-01,212.6,3,2026-05-01,217.705,214.2662,221.3071,209.3394,228.0632,FALSE,FALSE,may-2026,2026-07-16T10:41:26+0200
2026-07-01,rw_v1,TR,G476,2026-02-01,212.6,4,2026-06-01,219.1322,215.2806,224.3124,210.4956,230.2403,FALSE,FALSE,may-2026,2026-07-16T10:41:26+0200
2026-07-01,rw_v1,TR,G476,2026-02-01,212.6,5,2026-07-01,219.7118,215.9262,227.8986,210.7608,233.797,FALSE,FALSE,may-2026,2026-07-16T10:41:26+0200
2026-07-01,rw_v1,TR,G477,2026-02-01,267.5,1,2026-03-01,270.5316,267.9056,273.1554,264.2542,277.3145,FALSE,FALSE,may-2026,2026-07-16T10:41:26+0200
2026-07-01,rw_v1,TR,G477,2026-02-01,267.5,2,2026-04-01,272.6091,269.6682,277.4489,264.6898,283.0192,FALSE,FALSE,may-2026,2026-07-16T10:41:26+0200
2026-07-01,rw_v1,TR,G477,2026-02-01,267.5,3,2026-05-01,274.7827,271.2979,280.3565,268.5861,287.4677,FALSE,FALSE,may-2026,2026-07-16T10:41:26+0200
2026-07-01,rw_v1,TR,G477,2026-02-01,267.5,4,2026-06-01,277.335,273.6393,285.6068,270.5194,289.948,FALSE,FALSE,may-2026,2026-07-16T10:41:26+0200
2026-07-01,rw_v1,TR,G477,2026-02-01,267.5,5,2026-07-01,280.2245,275.8869,287.427,271.814,294.1577,FALSE,FALSE,may-2026,2026-07-16T10:41:26+0200
2026-07-01,rw_v1,TR,G479,2026-02-01,261.3,1,2026-03-01,263.9127,262.8399,265.3912,260.1592,270.1198,FALSE,FALSE,may-2026,2026-07-16T10:41:26+0200
2026-07-01,rw_v1,TR,G479,2026-02-01,261.3,2,2026-04-01,267.0777,265.3461,268.8461,264.1507,272.1643,FALSE,FALSE,may-2026,2026-07-16T10:41:26+0200
2026-07-01,rw_v1,TR,G479,2026-02-01,261.3,3,2026-05-01,269.8179,267.4125,272.561,265.4497,277.6214,FALSE,FALSE,may-2026,2026-07-16T10:41:26+0200
2026-07-01,rw_v1,TR,G479,2026-02-01,261.3,4,2026-06-01,272.7289,269.8357,276.3621,267.9467,282.3941,FALSE,FALSE,may-2026,2026-07-16T10:41:26+0200
2026-07-01,rw_v1,TR,G479,2026-02-01,261.3,5,2026-07-01,275.3521,271.8996,280.469,269.9617,286.7079,FALSE,FALSE,may-2026,2026-07-16T10:41:26+0200
2026-08-01,rw_v1,AL,G47,2026-05-01,122.4,1,2026-06-01,122.75,121.535,124.3494,119.9072,125.9447,FALSE,FALSE,aug-2026,2026-08-02T21:48:31+0200
2026-08-01,rw_v1,AL,G47,2026-05-01,122.4,2,2026-07-01,123.4431,121.7064,124.6485,120.105,127.9505,FALSE,FALSE,aug-2026,2026-08-02T21:48:31+0200
2026-08-01,rw_v1,AL,G47,2026-05-01,122.4,3,2026-08-01,123.4679,122.0242,125.3227,119.7015,126.9178,FALSE,FALSE,aug-2026,2026-08-02T21:48:31+0200
2026-08-01,rw_v1,AT,G47,2026-05-01,97.6,1,2026-06-01,97.5684,96.6639,98.5899,95.2827,99.4884,FALSE,FALSE,aug-2026,2026-08-02T21:48:31+0200
2026-08-01,rw_v1,AT,G47,2026-05-01,97.6,2,2026-07-01,97.5348,96.5374,98.4605,95.1786,99.5996,FALSE,FALSE,aug-2026,2026-08-02T21:48:31+0200
2026-08-01,rw_v1,AT,G47,2026-05-01,97.6,3,2026-08-01,97.4556,96.5098,98.8725,95.4654,99.5247,FALSE,FALSE,aug-2026,2026-08-02T21:48:31+0200
2026-08-01,rw_v1,BE,G47,2026-06-01,93.4,1,2026-07-01,93.3956,92.6136,94.2123,91.5269,95.0159,FALSE,FALSE,aug-2026,2026-08-02T21:48:31+0200
2026-08-01,rw_v1,BE,G47,2026-06-01,93.4,2,2026-08-01,93.5458,92.5609,94.252,90.9788,95.1977,FALSE,FALSE,aug-2026,2026-08-02T21:48:31+0200
2026-08-01,rw_v1,BG,G47,2026-06-01,129.1,1,2026-07-01,129.6697,129.0524,130.376,128.2712,131.0572,FALSE,FALSE,aug-2026,2026-08-02T21:48:31+0200
2026-08-01,rw_v1,BG,G47,2026-06-01,129.1,2,2026-08-01,130.1832,129.4023,130.9256,128.7869,131.9444,FALSE,FALSE,aug-2026,2026-08-02T21:48:31+0200
2026-08-01,rw_v1,CH,G47,2026-06-01,102.7,1,2026-07-01,102.6946,102.1364,103.4071,100.3664,104.4118,FALSE,FALSE,aug-2026,2026-08-02T21:48:31+0200
2026-08-01,rw_v1,CH,G47,2026-06-01,102.7,2,2026-08-01,102.8572,101.7897,103.4958,100.8118,104.639,FALSE,FALSE,aug-2026,2026-08-02T21:48:31+0200
2026-08-01,rw_v1,CY,G47,2026-06-01,131.3,1,2026-07-01,131.6667,130.9104,132.763,129.8114,133.9101,FALSE,FALSE,aug-2026,2026-08-02T21:48:31+0200
2026-08-01,rw_v1,CY,G47,2026-06-01,131.3,2,2026-08-01,132.4531,131.1375,133.4583,130.1557,134.5031,FALSE,FALSE,aug-2026,2026-08-02T21:48:31+0200
2026-08-01,rw_v1,CZ,G47,2026-05-01,103.2,1,2026-06-01,103.2248,102.605,103.9127,101.8859,104.8087,FALSE,FALSE,aug-2026,2026-08-02T21:48:31+0200
2026-08-01,rw_v1,CZ,G47,2026-05-01,103.2,2,2026-07-01,103.4371,102.6043,104.2242,101.2892,105.1009,FALSE,FALSE,aug-2026,2026-08-02T21:48:31+0200
2026-08-01,rw_v1,CZ,G47,2026-05-01,103.2,3,2026-08-01,103.5673,102.3323,104.5617,100.3419,105.6607,FALSE,FALSE,aug-2026,2026-08-02T21:48:31+0200
2026-08-01,rw_v1,DE,G47,2026-05-01,101.9,1,2026-06-01,101.9258,101.1705,102.9002,100.0696,104.2265,FALSE,FALSE,aug-2026,2026-08-02T21:48:31+0200
2026-08-01,rw_v1,DE,G47,2026-05-01,101.9,2,2026-07-01,101.9018,101.0843,102.9503,100.0964,104.4475,FALSE,FALSE,aug-2026,2026-08-02T21:48:31+0200
2026-08-01,rw_v1,DE,G47,2026-05-01,101.9,3,2026-08-01,102.2545,101.1899,103.298,99.7829,104.5375,FALSE,FALSE,aug-2026,2026-08-02T21:48:31+0200
2026-08-01,rw_v1,EE,G47,2026-06-01,94.1,1,2026-07-01,94.1337,93.0861,95.0252,92.1872,96.1088,FALSE,FALSE,aug-2026,2026-08-02T21:48:31+0200
2026-08-01,rw_v1,EE,G47,2026-06-01,94.1,2,2026-08-01,94.1786,92.8346,95.0978,92.1418,96.7666,FALSE,FALSE,aug-2026,2026-08-02T21:48:31+0200
2026-08-01,rw_v1,EL,G47,2026-05-01,105.2,1,2026-06-01,105.5599,103.4323,107.5438,101.2361,108.9478,FALSE,FALSE,aug-2026,2026-08-02T21:48:31+0200
2026-08-01,rw_v1,EL,G47,2026-05-01,105.2,2,2026-07-01,105.5632,103.4951,107.43,101.4729,110.1824,FALSE,FALSE,aug-2026,2026-08-02T21:48:31+0200
2026-08-01,rw_v1,EL,G47,2026-05-01,105.2,3,2026-08-01,105.5937,103.6671,107.3605,101.5305,109.5741,FALSE,FALSE,aug-2026,2026-08-02T21:48:31+0200
2026-08-01,rw_v1,ES,G47,2026-06-01,112.6,1,2026-07-01,112.8154,112.2387,113.5222,111.4292,114.3298,FALSE,FALSE,aug-2026,2026-08-02T21:48:31+0200
2026-08-01,rw_v1,ES,G47,2026-06-01,112.6,2,2026-08-01,112.9547,112.2235,113.6727,111.5849,114.4134,FALSE,FALSE,aug-2026,2026-08-02T21:48:31+0200
2026-08-01,rw_v1,FI,G47,2026-06-01,93.8,1,2026-07-01,93.7771,93.0952,94.5035,92.1,95.0197,FALSE,FALSE,aug-2026,2026-08-02T21:48:31+0200
2026-08-01,rw_v1,FI,G47,2026-06-01,93.8,2,2026-08-01,93.8153,92.8842,94.6034,92.074700000000007,95.298,FALSE,FALSE,aug-2026,2026-08-02T21:48:31+0200
2026-08-01,rw_v1,FR,G47,2026-06-01,107.7,1,2026-07-01,107.8736,107.1738,108.3959,106.1582,109.1683,FALSE,FALSE,aug-2026,2026-08-02T21:48:31+0200
2026-08-01,rw_v1,FR,G47,2026-06-01,107.7,2,2026-08-01,107.9481,107.3661,108.6481,106.63,109.6122,FALSE,FALSE,aug-2026,2026-08-02T21:48:31+0200
2026-08-01,rw_v1,HR,G47,2026-06-01,118.1,1,2026-07-01,118.6074,117.6254,119.3793,116.4667,120.4652,FALSE,FALSE,aug-2026,2026-08-02T21:48:31+0200
2026-08-01,rw_v1,HR,G47,2026-06-01,118.1,2,2026-08-01,118.8556,117.6841,119.8337,116.462,121.1168,FALSE,FALSE,aug-2026,2026-08-02T21:48:31+0200
2026-08-01,rw_v1,HU,G47,2026-05-01,106.8,1,2026-06-01,107.074,106.2853,107.6062,105.5262,108.3233,FALSE,FALSE,aug-2026,2026-08-02T21:48:31+0200
2026-08-01,rw_v1,HU,G47,2026-05-01,106.8,2,2026-07-01,107.2361,106.5279,108.0252,105.3253,108.8492,FALSE,FALSE,aug-2026,2026-08-02T21:48:31+0200
2026-08-01,rw_v1,HU,G47,2026-05-01,106.8,3,2026-08-01,107.3775,106.7348,108.2584,104.7404,109.2936,FALSE,FALSE,aug-2026,2026-08-02T21:48:31+0200
2026-08-01,rw_v1,IE,G47,2026-06-01,111.6,1,2026-07-01,111.4656,111.1029,112.2015,110.1938,112.6696,FALSE,FALSE,aug-2026,2026-08-02T21:48:31+0200
2026-08-01,rw_v1,IE,G47,2026-06-01,111.6,2,2026-08-01,111.4135,110.721,112.1049,109.6077,112.6887,FALSE,FALSE,aug-2026,2026-08-02T21:48:31+0200
2026-08-01,rw_v1,IT,G47,2026-05-01,98,1,2026-06-01,97.9785,97.5375,98.4204,96.9882,99.1035,FALSE,FALSE,aug-2026,2026-08-02T21:48:31+0200
2026-08-01,rw_v1,IT,G47,2026-05-01,98,2,2026-07-01,98.0055,97.4684,98.4372,96.8735,99.7557,FALSE,FALSE,aug-2026,2026-08-02T21:48:31+0200
2026-08-01,rw_v1,IT,G47,2026-05-01,98,3,2026-08-01,97.972,97.4093,98.4422,96.697,100.8577,FALSE,FALSE,aug-2026,2026-08-02T21:48:31+0200
2026-08-01,rw_v1,LT,G47,2026-06-01,114.2,1,2026-07-01,114.6133,113.5544,115.3335,112.7973,116.8024,FALSE,FALSE,aug-2026,2026-08-02T21:48:31+0200
2026-08-01,rw_v1,LT,G47,2026-06-01,114.2,2,2026-08-01,114.9515,113.5183,115.9632,112.2508,117.5298,FALSE,FALSE,aug-2026,2026-08-02T21:48:31+0200
2026-08-01,rw_v1,LU,G47,2026-06-01,144.3,1,2026-07-01,146.8456,144.5368,149.1862,141.4598,151.6682,FALSE,FALSE,aug-2026,2026-08-02T21:48:31+0200
2026-08-01,rw_v1,LU,G47,2026-06-01,144.3,2,2026-08-01,149.5223,145.0053,153.6269,140.7333,156.847,FALSE,FALSE,aug-2026,2026-08-02T21:48:31+0200
2026-08-01,rw_v1,LV,G47,2026-06-01,107.1,1,2026-07-01,107.1769,106.2743,108.0932,105.2129,109.8991,FALSE,FALSE,aug-2026,2026-08-02T21:48:31+0200
2026-08-01,rw_v1,LV,G47,2026-06-01,107.1,2,2026-08-01,107.447,106.2025,108.525,104.59,109.8663,FALSE,FALSE,aug-2026,2026-08-02T21:48:31+0200
2026-08-01,rw_v1,ME,G47,2026-06-01,144.2,1,2026-07-01,144.7914,143.2963,146.8277,140.7964,149.3793,FALSE,FALSE,aug-2026,2026-08-02T21:48:31+0200
2026-08-01,rw_v1,ME,G47,2026-06-01,144.2,2,2026-08-01,145.5022,143.5621,147.846,140.9935,150.7434,FALSE,FALSE,aug-2026,2026-08-02T21:48:31+0200
2026-08-01,rw_v1,MK,G47,2026-05-01,110.5,1,2026-06-01,111.0012,109.0037,113.0685,106.3303,114.9812,FALSE,FALSE,aug-2026,2026-08-02T21:48:31+0200
2026-08-01,rw_v1,MK,G47,2026-05-01,110.5,2,2026-07-01,111.1003,108.8378,113.4737,106.8417,116.5048,FALSE,FALSE,aug-2026,2026-08-02T21:48:31+0200
2026-08-01,rw_v1,MK,G47,2026-05-01,110.5,3,2026-08-01,111.619,109.6911,113.1945,105.9804,116.4188,FALSE,FALSE,aug-2026,2026-08-02T21:48:31+0200
2026-08-01,rw_v1,MT,G47,2026-06-01,127.8,1,2026-07-01,128.1819,127.4163,129.4331,126.3025,130.6991,FALSE,FALSE,aug-2026,2026-08-02T21:48:31+0200
2026-08-01,rw_v1,MT,G47,2026-06-01,127.8,2,2026-08-01,128.708,127.766,130.0136,126.3239,131.5615,FALSE,FALSE,aug-2026,2026-08-02T21:48:31+0200
2026-08-01,rw_v1,NL,G47,2026-06-01,102.9,1,2026-07-01,103.0022,102.2391,103.6843,101.3594,104.393,FALSE,FALSE,aug-2026,2026-08-02T21:48:31+0200
2026-08-01,rw_v1,NL,G47,2026-06-01,102.9,2,2026-08-01,102.9758,102.3133,103.8825,101.3792,104.6766,FALSE,FALSE,aug-2026,2026-08-02T21:48:31+0200
2026-08-01,rw_v1,NO,G47,2026-06-01,95.6,1,2026-07-01,95.7288,94.8324,96.3055,93.8501,97.2024,FALSE,FALSE,aug-2026,2026-08-02T21:48:31+0200
2026-08-01,rw_v1,NO,G47,2026-06-01,95.6,2,2026-08-01,95.695,94.7341,96.6019,93.4097,97.3835,FALSE,FALSE,aug-2026,2026-08-02T21:48:31+0200
2026-08-01,rw_v1,PL,G47,2026-06-01,115.5,1,2026-07-01,115.7571,114.9723,116.5647,113.8922,117.7633,FALSE,FALSE,aug-2026,2026-08-02T21:48:31+0200
2026-08-01,rw_v1,PL,G47,2026-06-01,115.5,2,2026-08-01,116.0042,115.013,117.0639,114.2421,118.2284,FALSE,FALSE,aug-2026,2026-08-02T21:48:31+0200
2026-08-01,rw_v1,PT,G47,2026-06-01,120.8,1,2026-07-01,121.2365,120.3189,122.0991,119.0278,123.3279,FALSE,FALSE,aug-2026,2026-08-02T21:48:31+0200
2026-08-01,rw_v1,PT,G47,2026-06-01,120.8,2,2026-08-01,121.507,120.4536,122.5321,119.4685,123.952,FALSE,FALSE,aug-2026,2026-08-02T21:48:31+0200
2026-08-01,rw_v1,RO,G47,2026-05-01,112.2,1,2026-06-01,112.507,111.6493,113.4623,110.457,114.3803,FALSE,FALSE,aug-2026,2026-08-02T21:48:31+0200
2026-08-01,rw_v1,RO,G47,2026-05-01,112.2,2,2026-07-01,112.7795,111.6833,113.9142,110.5118,114.8032,FALSE,FALSE,aug-2026,2026-08-02T21:48:31+0200
2026-08-01,rw_v1,RO,G47,2026-05-01,112.2,3,2026-08-01,113.0553,111.7063,114.1688,109.9107,115.482,FALSE,FALSE,aug-2026,2026-08-02T21:48:31+0200
2026-08-01,rw_v1,RS,G47,2026-06-01,119.2,1,2026-07-01,119.5073,118.6254,120.6421,117.6063,121.5836,FALSE,FALSE,aug-2026,2026-08-02T21:48:31+0200
2026-08-01,rw_v1,RS,G47,2026-06-01,119.2,2,2026-08-01,119.8837,118.4084,121.6571,117.6764,122.5949,FALSE,FALSE,aug-2026,2026-08-02T21:48:31+0200
2026-08-01,rw_v1,SE,G47,2026-06-01,102,1,2026-07-01,102.1914,101.6615,102.7283,100.9105,103.3933,TRUE,FALSE,aug-2026,2026-08-02T21:48:31+0200
2026-08-01,rw_v1,SE,G47,2026-06-01,102,2,2026-08-01,102.3755,101.707,102.9962,100.8557,103.848,TRUE,FALSE,aug-2026,2026-08-02T21:48:31+0200
2026-08-01,rw_v1,SI,G47,2026-06-01,103.1,1,2026-07-01,103.19,101.7955,104.315,100.6157,105.6057,FALSE,FALSE,aug-2026,2026-08-02T21:48:31+0200
2026-08-01,rw_v1,SI,G47,2026-06-01,103.1,2,2026-08-01,102.9489,101.2186,104.5995,99.9129,106.9902,FALSE,FALSE,aug-2026,2026-08-02T21:48:31+0200
2026-08-01,rw_v1,SK,G47,2026-05-01,102.8,1,2026-06-01,103.0497,102.2698,103.9076,100.9081,105.0073,FALSE,FALSE,aug-2026,2026-08-02T21:48:31+0200
2026-08-01,rw_v1,SK,G47,2026-05-01,102.8,2,2026-07-01,103.1922,101.794,104.1245,100.3463,105.3235,FALSE,FALSE,aug-2026,2026-08-02T21:48:31+0200
2026-08-01,rw_v1,SK,G47,2026-05-01,102.8,3,2026-08-01,103.2399,101.8723,104.3132,99.8023,106.0512,FALSE,FALSE,aug-2026,2026-08-02T21:48:31+0200
2026-08-01,rw_v1,TR,G47,2026-05-01,206.2,1,2026-06-01,208.1256,206.4673,209.5638,204.0491,211.2323,FALSE,FALSE,aug-2026,2026-08-02T21:48:31+0200
2026-08-01,rw_v1,TR,G47,2026-05-01,206.2,2,2026-07-01,209.6311,207.3952,211.4716,205.3619,214.2749,FALSE,FALSE,aug-2026,2026-08-02T21:48:31+0200
2026-08-01,rw_v1,TR,G47,2026-05-01,206.2,3,2026-08-01,211.0931,208.3264,213.971,205.3193,217.4954,FALSE,FALSE,aug-2026,2026-08-02T21:48:31+0200
2026-08-01,rw_v1,EA21,G47,2026-05-01,104.4,1,2026-06-01,104.5041,104.0787,104.9395,103.4795,105.6488,FALSE,FALSE,aug-2026,2026-08-02T21:48:31+0200
2026-08-01,rw_v1,EA21,G47,2026-05-01,104.4,2,2026-07-01,104.6049,104.159,105.045,103.3924,105.7467,FALSE,FALSE,aug-2026,2026-08-02T21:48:31+0200
2026-08-01,rw_v1,EA21,G47,2026-05-01,104.4,3,2026-08-01,104.8221,104.0525,105.3494,103.3131,106.0294,FALSE,FALSE,aug-2026,2026-08-02T21:48:31+0200
2026-08-01,rw_v1,AL,G47_FOOD,2026-05-01,119.5,1,2026-06-01,120.0902,118.6784,121.056,115.7113,122.8199,FALSE,FALSE,aug-2026,2026-08-02T21:48:32+0200
2026-08-01,rw_v1,AL,G47_FOOD,2026-05-01,119.5,2,2026-07-01,120.0492,118.7495,121.7337,116.8075,123.5707,FALSE,FALSE,aug-2026,2026-08-02T21:48:32+0200
2026-08-01,rw_v1,AL,G47_FOOD,2026-05-01,119.5,3,2026-08-01,120.7054,118.5174,122.0016,116.9115,123.6096,FALSE,FALSE,aug-2026,2026-08-02T21:48:32+0200
2026-08-01,rw_v1,AL,G47_NFOOD_X_G473,2026-05-01,120.6,1,2026-06-01,120.921,118.8969,123.07470000000001,117.0334,124.9812,FALSE,FALSE,aug-2026,2026-08-02T21:48:32+0200
2026-08-01,rw_v1,AL,G47_NFOOD_X_G473,2026-05-01,120.6,2,2026-07-01,121.5228,119.1271,123.3346,116.676,126.672,FALSE,FALSE,aug-2026,2026-08-02T21:48:32+0200
2026-08-01,rw_v1,AL,G47_NFOOD_X_G473,2026-05-01,120.6,3,2026-08-01,121.2582,119.5164,123.8578,116.7864,126.2236,FALSE,FALSE,aug-2026,2026-08-02T21:48:32+0200
2026-08-01,rw_v1,AL,G474,2026-03-01,118.3,1,2026-04-01,117.9978,110.8954,125.3669,102.1457,133.4394,FALSE,TRUE,aug-2026,2026-08-02T21:48:32+0200
2026-08-01,rw_v1,AL,G474,2026-03-01,118.3,2,2026-05-01,118.3803,110.2016,126.3103,102.4562,136.2696,FALSE,TRUE,aug-2026,2026-08-02T21:48:32+0200
2026-08-01,rw_v1,AL,G474,2026-03-01,118.3,3,2026-06-01,118.5206,112.5909,125.8538,100.8426,133.529,FALSE,TRUE,aug-2026,2026-08-02T21:48:32+0200
2026-08-01,rw_v1,AL,G474,2026-03-01,118.3,4,2026-07-01,119.1632,108.8176,127.6097,99.9004,136.6162,FALSE,TRUE,aug-2026,2026-08-02T21:48:32+0200
2026-08-01,rw_v1,AL,G474,2026-03-01,118.3,5,2026-08-01,119.408,111.4737,128.1241,100.9315,135.4187,FALSE,TRUE,aug-2026,2026-08-02T21:48:32+0200
2026-08-01,rw_v1,AL,G475,2026-03-01,123.2,1,2026-04-01,123.8511,120.5206,126.0817,116.8545,129.9389,FALSE,FALSE,aug-2026,2026-08-02T21:48:32+0200
2026-08-01,rw_v1,AL,G475,2026-03-01,123.2,2,2026-05-01,123.3546,120.8593,127.5226,117.296,130.6854,FALSE,FALSE,aug-2026,2026-08-02T21:48:32+0200
2026-08-01,rw_v1,AL,G475,2026-03-01,123.2,3,2026-06-01,124.167,119.817,128.2909,117.4251,131.0489,FALSE,FALSE,aug-2026,2026-08-02T21:48:32+0200
2026-08-01,rw_v1,AL,G475,2026-03-01,123.2,4,2026-07-01,123.9014,120.5479,128.6492,116.1699,132.0525,FALSE,FALSE,aug-2026,2026-08-02T21:48:32+0200
2026-08-01,rw_v1,AL,G475,2026-03-01,123.2,5,2026-08-01,124.4357,120.3823,128.8923,116.9528,132.8433,FALSE,FALSE,aug-2026,2026-08-02T21:48:32+0200
2026-08-01,rw_v1,AL,G476,2026-03-01,104,1,2026-04-01,103.9794,98.9238,110.8683,87.121,117.9816,FALSE,TRUE,aug-2026,2026-08-02T21:48:32+0200
2026-08-01,rw_v1,AL,G476,2026-03-01,104,2,2026-05-01,104.6507,97.56,112.3289,86.1422,121.1021,FALSE,TRUE,aug-2026,2026-08-02T21:48:32+0200
2026-08-01,rw_v1,AL,G476,2026-03-01,104,3,2026-06-01,104.0515,96.888,112.5855,88.5971,121.8046,FALSE,TRUE,aug-2026,2026-08-02T21:48:32+0200
2026-08-01,rw_v1,AL,G476,2026-03-01,104,4,2026-07-01,103.7754,96.0512,115.2983,86.9796,122.4891,FALSE,TRUE,aug-2026,2026-08-02T21:48:32+0200
2026-08-01,rw_v1,AL,G476,2026-03-01,104,5,2026-08-01,105.2404,96.5068,114.0677,87.3202,121.4303,FALSE,TRUE,aug-2026,2026-08-02T21:48:32+0200
2026-08-01,rw_v1,AT,G47_FOOD,2026-05-01,100.2,1,2026-06-01,100.1981,98.8819,101.5368,97.6387,103.005,FALSE,FALSE,aug-2026,2026-08-02T21:48:32+0200
2026-08-01,rw_v1,AT,G47_FOOD,2026-05-01,100.2,2,2026-07-01,100.3504,99.0556,101.214,97.6083,103.3716,FALSE,FALSE,aug-2026,2026-08-02T21:48:32+0200
2026-08-01,rw_v1,AT,G47_FOOD,2026-05-01,100.2,3,2026-08-01,100.5394,99.0339,101.835,97.5113,103.078,FALSE,FALSE,aug-2026,2026-08-02T21:48:32+0200
2026-08-01,rw_v1,AT,G47_NFOOD_X_G473,2026-05-01,97.1,1,2026-06-01,96.906,95.8471,98.2673,94.5497,99.1236,FALSE,FALSE,aug-2026,2026-08-02T21:48:32+0200
2026-08-01,rw_v1,AT,G47_NFOOD_X_G473,2026-05-01,97.1,2,2026-07-01,97.0125,96.0073,97.8637,93.3441,100.0578,FALSE,FALSE,aug-2026,2026-08-02T21:48:32+0200
2026-08-01,rw_v1,AT,G47_NFOOD_X_G473,2026-05-01,97.1,3,2026-08-01,96.9367,95.4799,98.3268,93.4344,100.3415,FALSE,FALSE,aug-2026,2026-08-02T21:48:32+0200
2026-08-01,rw_v1,AT,G474,2026-05-01,98.4,1,2026-06-01,97.9465,96.5837,99.497,95.6829,100.4365,FALSE,FALSE,aug-2026,2026-08-02T21:48:32+0200
2026-08-01,rw_v1,AT,G474,2026-05-01,98.4,2,2026-07-01,97.6733,95.8848,98.8489,95.1186,100.6984,FALSE,FALSE,aug-2026,2026-08-02T21:48:32+0200
2026-08-01,rw_v1,AT,G474,2026-05-01,98.4,3,2026-08-01,97.3682,94.8847,99.3203,93.4033,100.7191,FALSE,FALSE,aug-2026,2026-08-02T21:48:32+0200
2026-08-01,rw_v1,AT,G475,2026-05-01,79.7,1,2026-06-01,79.3886,78.1358,80.3579,77.2135,81.4054,FALSE,FALSE,aug-2026,2026-08-02T21:48:32+0200
2026-08-01,rw_v1,AT,G475,2026-05-01,79.7,2,2026-07-01,79.3107,77.5461,80.2681,75.0834,81.7903,FALSE,FALSE,aug-2026,2026-08-02T21:48:32+0200
2026-08-01,rw_v1,AT,G475,2026-05-01,79.7,3,2026-08-01,79.2805,77.2636,80.1494,74.7551,81.6326,FALSE,FALSE,aug-2026,2026-08-02T21:48:32+0200
2026-08-01,rw_v1,AT,G476,2026-05-01,100.4,1,2026-06-01,99.2286,98.5463,100.4547,97.1234,102.8453,FALSE,FALSE,aug-2026,2026-08-02T21:48:32+0200
2026-08-01,rw_v1,AT,G476,2026-05-01,100.4,2,2026-07-01,98.9888,96.4809,101.5239,94.0628,103.0143,FALSE,FALSE,aug-2026,2026-08-02T21:48:32+0200
2026-08-01,rw_v1,AT,G476,2026-05-01,100.4,3,2026-08-01,98.4481,95.6962,100.6265,92.1197,102.2165,FALSE,FALSE,aug-2026,2026-08-02T21:48:32+0200
2026-08-01,rw_v1,AT,G477,2026-05-01,106.3,1,2026-06-01,106.1713,105.1246,107.3075,103.8427,108.514,FALSE,FALSE,aug-2026,2026-08-02T21:48:32+0200
2026-08-01,rw_v1,AT,G477,2026-05-01,106.3,2,2026-07-01,105.9741,104.8129,106.766,104.1016,108.5417,FALSE,FALSE,aug-2026,2026-08-02T21:48:32+0200
2026-08-01,rw_v1,AT,G477,2026-05-01,106.3,3,2026-08-01,105.799,104.1249,106.7989,103.2973,107.6912,FALSE,FALSE,aug-2026,2026-08-02T21:48:32+0200
2026-08-01,rw_v1,AT,G479,2026-05-01,86.2,1,2026-06-01,86.0386,84.4762,87.784,83.2647,89.5207,FALSE,FALSE,aug-2026,2026-08-02T21:48:32+0200
2026-08-01,rw_v1,AT,G479,2026-05-01,86.2,2,2026-07-01,86.1886,83.7094,87.9455,81.7147,90.7552,FALSE,FALSE,aug-2026,2026-08-02T21:48:32+0200
2026-08-01,rw_v1,AT,G479,2026-05-01,86.2,3,2026-08-01,85.9416,83.7185,87.897,81.1015,91.6538,FALSE,FALSE,aug-2026,2026-08-02T21:48:32+0200
2026-08-01,rw_v1,BE,G47_FOOD,2026-06-01,88.4,1,2026-07-01,88.3072,87.0311,89.3223,86.1503,90.2995,FALSE,FALSE,aug-2026,2026-08-02T21:48:32+0200
2026-08-01,rw_v1,BE,G47_FOOD,2026-06-01,88.4,2,2026-08-01,88.2758,86.8857,89.2944,85.7855,90.0299,FALSE,FALSE,aug-2026,2026-08-02T21:48:32+0200
2026-08-01,rw_v1,BE,G47_NFOOD_X_G473,2026-06-01,98.7,1,2026-07-01,98.6254,97.4719,100.1272,96.1366,101.3008,FALSE,FALSE,aug-2026,2026-08-02T21:48:32+0200
2026-08-01,rw_v1,BE,G47_NFOOD_X_G473,2026-06-01,98.7,2,2026-08-01,98.7615,97.6933,100.1719,95.8535,102.4563,FALSE,FALSE,aug-2026,2026-08-02T21:48:32+0200
2026-08-01,rw_v1,BE,G474,2026-06-01,138.4,1,2026-07-01,139.2156,136.3924,141.5499,131.9384,146.5205,FALSE,FALSE,aug-2026,2026-08-02T21:48:32+0200
2026-08-01,rw_v1,BE,G474,2026-06-01,138.4,2,2026-08-01,139.4721,137.0087,143.6378,133.2226,146.3652,FALSE,FALSE,aug-2026,2026-08-02T21:48:32+0200
2026-08-01,rw_v1,BE,G475,2026-06-01,88.6,1,2026-07-01,88.5094,86.9637,89.8459,85.2334,91.9802,FALSE,FALSE,aug-2026,2026-08-02T21:48:32+0200
2026-08-01,rw_v1,BE,G475,2026-06-01,88.6,2,2026-08-01,88.3677,86.9019,89.8576,85.1026,91.6775,FALSE,FALSE,aug-2026,2026-08-02T21:48:32+0200
2026-08-01,rw_v1,BE,G476,2026-06-01,92.3,1,2026-07-01,91.9851,90.3064,93.5385,88.1836,96.1873,FALSE,FALSE,aug-2026,2026-08-02T21:48:32+0200
2026-08-01,rw_v1,BE,G476,2026-06-01,92.3,2,2026-08-01,92.0108,90.0996,94.0832,88.9016,96.1374,FALSE,FALSE,aug-2026,2026-08-02T21:48:32+0200
2026-08-01,rw_v1,BE,G477,2026-06-01,98,1,2026-07-01,98.0182,96.4567,99.5954,94.2316,101.1683,FALSE,FALSE,aug-2026,2026-08-02T21:48:32+0200
2026-08-01,rw_v1,BE,G477,2026-06-01,98,2,2026-08-01,98.1218,96.591,99.9009,93.7398,101.5865,FALSE,FALSE,aug-2026,2026-08-02T21:48:32+0200
2026-08-01,rw_v1,BE,G479,2026-06-01,119.1,1,2026-07-01,119.6441,116.5984,121.8523,113.6675,124.2713,FALSE,FALSE,aug-2026,2026-08-02T21:48:32+0200
2026-08-01,rw_v1,BE,G479,2026-06-01,119.1,2,2026-08-01,119.7749,117.1507,122.993,114.0536,125.521,FALSE,FALSE,aug-2026,2026-08-02T21:48:32+0200
2026-08-01,rw_v1,BG,G47_FOOD,2026-06-01,110,1,2026-07-01,110.1166,109.3075,111.1479,107.8403,112.4836,FALSE,FALSE,aug-2026,2026-08-02T21:48:32+0200
2026-08-01,rw_v1,BG,G47_FOOD,2026-06-01,110,2,2026-08-01,110.4419,108.853,111.8611,107.5847,113.8607,FALSE,FALSE,aug-2026,2026-08-02T21:48:32+0200
2026-08-01,rw_v1,BG,G47_NFOOD_X_G473,2026-06-01,141.6,1,2026-07-01,142.4611,141.3277,143.7347,140.1979,145.0449,FALSE,FALSE,aug-2026,2026-08-02T21:48:32+0200
2026-08-01,rw_v1,BG,G47_NFOOD_X_G473,2026-06-01,141.6,2,2026-08-01,143.1449,142.3481,144.4643,140.744,147.46,FALSE,FALSE,aug-2026,2026-08-02T21:48:32+0200
2026-08-01,rw_v1,CH,G47_FOOD,2026-06-01,96.3,1,2026-07-01,96.2844,95.4065,97.0229,94.3275,98.6319,FALSE,FALSE,aug-2026,2026-08-02T21:48:32+0200
2026-08-01,rw_v1,CH,G47_FOOD,2026-06-01,96.3,2,2026-08-01,96.2981,95.2702,97.3804,94.3127,99.4264,FALSE,FALSE,aug-2026,2026-08-02T21:48:32+0200
2026-08-01,rw_v1,CH,G47_NFOOD_X_G473,2026-06-01,107.7,1,2026-07-01,107.9064,106.7175,108.8258,105.0202,110.0506,FALSE,FALSE,aug-2026,2026-08-02T21:48:32+0200
2026-08-01,rw_v1,CH,G47_NFOOD_X_G473,2026-06-01,107.7,2,2026-08-01,107.919,106.5573,109.2173,105.4256,110.2841,FALSE,FALSE,aug-2026,2026-08-02T21:48:32+0200
2026-08-01,rw_v1,CH,G474,2026-06-01,155.5,1,2026-07-01,156.7899,154.3417,158.8751,150.9957,162.2306,FALSE,FALSE,aug-2026,2026-08-02T21:48:32+0200
2026-08-01,rw_v1,CH,G474,2026-06-01,155.5,2,2026-08-01,157.5406,155.043,159.9325,151.7346,163.1042,FALSE,FALSE,aug-2026,2026-08-02T21:48:32+0200
2026-08-01,rw_v1,CH,G475,2026-06-01,90.5,1,2026-07-01,90.3636,88.4386,91.6353,85.4822,93.3236,FALSE,FALSE,aug-2026,2026-08-02T21:48:32+0200
2026-08-01,rw_v1,CH,G475,2026-06-01,90.5,2,2026-08-01,89.9016,87.8281,91.7186,84.4242,94.2245,FALSE,FALSE,aug-2026,2026-08-02T21:48:32+0200
2026-08-01,rw_v1,CH,G476,2026-06-01,105.3,1,2026-07-01,105.016,104.0433,106.4489,101.8223,108.4038,FALSE,FALSE,aug-2026,2026-08-02T21:48:32+0200
2026-08-01,rw_v1,CH,G476,2026-06-01,105.3,2,2026-08-01,105.284,103.6709,106.8337,101.3751,109.6204,FALSE,FALSE,aug-2026,2026-08-02T21:48:32+0200
2026-08-01,rw_v1,CH,G477,2026-06-01,111,1,2026-07-01,111.0741,109.1234,112.9691,106.8641,115.4541,FALSE,FALSE,aug-2026,2026-08-02T21:48:32+0200
2026-08-01,rw_v1,CH,G477,2026-06-01,111,2,2026-08-01,111.1482,108.8378,113.3685,107.2814,114.9093,FALSE,FALSE,aug-2026,2026-08-02T21:48:32+0200
2026-08-01,rw_v1,CY,G47_FOOD,2026-06-01,124,1,2026-07-01,124.5539,123.0389,125.9556,121.4368,127.2763,FALSE,FALSE,aug-2026,2026-08-02T21:48:32+0200
2026-08-01,rw_v1,CY,G47_FOOD,2026-06-01,124,2,2026-08-01,124.9335,123.1496,126.6195,122.0944,128.3903,FALSE,FALSE,aug-2026,2026-08-02T21:48:32+0200
2026-08-01,rw_v1,CY,G47_NFOOD_X_G473,2026-06-01,145.5,1,2026-07-01,146.3575,144.9039,147.5448,143.3952,148.6722,FALSE,FALSE,aug-2026,2026-08-02T21:48:32+0200
2026-08-01,rw_v1,CY,G47_NFOOD_X_G473,2026-06-01,145.5,2,2026-08-01,146.975,145.6991,148.6944,143.567,150.2214,FALSE,FALSE,aug-2026,2026-08-02T21:48:32+0200
2026-08-01,rw_v1,CZ,G47_FOOD,2026-05-01,94,1,2026-06-01,93.8117,92.9623,94.7058,92.228,95.7525,FALSE,FALSE,aug-2026,2026-08-02T21:48:32+0200
2026-08-01,rw_v1,CZ,G47_FOOD,2026-05-01,94,2,2026-07-01,93.9851,92.6003,94.7344,91.7882,95.4206,FALSE,FALSE,aug-2026,2026-08-02T21:48:32+0200
2026-08-01,rw_v1,CZ,G47_FOOD,2026-05-01,94,3,2026-08-01,93.7477,92.3801,94.923,91.2712,95.8718,FALSE,FALSE,aug-2026,2026-08-02T21:48:32+0200
2026-08-01,rw_v1,CZ,G47_NFOOD_X_G473,2026-05-01,107.5,1,2026-06-01,107.7166,106.9167,108.8234,105.5665,109.6531,FALSE,FALSE,aug-2026,2026-08-02T21:48:32+0200
2026-08-01,rw_v1,CZ,G47_NFOOD_X_G473,2026-05-01,107.5,2,2026-07-01,107.9839,106.8896,109.078,105.0849,110.146,FALSE,FALSE,aug-2026,2026-08-02T21:48:32+0200
2026-08-01,rw_v1,CZ,G47_NFOOD_X_G473,2026-05-01,107.5,3,2026-08-01,108.3752,107.1272,109.3708,103.5067,110.53,FALSE,FALSE,aug-2026,2026-08-02T21:48:32+0200
2026-08-01,rw_v1,CZ,G474,2026-05-01,87.1,1,2026-06-01,87.1726,85.5247,89.0268,82.9654,90.867,FALSE,FALSE,aug-2026,2026-08-02T21:48:32+0200
2026-08-01,rw_v1,CZ,G474,2026-05-01,87.1,2,2026-07-01,87.131,84.8997,89.6507,81.8931,92.0468,FALSE,FALSE,aug-2026,2026-08-02T21:48:32+0200
2026-08-01,rw_v1,CZ,G474,2026-05-01,87.1,3,2026-08-01,87.5479,84.0386,90.1013,81.5704,92.3967,FALSE,FALSE,aug-2026,2026-08-02T21:48:32+0200
2026-08-01,rw_v1,CZ,G475,2026-05-01,86.7,1,2026-06-01,86.5997,85.2107,88.1263,83.3049,89.4513,FALSE,FALSE,aug-2026,2026-08-02T21:48:32+0200
2026-08-01,rw_v1,CZ,G475,2026-05-01,86.7,2,2026-07-01,86.4401,84.2365,88.2936,82.1543,90.6882,FALSE,FALSE,aug-2026,2026-08-02T21:48:32+0200
2026-08-01,rw_v1,CZ,G475,2026-05-01,86.7,3,2026-08-01,86.3684,84.0363,88.5646,80.8523,90.6323,FALSE,FALSE,aug-2026,2026-08-02T21:48:32+0200
2026-08-01,rw_v1,CZ,G476,2026-05-01,100.4,1,2026-06-01,100.3001,99.1384,101.479,97.0356,103.3873,FALSE,FALSE,aug-2026,2026-08-02T21:48:32+0200
2026-08-01,rw_v1,CZ,G476,2026-05-01,100.4,2,2026-07-01,100.421,98.7295,101.7675,94.7605,103.0771,FALSE,FALSE,aug-2026,2026-08-02T21:48:32+0200
2026-08-01,rw_v1,CZ,G476,2026-05-01,100.4,3,2026-08-01,100.3914,98.1853,101.8051,89.9672,103.408,FALSE,FALSE,aug-2026,2026-08-02T21:48:32+0200
2026-08-01,rw_v1,CZ,G477,2026-05-01,110,1,2026-06-01,110.2493,109.0505,111.1033,107.1493,112.837,FALSE,FALSE,aug-2026,2026-08-02T21:48:32+0200
2026-08-01,rw_v1,CZ,G477,2026-05-01,110,2,2026-07-01,110.4148,108.9807,111.4712,107.1445,113.0668,FALSE,FALSE,aug-2026,2026-08-02T21:48:32+0200
2026-08-01,rw_v1,CZ,G477,2026-05-01,110,3,2026-08-01,110.7341,108.7531,111.7173,106.2984,114.087,FALSE,FALSE,aug-2026,2026-08-02T21:48:32+0200
2026-08-01,rw_v1,CZ,G479,2026-05-01,122.6,1,2026-06-01,123.1441,122.0133,124.4988,120.0642,126.0426,FALSE,FALSE,aug-2026,2026-08-02T21:48:32+0200
2026-08-01,rw_v1,CZ,G479,2026-05-01,122.6,2,2026-07-01,124.0019,122.1999,125.4321,119.9648,127.45,FALSE,FALSE,aug-2026,2026-08-02T21:48:32+0200
2026-08-01,rw_v1,CZ,G479,2026-05-01,122.6,3,2026-08-01,124.847,122.6529,126.4354,119.6781,128.7174,FALSE,FALSE,aug-2026,2026-08-02T21:48:32+0200
2026-08-01,rw_v1,DE,G47_FOOD,2026-05-01,95.9,1,2026-06-01,95.9179,95.0031,96.9549,93.7209,97.8356,FALSE,FALSE,aug-2026,2026-08-02T21:48:32+0200
2026-08-01,rw_v1,DE,G47_FOOD,2026-05-01,95.9,2,2026-07-01,95.8283,94.9057,97.0836,93.3431,98.0725,FALSE,FALSE,aug-2026,2026-08-02T21:48:32+0200
2026-08-01,rw_v1,DE,G47_FOOD,2026-05-01,95.9,3,2026-08-01,95.9723,94.7349,97.1014,92.978,98.327,FALSE,FALSE,aug-2026,2026-08-02T21:48:32+0200
2026-08-01,rw_v1,DE,G47_NFOOD_X_G473,2026-05-01,106.4,1,2026-06-01,106.5467,105.3899,107.5193,103.9241,109.0556,FALSE,FALSE,aug-2026,2026-08-02T21:48:32+0200
2026-08-01,rw_v1,DE,G47_NFOOD_X_G473,2026-05-01,106.4,2,2026-07-01,106.4308,105.376,107.9794,103.8652,109.44,FALSE,FALSE,aug-2026,2026-08-02T21:48:32+0200
2026-08-01,rw_v1,DE,G47_NFOOD_X_G473,2026-05-01,106.4,3,2026-08-01,106.8752,105.3071,108.3092,103.5821,109.8271,FALSE,FALSE,aug-2026,2026-08-02T21:48:32+0200
2026-08-01,rw_v1,DE,G474,2026-05-01,117.1,1,2026-06-01,117.5917,115.2991,119.2488,111.9527,121.513,FALSE,FALSE,aug-2026,2026-08-02T21:48:32+0200
2026-08-01,rw_v1,DE,G474,2026-05-01,117.1,2,2026-07-01,117.371,114.6932,120.2019,111.7767,123.1317,FALSE,FALSE,aug-2026,2026-08-02T21:48:32+0200
2026-08-01,rw_v1,DE,G474,2026-05-01,117.1,3,2026-08-01,117.7819,114.7501,120.7745,112.5918,123.4281,FALSE,FALSE,aug-2026,2026-08-02T21:48:32+0200
2026-08-01,rw_v1,DE,G475,2026-05-01,87.6,1,2026-06-01,87.5069,86.0791,88.4893,84.529,89.9993,FALSE,FALSE,aug-2026,2026-08-02T21:48:32+0200
2026-08-01,rw_v1,DE,G475,2026-05-01,87.6,2,2026-07-01,87.342,85.6347,88.9736,83.6317,90.6403,FALSE,FALSE,aug-2026,2026-08-02T21:48:32+0200
2026-08-01,rw_v1,DE,G475,2026-05-01,87.6,3,2026-08-01,87.126,85.4118,88.7909,81.6471,90.9296,FALSE,FALSE,aug-2026,2026-08-02T21:48:32+0200
2026-08-01,rw_v1,DE,G476,2026-05-01,97.3,1,2026-06-01,96.9075,94.8867,99.0464,92.6987,102.4793,FALSE,TRUE,aug-2026,2026-08-02T21:48:32+0200
2026-08-01,rw_v1,DE,G476,2026-05-01,97.3,2,2026-07-01,96.3347,94.2573,100.1356,91.1505,104.3344,FALSE,TRUE,aug-2026,2026-08-02T21:48:32+0200
2026-08-01,rw_v1,DE,G476,2026-05-01,97.3,3,2026-08-01,96.6782,94.17,100.3898,90.1094,106.1994,FALSE,TRUE,aug-2026,2026-08-02T21:48:32+0200
2026-08-01,rw_v1,DE,G477,2026-05-01,111.2,1,2026-06-01,111.2722,109.887,112.7368,107.9246,114.3539,FALSE,FALSE,aug-2026,2026-08-02T21:48:32+0200
2026-08-01,rw_v1,DE,G477,2026-05-01,111.2,2,2026-07-01,111.4205,109.9464,112.7508,108.7108,114.4968,FALSE,FALSE,aug-2026,2026-08-02T21:48:32+0200
2026-08-01,rw_v1,DE,G477,2026-05-01,111.2,3,2026-08-01,111.7997,110.343,112.8449,107.4639,115.6317,FALSE,FALSE,aug-2026,2026-08-02T21:48:32+0200
2026-08-01,rw_v1,DE,G479,2026-05-01,112.2,1,2026-06-01,112.2817,110.7454,114.6288,109.022,116.0628,FALSE,FALSE,aug-2026,2026-08-02T21:48:32+0200
2026-08-01,rw_v1,DE,G479,2026-05-01,112.2,2,2026-07-01,112.8891,110.9073,114.6861,109.4219,116.7076,FALSE,FALSE,aug-2026,2026-08-02T21:48:32+0200
2026-08-01,rw_v1,DE,G479,2026-05-01,112.2,3,2026-08-01,113.5757,110.8774,115.3085,108.4376,117.8776,FALSE,FALSE,aug-2026,2026-08-02T21:48:32+0200
2026-08-01,rw_v1,DK,G47_FOOD,2026-06-01,89.7,1,2026-07-01,89.5518,88.7942,90.3998,88.2953,91.1892,FALSE,FALSE,aug-2026,2026-08-02T21:48:32+0200
2026-08-01,rw_v1,DK,G47_FOOD,2026-06-01,89.7,2,2026-08-01,89.5875,88.7827,90.4087,87.8528,91.7773,FALSE,FALSE,aug-2026,2026-08-02T21:48:32+0200
2026-08-01,rw_v1,DK,G47_NFOOD_X_G473,2026-06-01,113,1,2026-07-01,113.1251,112.029,114.4392,110.5154,115.821,FALSE,FALSE,aug-2026,2026-08-02T21:48:32+0200
2026-08-01,rw_v1,DK,G47_NFOOD_X_G473,2026-06-01,113,2,2026-08-01,113.6837,111.8712,114.9188,109.0915,116.1916,FALSE,FALSE,aug-2026,2026-08-02T21:48:32+0200
2026-08-01,rw_v1,DK,G474,2026-06-01,149,1,2026-07-01,149.5955,145.6262,153.8655,142.2689,159.8972,FALSE,FALSE,aug-2026,2026-08-02T21:48:32+0200
2026-08-01,rw_v1,DK,G474,2026-06-01,149,2,2026-08-01,150.4594,146.77440000000001,155.6193,143.2019,159.9378,FALSE,FALSE,aug-2026,2026-08-02T21:48:32+0200
2026-08-01,rw_v1,DK,G475,2026-06-01,110.6,1,2026-07-01,110.7667,109.2628,112.1684,107.4894,113.8266,FALSE,FALSE,aug-2026,2026-08-02T21:48:32+0200
2026-08-01,rw_v1,DK,G475,2026-06-01,110.6,2,2026-08-01,111.3117,109.6197,112.4526,105.3892,115.4186,FALSE,FALSE,aug-2026,2026-08-02T21:48:32+0200
2026-08-01,rw_v1,DK,G476,2026-06-01,120.8,1,2026-07-01,121.6419,117.5248,124.5323,111.0853,130.0878,FALSE,TRUE,aug-2026,2026-08-02T21:48:32+0200
2026-08-01,rw_v1,DK,G476,2026-06-01,120.8,2,2026-08-01,121.9229,116.4652,125.493,109.298,135.3995,FALSE,TRUE,aug-2026,2026-08-02T21:48:32+0200
2026-08-01,rw_v1,DK,G477,2026-06-01,117,1,2026-07-01,117.1321,116.2317,118.6149,114.6564,119.7709,FALSE,FALSE,aug-2026,2026-08-02T21:48:32+0200
2026-08-01,rw_v1,DK,G477,2026-06-01,117,2,2026-08-01,117.7534,116.4487,118.7959,114.5109,121.732,FALSE,FALSE,aug-2026,2026-08-02T21:48:32+0200
2026-08-01,rw_v1,DK,G479,2026-06-01,110.7,1,2026-07-01,111.1444,109.8268,112.335,107.6521,113.6132,FALSE,FALSE,aug-2026,2026-08-02T21:48:32+0200
2026-08-01,rw_v1,DK,G479,2026-06-01,110.7,2,2026-08-01,111.7316,109.8348,113.1089,105.9878,115.6108,FALSE,FALSE,aug-2026,2026-08-02T21:48:32+0200
2026-08-01,rw_v1,EA21,G47_FOOD,2026-05-01,99.1,1,2026-06-01,99.0584,98.638,99.6799,98.1747,100.1182,FALSE,FALSE,aug-2026,2026-08-02T21:48:32+0200
2026-08-01,rw_v1,EA21,G47_FOOD,2026-05-01,99.1,2,2026-07-01,99.2178,98.6714,99.7383,97.9946,100.1269,FALSE,FALSE,aug-2026,2026-08-02T21:48:32+0200
2026-08-01,rw_v1,EA21,G47_FOOD,2026-05-01,99.1,3,2026-08-01,99.3325,98.6773,99.8114,97.7106,100.2401,FALSE,FALSE,aug-2026,2026-08-02T21:48:32+0200
2026-08-01,rw_v1,EA21,G47_NFOOD_X_G473,2026-05-01,109.6,1,2026-06-01,109.802,109.0949,110.5156,108.0538,111.6043,FALSE,FALSE,aug-2026,2026-08-02T21:48:32+0200
2026-08-01,rw_v1,EA21,G47_NFOOD_X_G473,2026-05-01,109.6,2,2026-07-01,109.9172,109.2555,110.6596,108.2771,111.7841,FALSE,FALSE,aug-2026,2026-08-02T21:48:32+0200
2026-08-01,rw_v1,EA21,G47_NFOOD_X_G473,2026-05-01,109.6,3,2026-08-01,110.1143,109.2396,110.9734,108.0214,111.9447,FALSE,FALSE,aug-2026,2026-08-02T21:48:32+0200
2026-08-01,rw_v1,EA21,G474,2026-05-01,125.6,1,2026-06-01,126.1205,124.5567,127.2944,122.801,129.1266,FALSE,FALSE,aug-2026,2026-08-02T21:48:32+0200
2026-08-01,rw_v1,EA21,G474,2026-05-01,125.6,2,2026-07-01,126.7259,124.6562,127.7455,122.8568,129.544,FALSE,FALSE,aug-2026,2026-08-02T21:48:32+0200
2026-08-01,rw_v1,EA21,G474,2026-05-01,125.6,3,2026-08-01,126.8176,125.4133,128.7355,122.9466,130.3702,FALSE,FALSE,aug-2026,2026-08-02T21:48:32+0200
2026-08-01,rw_v1,EA21,G475,2026-05-01,92,1,2026-06-01,91.8993,91.2848,92.5292,90.3592,93.4074,FALSE,FALSE,aug-2026,2026-08-02T21:48:32+0200
2026-08-01,rw_v1,EA21,G475,2026-05-01,92,2,2026-07-01,91.8694,90.9432,92.6317,89.3832,93.6403,FALSE,FALSE,aug-2026,2026-08-02T21:48:32+0200
2026-08-01,rw_v1,EA21,G475,2026-05-01,92,3,2026-08-01,91.9074,90.7856,92.7117,88.5943,93.7449,FALSE,FALSE,aug-2026,2026-08-02T21:48:32+0200
2026-08-01,rw_v1,EA21,G476,2026-05-01,109.4,1,2026-06-01,109.3823,108.2998,110.5326,106.795,112.6969,FALSE,FALSE,aug-2026,2026-08-02T21:48:32+0200
2026-08-01,rw_v1,EA21,G476,2026-05-01,109.4,2,2026-07-01,109.3618,108.2155,110.8601,105.9626,113.9409,FALSE,FALSE,aug-2026,2026-08-02T21:48:32+0200
2026-08-01,rw_v1,EA21,G476,2026-05-01,109.4,3,2026-08-01,109.3378,108.0854,111.4576,105.2308,113.8137,FALSE,FALSE,aug-2026,2026-08-02T21:48:32+0200
2026-08-01,rw_v1,EA21,G477,2026-05-01,114.5,1,2026-06-01,114.8229,113.8856,115.5035,112.731,116.4982,FALSE,FALSE,aug-2026,2026-08-02T21:48:32+0200
2026-08-01,rw_v1,EA21,G477,2026-05-01,114.5,2,2026-07-01,114.8368,114.1386,115.6334,112.6617,117.073,FALSE,FALSE,aug-2026,2026-08-02T21:48:32+0200
2026-08-01,rw_v1,EA21,G477,2026-05-01,114.5,3,2026-08-01,115.0565,114.132,116.1203,112.7653,117.588,FALSE,FALSE,aug-2026,2026-08-02T21:48:32+0200
2026-08-01,rw_v1,EA21,G479,2026-05-01,110.9,1,2026-06-01,111.1467,110.3807,112.4468,108.7003,114.2279,FALSE,FALSE,aug-2026,2026-08-02T21:48:32+0200
2026-08-01,rw_v1,EA21,G479,2026-05-01,110.9,2,2026-07-01,111.5549,110.3979,112.8365,108.8137,114.7677,FALSE,FALSE,aug-2026,2026-08-02T21:48:32+0200
2026-08-01,rw_v1,EA21,G479,2026-05-01,110.9,3,2026-08-01,111.9939,110.1166,113.334,108.2872,115.8282,FALSE,FALSE,aug-2026,2026-08-02T21:48:32+0200
2026-08-01,rw_v1,EE,G47_FOOD,2026-06-01,86.6,1,2026-07-01,86.5055,85.8971,87.0961,85.2514,87.7725,FALSE,FALSE,aug-2026,2026-08-02T21:48:32+0200
2026-08-01,rw_v1,EE,G47_FOOD,2026-06-01,86.6,2,2026-08-01,86.4922,85.6398,87.097,84.9874,87.7174,FALSE,FALSE,aug-2026,2026-08-02T21:48:32+0200
2026-08-01,rw_v1,EE,G47_NFOOD_X_G473,2026-06-01,91.7,1,2026-07-01,91.7897,89.8938,93.67,87.6065,95.2812,FALSE,FALSE,aug-2026,2026-08-02T21:48:32+0200
2026-08-01,rw_v1,EE,G47_NFOOD_X_G473,2026-06-01,91.7,2,2026-08-01,91.7458,89.0808,94.0044,85.5977,97.1315,FALSE,FALSE,aug-2026,2026-08-02T21:48:32+0200
2026-08-01,rw_v1,EL,G47_FOOD,2026-05-01,109,1,2026-06-01,109.3761,107.0275,111.6083,104.3747,113.7773,FALSE,FALSE,aug-2026,2026-08-02T21:48:32+0200
2026-08-01,rw_v1,EL,G47_FOOD,2026-05-01,109,2,2026-07-01,109.0019,106.2901,112.2212,105.0805,114.2032,FALSE,FALSE,aug-2026,2026-08-02T21:48:32+0200
2026-08-01,rw_v1,EL,G47_FOOD,2026-05-01,109,3,2026-08-01,109.611,107.104,111.9929,105.222,113.9625,FALSE,FALSE,aug-2026,2026-08-02T21:48:32+0200
2026-08-01,rw_v1,EL,G47_NFOOD_X_G473,2026-05-01,115.5,1,2026-06-01,115.3497,114.5493,117.3977,112.8815,119.3444,FALSE,FALSE,aug-2026,2026-08-02T21:48:32+0200
2026-08-01,rw_v1,EL,G47_NFOOD_X_G473,2026-05-01,115.5,2,2026-07-01,116.2167,114.8226,117.6816,113.1764,119.5985,FALSE,FALSE,aug-2026,2026-08-02T21:48:32+0200
2026-08-01,rw_v1,EL,G47_NFOOD_X_G473,2026-05-01,115.5,3,2026-08-01,116.3067,114.7124,118.3985,112.1618,122.2992,FALSE,FALSE,aug-2026,2026-08-02T21:48:32+0200
2026-08-01,rw_v1,EL,G479,2026-05-01,91.6,1,2026-06-01,92.6268,86.5453,96.7697,80.6319,103.1767,FALSE,TRUE,aug-2026,2026-08-02T21:48:32+0200
2026-08-01,rw_v1,EL,G479,2026-05-01,91.6,2,2026-07-01,92.515,86.0046,98.4189,75.5813,104.702,FALSE,TRUE,aug-2026,2026-08-02T21:48:32+0200
2026-08-01,rw_v1,EL,G479,2026-05-01,91.6,3,2026-08-01,92.0626,86.4072,98.8979,76.5973,108.621,FALSE,TRUE,aug-2026,2026-08-02T21:48:32+0200
2026-08-01,rw_v1,ES,G47_FOOD,2026-06-01,106.5,1,2026-07-01,106.6761,106.0965,107.2524,105.4253,107.7776,FALSE,FALSE,aug-2026,2026-08-02T21:48:32+0200
2026-08-01,rw_v1,ES,G47_FOOD,2026-06-01,106.5,2,2026-08-01,106.7599,106.006,107.5001,105.1181,108.154,FALSE,FALSE,aug-2026,2026-08-02T21:48:32+0200
2026-08-01,rw_v1,ES,G47_NFOOD_X_G473,2026-06-01,123.9,1,2026-07-01,124.3027,123.4473,125.3101,122.0445,126.6084,FALSE,FALSE,aug-2026,2026-08-02T21:48:32+0200
2026-08-01,rw_v1,ES,G47_NFOOD_X_G473,2026-06-01,123.9,2,2026-08-01,124.4162,123.4193,125.7549,122.7808,126.8419,FALSE,FALSE,aug-2026,2026-08-02T21:48:32+0200
2026-08-01,rw_v1,ES,G474,2026-06-01,180.1,1,2026-07-01,181.7464,180.3302,182.8779,179.4806,184.0053,FALSE,FALSE,aug-2026,2026-08-02T21:48:32+0200
2026-08-01,rw_v1,ES,G474,2026-06-01,180.1,2,2026-08-01,183.4253,182.205,184.7648,181.0558,185.5808,FALSE,FALSE,aug-2026,2026-08-02T21:48:32+0200
2026-08-01,rw_v1,ES,G475,2026-06-01,112.1,1,2026-07-01,112.37,111.8667,112.7779,111.5667,113.1914,FALSE,FALSE,aug-2026,2026-08-02T21:48:32+0200
2026-08-01,rw_v1,ES,G475,2026-06-01,112.1,2,2026-08-01,112.6367,112.2219,113.1817,111.8681,113.5367,FALSE,FALSE,aug-2026,2026-08-02T21:48:32+0200
2026-08-01,rw_v1,ES,G476,2026-06-01,127.7,1,2026-07-01,127.6686,126.6178,128.6419,125.9056,129.954,FALSE,FALSE,aug-2026,2026-08-02T21:48:32+0200
2026-08-01,rw_v1,ES,G476,2026-06-01,127.7,2,2026-08-01,127.9652,126.2591,129.2393,125.1958,130.5152,FALSE,FALSE,aug-2026,2026-08-02T21:48:32+0200
2026-08-01,rw_v1,ES,G477,2026-06-01,122.7,1,2026-07-01,122.7657,122.2507,123.402,121.374,124.0834,FALSE,FALSE,aug-2026,2026-08-02T21:48:32+0200
2026-08-01,rw_v1,ES,G477,2026-06-01,122.7,2,2026-08-01,123.0991,122.2843,123.6439,121.7118,124.6468,FALSE,FALSE,aug-2026,2026-08-02T21:48:32+0200
2026-08-01,rw_v1,ES,G479,2026-06-01,119,1,2026-07-01,119.3371,118.159,120.5586,117.0247,121.8382,FALSE,FALSE,aug-2026,2026-08-02T21:48:32+0200
2026-08-01,rw_v1,ES,G479,2026-06-01,119,2,2026-08-01,119.6287,118.4706,121.5176,117.343,122.3208,FALSE,FALSE,aug-2026,2026-08-02T21:48:32+0200
2026-08-01,rw_v1,FI,G47_FOOD,2026-06-01,93.2,1,2026-07-01,93.181,92.1839,93.9871,91.5935,94.6989,FALSE,FALSE,aug-2026,2026-08-02T21:48:32+0200
2026-08-01,rw_v1,FI,G47_FOOD,2026-06-01,93.2,2,2026-08-01,93.1138,92.3943,93.9284,91.4782,94.7232,FALSE,FALSE,aug-2026,2026-08-02T21:48:32+0200
2026-08-01,rw_v1,FI,G47_NFOOD_X_G473,2026-06-01,94.4,1,2026-07-01,94.6101,93.524,95.4131,92.0287,96.528,FALSE,FALSE,aug-2026,2026-08-02T21:48:32+0200
2026-08-01,rw_v1,FI,G47_NFOOD_X_G473,2026-06-01,94.4,2,2026-08-01,94.5668,93.3153,95.8145,92.0881,96.4247,FALSE,FALSE,aug-2026,2026-08-02T21:48:32+0200
2026-08-01,rw_v1,FI,G474,2026-06-01,85.1,1,2026-07-01,85.0666,83.5965,86.7354,81.781,87.9468,FALSE,FALSE,aug-2026,2026-08-02T21:48:32+0200
2026-08-01,rw_v1,FI,G474,2026-06-01,85.1,2,2026-08-01,85.1183,82.996,87.1468,81.1017,88.8439,FALSE,FALSE,aug-2026,2026-08-02T21:48:32+0200
2026-08-01,rw_v1,FI,G475,2026-06-01,74.8,1,2026-07-01,74.5286,73.6018,75.7226,71.9402,77.0236,FALSE,FALSE,aug-2026,2026-08-02T21:48:32+0200
2026-08-01,rw_v1,FI,G475,2026-06-01,74.8,2,2026-08-01,74.3878,72.6578,75.7672,71.1548,77.5452,FALSE,FALSE,aug-2026,2026-08-02T21:48:32+0200
2026-08-01,rw_v1,FI,G476,2026-06-01,76.1,1,2026-07-01,75.9993,74.9056,76.9893,74.0779,77.781,FALSE,FALSE,aug-2026,2026-08-02T21:48:32+0200
2026-08-01,rw_v1,FI,G476,2026-06-01,76.1,2,2026-08-01,75.7296,74.6727,76.5291,74.0274,77.6086,FALSE,FALSE,aug-2026,2026-08-02T21:48:32+0200
2026-08-01,rw_v1,FI,G477,2026-06-01,116.5,1,2026-07-01,116.9526,116.0644,117.8738,114.9488,118.8948,FALSE,FALSE,aug-2026,2026-08-02T21:48:32+0200
2026-08-01,rw_v1,FI,G477,2026-06-01,116.5,2,2026-08-01,117.5257,116.0985,118.477,114.4523,120.2022,FALSE,FALSE,aug-2026,2026-08-02T21:48:32+0200
2026-08-01,rw_v1,FI,G479,2026-06-01,106.7,1,2026-07-01,107.205,105.2862,109.2516,103.1052,110.789,FALSE,FALSE,aug-2026,2026-08-02T21:48:32+0200
2026-08-01,rw_v1,FI,G479,2026-06-01,106.7,2,2026-08-01,107.8566,105.3944,109.7966,102.814,112.2831,FALSE,FALSE,aug-2026,2026-08-02T21:48:32+0200
2026-08-01,rw_v1,FR,G47_FOOD,2026-06-01,103.3,1,2026-07-01,103.4151,102.8256,103.8304,101.8569,104.8159,FALSE,FALSE,aug-2026,2026-08-02T21:48:32+0200
2026-08-01,rw_v1,FR,G47_FOOD,2026-06-01,103.3,2,2026-08-01,103.5247,102.8608,104.087,101.8464,105.1054,FALSE,FALSE,aug-2026,2026-08-02T21:48:32+0200
2026-08-01,rw_v1,FR,G47_NFOOD_X_G473,2026-06-01,113.4,1,2026-07-01,113.5799,112.5882,114.4329,110.9615,115.7672,FALSE,FALSE,aug-2026,2026-08-02T21:48:32+0200
2026-08-01,rw_v1,FR,G47_NFOOD_X_G473,2026-06-01,113.4,2,2026-08-01,113.7929,113.0583,114.8222,111.6569,116.6633,FALSE,FALSE,aug-2026,2026-08-02T21:48:32+0200
2026-08-01,rw_v1,FR,G474,2026-05-01,131.4,1,2026-06-01,132.1125,129.4374,133.9866,127.2077,136.9659,FALSE,FALSE,aug-2026,2026-08-02T21:48:32+0200
2026-08-01,rw_v1,FR,G474,2026-05-01,131.4,2,2026-07-01,132.4051,129.6393,134.4418,125.7325,138.3033,FALSE,FALSE,aug-2026,2026-08-02T21:48:32+0200
2026-08-01,rw_v1,FR,G474,2026-05-01,131.4,3,2026-08-01,132.999,129.2567,135.5499,125.6897,140.8254,FALSE,FALSE,aug-2026,2026-08-02T21:48:32+0200
2026-08-01,rw_v1,FR,G475,2026-05-01,84.5,1,2026-06-01,84.4815,83.2725,85.4599,81.0398,87.0013,FALSE,FALSE,aug-2026,2026-08-02T21:48:32+0200
2026-08-01,rw_v1,FR,G475,2026-05-01,84.5,2,2026-07-01,84.0901,82.8274,85.477,80.9693,86.9913,FALSE,FALSE,aug-2026,2026-08-02T21:48:32+0200
2026-08-01,rw_v1,FR,G475,2026-05-01,84.5,3,2026-08-01,83.8813,82.5152,85.3102,80.262200000000007,86.9162,FALSE,FALSE,aug-2026,2026-08-02T21:48:32+0200
2026-08-01,rw_v1,FR,G476,2026-05-01,111.3,1,2026-06-01,111.2583,110.0989,112.8802,107.418,114.9513,FALSE,FALSE,aug-2026,2026-08-02T21:48:32+0200
2026-08-01,rw_v1,FR,G476,2026-05-01,111.3,2,2026-07-01,111.4653,110.1836,113.0727,107.5001,115.5977,FALSE,FALSE,aug-2026,2026-08-02T21:48:32+0200
2026-08-01,rw_v1,FR,G476,2026-05-01,111.3,3,2026-08-01,111.7021,110.0397,112.8899,106.9323,115.4513,FALSE,FALSE,aug-2026,2026-08-02T21:48:32+0200
2026-08-01,rw_v1,FR,G477,2026-05-01,127.3,1,2026-06-01,127.7069,126.3884,128.9159,124.5177,130.3864,FALSE,FALSE,aug-2026,2026-08-02T21:48:32+0200
2026-08-01,rw_v1,FR,G477,2026-05-01,127.3,2,2026-07-01,128.245,126.7669,129.5806,125.412,131.254,FALSE,FALSE,aug-2026,2026-08-02T21:48:32+0200
2026-08-01,rw_v1,FR,G477,2026-05-01,127.3,3,2026-08-01,128.66,126.9747,130.1165,125.1741,132.3568,FALSE,FALSE,aug-2026,2026-08-02T21:48:32+0200
2026-08-01,rw_v1,FR,G479,2026-05-01,108.5,1,2026-06-01,108.9057,107.5607,110.2389,105.1075,111.9635,FALSE,FALSE,aug-2026,2026-08-02T21:48:32+0200
2026-08-01,rw_v1,FR,G479,2026-05-01,108.5,2,2026-07-01,109.0588,107.0979,110.8892,105.2697,112.9791,FALSE,FALSE,aug-2026,2026-08-02T21:48:32+0200
2026-08-01,rw_v1,FR,G479,2026-05-01,108.5,3,2026-08-01,109.0695,107.374,111.0942,104.5374,114.1202,FALSE,FALSE,aug-2026,2026-08-02T21:48:32+0200
2026-08-01,rw_v1,HR,G47_FOOD,2026-06-01,110,1,2026-07-01,110.0074,109.13,111.5326,107.8234,113.0501,FALSE,FALSE,aug-2026,2026-08-02T21:48:32+0200
2026-08-01,rw_v1,HR,G47_FOOD,2026-06-01,110,2,2026-08-01,110.3384,109.0292,111.6655,107.9037,114.4542,FALSE,FALSE,aug-2026,2026-08-02T21:48:32+0200
2026-08-01,rw_v1,HR,G47_NFOOD_X_G473,2026-06-01,128.1,1,2026-07-01,128.4937,126.9855,130.587,125.2635,131.8352,FALSE,FALSE,aug-2026,2026-08-02T21:48:32+0200
2026-08-01,rw_v1,HR,G47_NFOOD_X_G473,2026-06-01,128.1,2,2026-08-01,129.2351,127.2067,130.9988,125.2433,133.2494,FALSE,FALSE,aug-2026,2026-08-02T21:48:32+0200
2026-08-01,rw_v1,HU,G47_FOOD,2026-05-01,102.1,1,2026-06-01,102.1462,101.525,103.0105,100.8106,103.6246,FALSE,FALSE,aug-2026,2026-08-02T21:48:32+0200
2026-08-01,rw_v1,HU,G47_FOOD,2026-05-01,102.1,2,2026-07-01,102.5332,101.7453,103.0402,100.5935,103.591,FALSE,FALSE,aug-2026,2026-08-02T21:48:32+0200
2026-08-01,rw_v1,HU,G47_FOOD,2026-05-01,102.1,3,2026-08-01,102.5586,101.9425,103.3956,100.4583,104.0067,FALSE,FALSE,aug-2026,2026-08-02T21:48:32+0200
2026-08-01,rw_v1,HU,G47_NFOOD_X_G473,2026-05-01,112.9,1,2026-06-01,113.2575,112.1777,114.153,111.0556,115.6338,FALSE,FALSE,aug-2026,2026-08-02T21:48:32+0200
2026-08-01,rw_v1,HU,G47_NFOOD_X_G473,2026-05-01,112.9,2,2026-07-01,113.5356,112.5057,114.5305,110.3644,116.5181,FALSE,FALSE,aug-2026,2026-08-02T21:48:32+0200
2026-08-01,rw_v1,HU,G47_NFOOD_X_G473,2026-05-01,112.9,3,2026-08-01,114.157,112.5181,115.2136,109.4923,117.0083,FALSE,FALSE,aug-2026,2026-08-02T21:48:32+0200
2026-08-01,rw_v1,IE,G47_FOOD,2026-06-01,96.7,1,2026-07-01,96.8912,96.5481,97.3344,96.0698,97.6989,FALSE,FALSE,aug-2026,2026-08-02T21:48:32+0200
2026-08-01,rw_v1,IE,G47_FOOD,2026-06-01,96.7,2,2026-08-01,96.7881,96.398,97.6068,96.1595,98.1099,FALSE,FALSE,aug-2026,2026-08-02T21:48:32+0200
2026-08-01,rw_v1,IE,G47_NFOOD_X_G473,2026-06-01,121.7,1,2026-07-01,121.6095,120.27,122.4332,119.5506,123.3541,FALSE,FALSE,aug-2026,2026-08-02T21:48:32+0200
2026-08-01,rw_v1,IE,G47_NFOOD_X_G473,2026-06-01,121.7,2,2026-08-01,121.6106,119.7401,122.3322,118.3183,123.4653,FALSE,FALSE,aug-2026,2026-08-02T21:48:32+0200
2026-08-01,rw_v1,IT,G47_FOOD,2026-05-01,92.9,1,2026-06-01,92.7007,92.1946,93.379,91.7907,94.0086,FALSE,FALSE,aug-2026,2026-08-02T21:48:32+0200
2026-08-01,rw_v1,IT,G47_FOOD,2026-05-01,92.9,2,2026-07-01,92.7998,92.0508,93.212,91.3711,94.0294,FALSE,FALSE,aug-2026,2026-08-02T21:48:32+0200
2026-08-01,rw_v1,IT,G47_FOOD,2026-05-01,92.9,3,2026-08-01,92.5962,92.0017,93.2816,91.4007,94.0619,FALSE,FALSE,aug-2026,2026-08-02T21:48:32+0200
2026-08-01,rw_v1,IT,G47_NFOOD_X_G473,2026-05-01,98.9,1,2026-06-01,98.9275,98.4376,99.3196,98.111,99.6719,FALSE,FALSE,aug-2026,2026-08-02T21:48:32+0200
2026-08-01,rw_v1,IT,G47_NFOOD_X_G473,2026-05-01,98.9,2,2026-07-01,98.8998,98.4248,99.2777,97.8971,100.9061,FALSE,FALSE,aug-2026,2026-08-02T21:48:32+0200
2026-08-01,rw_v1,IT,G47_NFOOD_X_G473,2026-05-01,98.9,3,2026-08-01,98.9268,98.315,99.328,97.7566,103.8772,FALSE,FALSE,aug-2026,2026-08-02T21:48:32+0200
2026-08-01,rw_v1,IT,G474,2026-05-01,136.9,1,2026-06-01,137.5596,136.837,138.1754,136.3199,138.8682,FALSE,FALSE,aug-2026,2026-08-02T21:48:32+0200
2026-08-01,rw_v1,IT,G474,2026-05-01,136.9,2,2026-07-01,138.0303,137.3535,139.0655,136.6535,140.0494,FALSE,FALSE,aug-2026,2026-08-02T21:48:32+0200
2026-08-01,rw_v1,IT,G474,2026-05-01,136.9,3,2026-08-01,138.6556,137.7569,139.9837,136.6451,141.4638,FALSE,FALSE,aug-2026,2026-08-02T21:48:32+0200
2026-08-01,rw_v1,IT,G475,2026-05-01,92.9,1,2026-06-01,92.8673,92.5564,93.1711,92.0522,93.7582,FALSE,FALSE,aug-2026,2026-08-02T21:48:32+0200
2026-08-01,rw_v1,IT,G475,2026-05-01,92.9,2,2026-07-01,92.81,92.2253,93.25,91.6314,95.4687,FALSE,FALSE,aug-2026,2026-08-02T21:48:32+0200
2026-08-01,rw_v1,IT,G475,2026-05-01,92.9,3,2026-08-01,92.8549,91.881,93.3169,90.9365,94.5675,FALSE,FALSE,aug-2026,2026-08-02T21:48:32+0200
2026-08-01,rw_v1,IT,G476,2026-05-01,97.5,1,2026-06-01,97.4119,96.6048,98.1044,95.993,98.8638,FALSE,FALSE,aug-2026,2026-08-02T21:48:32+0200
2026-08-01,rw_v1,IT,G476,2026-05-01,97.5,2,2026-07-01,97.3062,96.699700000000007,98.0442,96.1118,98.6145,FALSE,FALSE,aug-2026,2026-08-02T21:48:32+0200
2026-08-01,rw_v1,IT,G476,2026-05-01,97.5,3,2026-08-01,97.2394,96.6167,97.9692,95.6151,98.7665,FALSE,FALSE,aug-2026,2026-08-02T21:48:32+0200
2026-08-01,rw_v1,IT,G477,2026-05-01,95.6,1,2026-06-01,95.4713,95.2904,95.6008,94.9408,95.9552,FALSE,FALSE,aug-2026,2026-08-02T21:48:32+0200
2026-08-01,rw_v1,IT,G477,2026-05-01,95.6,2,2026-07-01,95.3587,95.0772,95.5102,94.8128,95.9922,FALSE,FALSE,aug-2026,2026-08-02T21:48:32+0200
2026-08-01,rw_v1,IT,G477,2026-05-01,95.6,3,2026-08-01,95.2005,94.8883,95.4076,94.6215,99.6368,FALSE,FALSE,aug-2026,2026-08-02T21:48:32+0200
2026-08-01,rw_v1,IT,G479,2026-05-01,108.6,1,2026-06-01,109.0077,108.1361,109.7207,107.2094,110.4881,FALSE,FALSE,aug-2026,2026-08-02T21:48:32+0200
2026-08-01,rw_v1,IT,G479,2026-05-01,108.6,2,2026-07-01,109.223,108.272,110.2704,107.4468,111.4083,FALSE,FALSE,aug-2026,2026-08-02T21:48:32+0200
2026-08-01,rw_v1,IT,G479,2026-05-01,108.6,3,2026-08-01,109.6581,108.4047,110.8627,107.2751,112.5657,FALSE,FALSE,aug-2026,2026-08-02T21:48:32+0200
2026-08-01,rw_v1,LT,G47_FOOD,2026-06-01,98.2,1,2026-07-01,98.2135,97.6192,98.8136,96.3844,99.5746,FALSE,FALSE,aug-2026,2026-08-02T21:48:32+0200
2026-08-01,rw_v1,LT,G47_FOOD,2026-06-01,98.2,2,2026-08-01,98.4163,97.2951,98.9438,96.122,100.2788,FALSE,FALSE,aug-2026,2026-08-02T21:48:32+0200
2026-08-01,rw_v1,LT,G47_NFOOD_X_G473,2026-06-01,137.2,1,2026-07-01,137.9946,136.7929,138.9446,134.7136,140.369,FALSE,FALSE,aug-2026,2026-08-02T21:48:32+0200
2026-08-01,rw_v1,LT,G47_NFOOD_X_G473,2026-06-01,137.2,2,2026-08-01,138.3062,136.905,140.2522,135.1375,142.7228,FALSE,FALSE,aug-2026,2026-08-02T21:48:32+0200
2026-08-01,rw_v1,LT,G474,2026-05-01,77.1,1,2026-06-01,77.5666,75.3181,80.1622,70.6207,82.0997,FALSE,TRUE,aug-2026,2026-08-02T21:48:32+0200
2026-08-01,rw_v1,LT,G474,2026-05-01,77.1,2,2026-07-01,77.3187,72.9403,80.495,68.2005,85.3257,FALSE,TRUE,aug-2026,2026-08-02T21:48:32+0200
2026-08-01,rw_v1,LT,G474,2026-05-01,77.1,3,2026-08-01,77.743,72.0797,80.6275,65.8351,87.3475,FALSE,TRUE,aug-2026,2026-08-02T21:48:32+0200
2026-08-01,rw_v1,LT,G475,2026-05-01,121.3,1,2026-06-01,121.4383,120.0458,123.1409,117.9144,126.6956,FALSE,FALSE,aug-2026,2026-08-02T21:48:32+0200
2026-08-01,rw_v1,LT,G475,2026-05-01,121.3,2,2026-07-01,122.2213,119.9221,124.2429,116.3222,129.289,FALSE,FALSE,aug-2026,2026-08-02T21:48:32+0200
2026-08-01,rw_v1,LT,G475,2026-05-01,121.3,3,2026-08-01,121.9026,119.0661,124.7645,115.4725,130.7362,FALSE,FALSE,aug-2026,2026-08-02T21:48:32+0200
2026-08-01,rw_v1,LT,G476,2026-05-01,100.8,1,2026-06-01,100.4915,97.7261,103.2231,95.4334,108.5016,FALSE,TRUE,aug-2026,2026-08-02T21:48:32+0200
2026-08-01,rw_v1,LT,G476,2026-05-01,100.8,2,2026-07-01,101.2049,96.5463,105.0399,93.7703,111.213,FALSE,TRUE,aug-2026,2026-08-02T21:48:32+0200
2026-08-01,rw_v1,LT,G476,2026-05-01,100.8,3,2026-08-01,100.7316,95.2528,105.5985,91.2651,115.6166,FALSE,TRUE,aug-2026,2026-08-02T21:48:32+0200
2026-08-01,rw_v1,LT,G477,2026-05-01,138.7,1,2026-06-01,140.0692,137.2204,141.664,134.9931,143.8934,FALSE,FALSE,aug-2026,2026-08-02T21:48:32+0200
2026-08-01,rw_v1,LT,G477,2026-05-01,138.7,2,2026-07-01,140.4201,137.5388,142.2408,134.777,146.9081,FALSE,FALSE,aug-2026,2026-08-02T21:48:32+0200
2026-08-01,rw_v1,LT,G477,2026-05-01,138.7,3,2026-08-01,140.3866,137.9219,143.1045,135.0318,149.4496,FALSE,FALSE,aug-2026,2026-08-02T21:48:32+0200
2026-08-01,rw_v1,LT,G479,2026-05-01,168.3,1,2026-06-01,169.1918,166.5109,171.9252,164.9333,176.3739,FALSE,FALSE,aug-2026,2026-08-02T21:48:32+0200
2026-08-01,rw_v1,LT,G479,2026-05-01,168.3,2,2026-07-01,170.202,167.659,174.7172,162.9822,181.8432,FALSE,FALSE,aug-2026,2026-08-02T21:48:32+0200
2026-08-01,rw_v1,LT,G479,2026-05-01,168.3,3,2026-08-01,172.3478,167.3465,179.5802,162.5342,187.0959,FALSE,FALSE,aug-2026,2026-08-02T21:48:32+0200
2026-08-01,rw_v1,LU,G47_FOOD,2026-06-01,102.6,1,2026-07-01,102.7369,101.4111,104.6271,99.1026,106.76220000000001,FALSE,FALSE,aug-2026,2026-08-02T21:48:32+0200
2026-08-01,rw_v1,LU,G47_FOOD,2026-06-01,102.6,2,2026-08-01,103.0361,100.8356,105.4178,97.96,107.1878,FALSE,FALSE,aug-2026,2026-08-02T21:48:32+0200
2026-08-01,rw_v1,LU,G47_NFOOD_X_G473,2026-06-01,193.9,1,2026-07-01,198.553,194.8445,202.1066,190.0382,207.3548,FALSE,FALSE,aug-2026,2026-08-02T21:48:32+0200
2026-08-01,rw_v1,LU,G47_NFOOD_X_G473,2026-06-01,193.9,2,2026-08-01,202.8283,196.1506,210.0167,191.3542,216.5125,FALSE,FALSE,aug-2026,2026-08-02T21:48:32+0200
2026-08-01,rw_v1,LV,G47_FOOD,2026-06-01,93.6,1,2026-07-01,93.4304,92.5341,94.6291,91.9086,95.5796,FALSE,FALSE,aug-2026,2026-08-02T21:48:32+0200
2026-08-01,rw_v1,LV,G47_FOOD,2026-06-01,93.6,2,2026-08-01,93.4986,92.382,94.6465,91.4077,95.9776,FALSE,FALSE,aug-2026,2026-08-02T21:48:32+0200
2026-08-01,rw_v1,LV,G47_NFOOD_X_G473,2026-06-01,119,1,2026-07-01,118.9655,118.0314,120.5359,116.5964,122.6175,FALSE,FALSE,aug-2026,2026-08-02T21:48:32+0200
2026-08-01,rw_v1,LV,G47_NFOOD_X_G473,2026-06-01,119,2,2026-08-01,119.7583,118.044,121.0161,115.9252,123.3528,FALSE,FALSE,aug-2026,2026-08-02T21:48:32+0200
2026-08-01,rw_v1,ME,G47_FOOD,2026-06-01,127.4,1,2026-07-01,128.0359,125.8982,130.0242,122.2992,131.7735,FALSE,FALSE,aug-2026,2026-08-02T21:48:32+0200
2026-08-01,rw_v1,ME,G47_FOOD,2026-06-01,127.4,2,2026-08-01,128.7511,126.0149,130.929,121.0578,135.3885,FALSE,FALSE,aug-2026,2026-08-02T21:48:32+0200
2026-08-01,rw_v1,ME,G47_NFOOD_X_G473,2026-06-01,165.5,1,2026-07-01,166.3069,164.43,168.5398,162.4214,171.6658,FALSE,FALSE,aug-2026,2026-08-02T21:48:32+0200
2026-08-01,rw_v1,ME,G47_NFOOD_X_G473,2026-06-01,165.5,2,2026-08-01,167.3914,164.7909,169.7519,161.0809,174.6393,FALSE,FALSE,aug-2026,2026-08-02T21:48:32+0200
2026-08-01,rw_v1,MK,G47_FOOD,2026-05-01,102.9,1,2026-06-01,103.4289,100.7582,105.404,98.8325,107.495,FALSE,FALSE,aug-2026,2026-08-02T21:48:32+0200
2026-08-01,rw_v1,MK,G47_FOOD,2026-05-01,102.9,2,2026-07-01,103.2297,100.6125,105.5879,97.7161,108.0197,FALSE,FALSE,aug-2026,2026-08-02T21:48:32+0200
2026-08-01,rw_v1,MK,G47_FOOD,2026-05-01,102.9,3,2026-08-01,103.1409,101.1238,105.1871,97.7051,109.3357,FALSE,FALSE,aug-2026,2026-08-02T21:48:32+0200
2026-08-01,rw_v1,MK,G47_NFOOD_X_G473,2026-05-01,106,1,2026-06-01,106.4779,103.8331,109.0141,100.9511,111.4747,FALSE,FALSE,aug-2026,2026-08-02T21:48:32+0200
2026-08-01,rw_v1,MK,G47_NFOOD_X_G473,2026-05-01,106,2,2026-07-01,106.3072,103.9182,109.7872,101.4555,113.6761,FALSE,FALSE,aug-2026,2026-08-02T21:48:32+0200
2026-08-01,rw_v1,MK,G47_NFOOD_X_G473,2026-05-01,106,3,2026-08-01,106.8474,103.3155,109.3087,99.5005,115.32470000000001,FALSE,FALSE,aug-2026,2026-08-02T21:48:32+0200
2026-08-01,rw_v1,MT,G47_FOOD,2026-06-01,127.8,1,2026-07-01,128.5111,126.918,129.8454,125.8611,131.0989,FALSE,FALSE,aug-2026,2026-08-02T21:48:32+0200
2026-08-01,rw_v1,MT,G47_FOOD,2026-06-01,127.8,2,2026-08-01,129.1008,127.3159,130.7907,125.5141,132.4483,FALSE,FALSE,aug-2026,2026-08-02T21:48:32+0200
2026-08-01,rw_v1,MT,G47_NFOOD_X_G473,2026-06-01,128.7,1,2026-07-01,129.034,127.5678,131.2977,125.6038,133.2173,FALSE,FALSE,aug-2026,2026-08-02T21:48:32+0200
2026-08-01,rw_v1,MT,G47_NFOOD_X_G473,2026-06-01,128.7,2,2026-08-01,129.4971,127.8238,131.9031,126.0381,134.6061,FALSE,FALSE,aug-2026,2026-08-02T21:48:32+0200
2026-08-01,rw_v1,NL,G47_FOOD,2026-06-01,90,1,2026-07-01,89.765,89.1168,90.5857,88.4061,91.2759,FALSE,FALSE,aug-2026,2026-08-02T21:48:32+0200
2026-08-01,rw_v1,NL,G47_FOOD,2026-06-01,90,2,2026-08-01,89.7405,88.9371,90.5485,87.9468,91.4256,FALSE,FALSE,aug-2026,2026-08-02T21:48:32+0200
2026-08-01,rw_v1,NL,G47_NFOOD_X_G473,2026-06-01,112.7,1,2026-07-01,112.8037,111.9876,114.0065,110.5558,115.1317,FALSE,FALSE,aug-2026,2026-08-02T21:48:32+0200
2026-08-01,rw_v1,NL,G47_NFOOD_X_G473,2026-06-01,112.7,2,2026-08-01,112.9568,112.1582,114.1711,111.0718,116.0033,FALSE,FALSE,aug-2026,2026-08-02T21:48:32+0200
2026-08-01,rw_v1,NL,G474,2026-06-01,109.7,1,2026-07-01,110.3434,107.3971,112.7339,104.2097,116.5222,FALSE,FALSE,aug-2026,2026-08-02T21:48:32+0200
2026-08-01,rw_v1,NL,G474,2026-06-01,109.7,2,2026-08-01,110.1344,107.5159,112.939,104.4587,115.7667,FALSE,FALSE,aug-2026,2026-08-02T21:48:32+0200
2026-08-01,rw_v1,NL,G475,2026-06-01,93.4,1,2026-07-01,93.3787,91.9642,94.5139,90.7347,96.8148,FALSE,FALSE,aug-2026,2026-08-02T21:48:32+0200
2026-08-01,rw_v1,NL,G475,2026-06-01,93.4,2,2026-08-01,93.2356,91.5752,94.6361,89.9542,97.5889,FALSE,FALSE,aug-2026,2026-08-02T21:48:32+0200
2026-08-01,rw_v1,NL,G476,2026-06-01,112,1,2026-07-01,111.7542,109.9698,114.2294,108.5384,116.584,FALSE,FALSE,aug-2026,2026-08-02T21:48:32+0200
2026-08-01,rw_v1,NL,G476,2026-06-01,112,2,2026-08-01,111.9539,110.1212,114.4413,106.3755,118.3376,FALSE,FALSE,aug-2026,2026-08-02T21:48:32+0200
2026-08-01,rw_v1,NL,G477,2026-06-01,114.3,1,2026-07-01,114.2658,112.8802,116.7502,110.5533,118.4337,FALSE,FALSE,aug-2026,2026-08-02T21:48:32+0200
2026-08-01,rw_v1,NL,G477,2026-06-01,114.3,2,2026-08-01,114.3033,112.8705,116.8132,110.2134,118.8666,FALSE,FALSE,aug-2026,2026-08-02T21:48:32+0200
2026-08-01,rw_v1,NL,G479,2026-06-01,119.6,1,2026-07-01,119.9846,118.7123,121.4042,117.7746,122.8017,FALSE,FALSE,aug-2026,2026-08-02T21:48:32+0200
2026-08-01,rw_v1,NL,G479,2026-06-01,119.6,2,2026-08-01,120.7094,119.3356,122.1568,117.4077,123.5425,FALSE,FALSE,aug-2026,2026-08-02T21:48:32+0200
2026-08-01,rw_v1,NO,G47_FOOD,2026-06-01,90.2,1,2026-07-01,90.2617,89.4601,90.7787,88.3249,91.8723,FALSE,FALSE,aug-2026,2026-08-02T21:48:32+0200
2026-08-01,rw_v1,NO,G47_FOOD,2026-06-01,90.2,2,2026-08-01,90.1144,89.591,90.7572,87.6687,91.8029,FALSE,FALSE,aug-2026,2026-08-02T21:48:32+0200
2026-08-01,rw_v1,NO,G47_NFOOD_X_G473,2026-06-01,105.1,1,2026-07-01,105.4603,104.3765,106.4455,101.8752,107.3178,FALSE,FALSE,aug-2026,2026-08-02T21:48:32+0200
2026-08-01,rw_v1,NO,G47_NFOOD_X_G473,2026-06-01,105.1,2,2026-08-01,105.7049,103.9041,107.1291,101.5206,108.1111,FALSE,FALSE,aug-2026,2026-08-02T21:48:32+0200
2026-08-01,rw_v1,NO,G474,2026-06-01,110.1,1,2026-07-01,110.0347,106.7875,113.2716,103.5937,117.9761,FALSE,TRUE,aug-2026,2026-08-02T21:48:32+0200
2026-08-01,rw_v1,NO,G474,2026-06-01,110.1,2,2026-08-01,110.3095,106.4844,114.5198,102.2976,119.5281,FALSE,TRUE,aug-2026,2026-08-02T21:48:32+0200
2026-08-01,rw_v1,NO,G475,2026-06-01,86,1,2026-07-01,86.0482,84.9038,87.3772,82.6157,88.6479,FALSE,FALSE,aug-2026,2026-08-02T21:48:32+0200
2026-08-01,rw_v1,NO,G475,2026-06-01,86,2,2026-08-01,86.0013,84.224,87.6767,81.3567,89.1763,FALSE,FALSE,aug-2026,2026-08-02T21:48:32+0200
2026-08-01,rw_v1,NO,G476,2026-06-01,93.7,1,2026-07-01,94.0171,91.3457,96.8819,87.6395,100.0977,FALSE,FALSE,aug-2026,2026-08-02T21:48:32+0200
2026-08-01,rw_v1,NO,G476,2026-06-01,93.7,2,2026-08-01,93.9555,91.0513,96.1843,88.088,99.2162,FALSE,FALSE,aug-2026,2026-08-02T21:48:32+0200
2026-08-01,rw_v1,NO,G477,2026-06-01,120.7,1,2026-07-01,121.174,119.68,122.5334,117.8336,123.8562,FALSE,FALSE,aug-2026,2026-08-02T21:48:32+0200
2026-08-01,rw_v1,NO,G477,2026-06-01,120.7,2,2026-08-01,121.2589,118.9587,123.5059,116.9707,126.0335,FALSE,FALSE,aug-2026,2026-08-02T21:48:32+0200
2026-08-01,rw_v1,NO,G479,2026-06-01,122.3,1,2026-07-01,122.999,121.3674,124.689,120.2116,126.4865,FALSE,FALSE,aug-2026,2026-08-02T21:48:32+0200
2026-08-01,rw_v1,NO,G479,2026-06-01,122.3,2,2026-08-01,123.5915,121.6235,125.3784,119.2166,128.5281,FALSE,FALSE,aug-2026,2026-08-02T21:48:32+0200
2026-08-01,rw_v1,PL,G47_FOOD,2026-06-01,101.7,1,2026-07-01,101.6788,100.6299,102.9886,98.9112,104.1964,FALSE,FALSE,aug-2026,2026-08-02T21:48:32+0200
2026-08-01,rw_v1,PL,G47_FOOD,2026-06-01,101.7,2,2026-08-01,101.6624,99.9897,103.0171,97.8574,104.6835,FALSE,FALSE,aug-2026,2026-08-02T21:48:32+0200
2026-08-01,rw_v1,PL,G47_NFOOD_X_G473,2026-06-01,122.3,1,2026-07-01,122.8346,121.8372,123.5069,120.6974,124.8148,FALSE,FALSE,aug-2026,2026-08-02T21:48:32+0200
2026-08-01,rw_v1,PL,G47_NFOOD_X_G473,2026-06-01,122.3,2,2026-08-01,123.2714,122.1959,124.2967,120.6628,125.4407,FALSE,FALSE,aug-2026,2026-08-02T21:48:32+0200
2026-08-01,rw_v1,PL,G474,2026-05-01,144.5,1,2026-06-01,146.5622,141.9322,149.8394,139.0549,153.1942,FALSE,FALSE,aug-2026,2026-08-02T21:48:32+0200
2026-08-01,rw_v1,PL,G474,2026-05-01,144.5,2,2026-07-01,147.9812,143.3967,152.2677,139.03,156.9534,FALSE,FALSE,aug-2026,2026-08-02T21:48:32+0200
2026-08-01,rw_v1,PL,G474,2026-05-01,144.5,3,2026-08-01,147.1788,142.199,153.6058,137.985,156.5506,FALSE,FALSE,aug-2026,2026-08-02T21:48:32+0200
2026-08-01,rw_v1,PL,G475,2026-05-01,93.2,1,2026-06-01,93.027,92.0628,94.3889,91.6075,95.8993,FALSE,FALSE,aug-2026,2026-08-02T21:48:32+0200
2026-08-01,rw_v1,PL,G475,2026-05-01,93.2,2,2026-07-01,93.6649,92.8997,94.4734,91.406,95.1881,FALSE,FALSE,aug-2026,2026-08-02T21:48:32+0200
2026-08-01,rw_v1,PL,G475,2026-05-01,93.2,3,2026-08-01,93.8736,92.7659,94.9932,92.1276,95.7071,FALSE,FALSE,aug-2026,2026-08-02T21:48:32+0200
2026-08-01,rw_v1,PL,G476,2026-05-01,98.4,1,2026-06-01,98.1479,97.3324,99.187,96.8089,100.5209,FALSE,FALSE,aug-2026,2026-08-02T21:48:32+0200
2026-08-01,rw_v1,PL,G476,2026-05-01,98.4,2,2026-07-01,97.8131,97.1806,98.9396,96.2784,103.625,FALSE,FALSE,aug-2026,2026-08-02T21:48:32+0200
2026-08-01,rw_v1,PL,G476,2026-05-01,98.4,3,2026-08-01,97.8884,96.4196,98.6704,95.6353,104.7798,FALSE,FALSE,aug-2026,2026-08-02T21:48:32+0200
2026-08-01,rw_v1,PL,G477,2026-05-01,123.3,1,2026-06-01,123.4749,122.1767,124.531,120.1819,125.9086,FALSE,FALSE,aug-2026,2026-08-02T21:48:32+0200
2026-08-01,rw_v1,PL,G477,2026-05-01,123.3,2,2026-07-01,123.8976,121.9311,125.0297,119.7601,125.7958,FALSE,FALSE,aug-2026,2026-08-02T21:48:32+0200
2026-08-01,rw_v1,PL,G477,2026-05-01,123.3,3,2026-08-01,123.947,121.8392,125.0531,119.5474,126.6061,FALSE,FALSE,aug-2026,2026-08-02T21:48:32+0200
2026-08-01,rw_v1,PL,G479,2026-05-01,111,1,2026-06-01,110.7206,109.2625,112.3184,107.8206,113.1268,FALSE,FALSE,aug-2026,2026-08-02T21:48:32+0200
2026-08-01,rw_v1,PL,G479,2026-05-01,111,2,2026-07-01,110.3535,108.4953,111.9879,106.0576,113.7363,FALSE,FALSE,aug-2026,2026-08-02T21:48:32+0200
2026-08-01,rw_v1,PL,G479,2026-05-01,111,3,2026-08-01,110.2961,107.7558,112.7291,102.0255,114.2638,FALSE,FALSE,aug-2026,2026-08-02T21:48:32+0200
2026-08-01,rw_v1,PT,G47_FOOD,2026-06-01,112.7,1,2026-07-01,113.0991,112.3183,113.813,111.2976,114.5633,FALSE,FALSE,aug-2026,2026-08-02T21:48:32+0200
2026-08-01,rw_v1,PT,G47_FOOD,2026-06-01,112.7,2,2026-08-01,113.3515,112.333,114.1303,111.4031,115.2007,FALSE,FALSE,aug-2026,2026-08-02T21:48:32+0200
2026-08-01,rw_v1,PT,G47_NFOOD_X_G473,2026-06-01,134.3,1,2026-07-01,135.0146,133.478,136.4039,131.9587,138.1291,FALSE,FALSE,aug-2026,2026-08-02T21:48:32+0200
2026-08-01,rw_v1,PT,G47_NFOOD_X_G473,2026-06-01,134.3,2,2026-08-01,135.4171,133.2946,137.2755,132.0175,139.1726,FALSE,FALSE,aug-2026,2026-08-02T21:48:32+0200
2026-08-01,rw_v1,PT,G474,2026-06-01,174.7,1,2026-07-01,175.818,172.4669,179.7617,167.9021,184.7307,FALSE,FALSE,aug-2026,2026-08-02T21:48:32+0200
2026-08-01,rw_v1,PT,G474,2026-06-01,174.7,2,2026-08-01,176.7723,173.7585,181.8621,169.5063,186.5246,FALSE,FALSE,aug-2026,2026-08-02T21:48:32+0200
2026-08-01,rw_v1,PT,G475,2026-06-01,126.8,1,2026-07-01,127.4015,125.4383,128.8697,123.5423,131.4003,FALSE,FALSE,aug-2026,2026-08-02T21:48:32+0200
2026-08-01,rw_v1,PT,G475,2026-06-01,126.8,2,2026-08-01,127.8062,125.8436,129.6887,122.7546,132.1854,FALSE,FALSE,aug-2026,2026-08-02T21:48:32+0200
2026-08-01,rw_v1,PT,G476,2026-06-01,138.6,1,2026-07-01,139.7152,135.2666,143.0484,131.8804,147.4473,FALSE,FALSE,aug-2026,2026-08-02T21:48:32+0200
2026-08-01,rw_v1,PT,G476,2026-06-01,138.6,2,2026-08-01,139.8,135.9048,143.8874,129.0984,149.2389,FALSE,FALSE,aug-2026,2026-08-02T21:48:32+0200
2026-08-01,rw_v1,PT,G477,2026-06-01,133.2,1,2026-07-01,134.1086,132.0306,136.11,129.579,138.1289,FALSE,FALSE,aug-2026,2026-08-02T21:48:32+0200
2026-08-01,rw_v1,PT,G477,2026-06-01,133.2,2,2026-08-01,134.3021,131.7049,136.5737,128.9546,139.8471,FALSE,FALSE,aug-2026,2026-08-02T21:48:32+0200
2026-08-01,rw_v1,PT,G479,2026-06-01,122.9,1,2026-07-01,123.2402,120.1252,126.7881,116.2438,132.4456,FALSE,TRUE,aug-2026,2026-08-02T21:48:32+0200
2026-08-01,rw_v1,PT,G479,2026-06-01,122.9,2,2026-08-01,123.9154,120.969,128.2442,115.1169,134.4226,FALSE,TRUE,aug-2026,2026-08-02T21:48:32+0200
2026-08-01,rw_v1,RO,G47_FOOD,2026-05-01,104.7,1,2026-06-01,104.9694,103.849,105.8465,102.4223,107.0085,FALSE,FALSE,aug-2026,2026-08-02T21:48:32+0200
2026-08-01,rw_v1,RO,G47_FOOD,2026-05-01,104.7,2,2026-07-01,104.9466,103.716,105.9602,102.0784,107.5038,FALSE,FALSE,aug-2026,2026-08-02T21:48:32+0200
2026-08-01,rw_v1,RO,G47_FOOD,2026-05-01,104.7,3,2026-08-01,104.7992,103.6116,106.5327,102.1229,107.8865,FALSE,FALSE,aug-2026,2026-08-02T21:48:32+0200
2026-08-01,rw_v1,RO,G47_NFOOD_X_G473,2026-05-01,121.9,1,2026-06-01,122.3869,121.0539,123.6307,119.3809,124.9949,FALSE,FALSE,aug-2026,2026-08-02T21:48:32+0200
2026-08-01,rw_v1,RO,G47_NFOOD_X_G473,2026-05-01,121.9,2,2026-07-01,122.8868,121.2545,124.3765,119.7425,125.8516,FALSE,FALSE,aug-2026,2026-08-02T21:48:32+0200
2026-08-01,rw_v1,RO,G47_NFOOD_X_G473,2026-05-01,121.9,3,2026-08-01,123.3165,121.0197,125.3532,118.361,127.5547,FALSE,FALSE,aug-2026,2026-08-02T21:48:32+0200
2026-08-01,rw_v1,RO,G474,2026-05-01,106.5,1,2026-06-01,106.7404,103.3429,109.0348,101.2263,114.5016,FALSE,TRUE,aug-2026,2026-08-02T21:48:32+0200
2026-08-01,rw_v1,RO,G474,2026-05-01,106.5,2,2026-07-01,106.2725,102.7693,111.3039,97.1412,116.0658,FALSE,TRUE,aug-2026,2026-08-02T21:48:32+0200
2026-08-01,rw_v1,RO,G474,2026-05-01,106.5,3,2026-08-01,105.7864,102.0848,112.0265,96.1723,116.972,FALSE,TRUE,aug-2026,2026-08-02T21:48:32+0200
2026-08-01,rw_v1,RO,G475,2026-05-01,99.1,1,2026-06-01,99.2798,98.529,99.9648,97.1492,100.8059,FALSE,FALSE,aug-2026,2026-08-02T21:48:32+0200
2026-08-01,rw_v1,RO,G475,2026-05-01,99.1,2,2026-07-01,99.3985,98.1155,100.715,93.7384,101.2799,FALSE,FALSE,aug-2026,2026-08-02T21:48:32+0200
2026-08-01,rw_v1,RO,G475,2026-05-01,99.1,3,2026-08-01,99.4877,96.7516,101.0701,92.4175,102.2699,FALSE,FALSE,aug-2026,2026-08-02T21:48:32+0200
2026-08-01,rw_v1,RO,G476,2026-05-01,115.5,1,2026-06-01,113.9739,111.5855,117.4864,110.0684,121.7463,FALSE,FALSE,aug-2026,2026-08-02T21:48:32+0200
2026-08-01,rw_v1,RO,G476,2026-05-01,115.5,2,2026-07-01,113.6507,108.9779,117.9352,107.1383,122.8169,FALSE,FALSE,aug-2026,2026-08-02T21:48:32+0200
2026-08-01,rw_v1,RO,G476,2026-05-01,115.5,3,2026-08-01,112.8503,109.3017,118.2211,105.235,121.2573,FALSE,FALSE,aug-2026,2026-08-02T21:48:32+0200
2026-08-01,rw_v1,RO,G477,2026-05-01,144.9,1,2026-06-01,145.5494,143.9114,146.7,142.1678,149.219,FALSE,FALSE,aug-2026,2026-08-02T21:48:32+0200
2026-08-01,rw_v1,RO,G477,2026-05-01,144.9,2,2026-07-01,146.3542,144.2115,148.5656,140.1736,151.1432,FALSE,FALSE,aug-2026,2026-08-02T21:48:32+0200
2026-08-01,rw_v1,RO,G477,2026-05-01,144.9,3,2026-08-01,147.1125,144.055,150.069,137.569,153.3112,FALSE,FALSE,aug-2026,2026-08-02T21:48:32+0200
2026-08-01,rw_v1,RO,G479,2026-05-01,112.8,1,2026-06-01,113.1907,111.8023,114.5032,109.6893,116.8165,FALSE,FALSE,aug-2026,2026-08-02T21:48:32+0200
2026-08-01,rw_v1,RO,G479,2026-05-01,112.8,2,2026-07-01,113.4101,111.9318,115.2211,109.6257,117.801,FALSE,FALSE,aug-2026,2026-08-02T21:48:32+0200
2026-08-01,rw_v1,RO,G479,2026-05-01,112.8,3,2026-08-01,113.5432,112.1067,116.1821,109.643,119.1941,FALSE,FALSE,aug-2026,2026-08-02T21:48:32+0200
2026-08-01,rw_v1,RS,G47_FOOD,2026-06-01,112.9,1,2026-07-01,113.1963,112.3337,113.9302,111.6405,115.3355,FALSE,FALSE,aug-2026,2026-08-02T21:48:32+0200
2026-08-01,rw_v1,RS,G47_FOOD,2026-06-01,112.9,2,2026-08-01,113.3147,112.3441,114.644,111.1641,116.5148,FALSE,FALSE,aug-2026,2026-08-02T21:48:32+0200
2026-08-01,rw_v1,RS,G47_NFOOD_X_G473,2026-06-01,123.8,1,2026-07-01,123.9402,123.0654,125.4949,121.7669,127.19970000000001,FALSE,FALSE,aug-2026,2026-08-02T21:48:32+0200
2026-08-01,rw_v1,RS,G47_NFOOD_X_G473,2026-06-01,123.8,2,2026-08-01,124.8747,123.0504,126.3466,121.7326,128.5671,FALSE,FALSE,aug-2026,2026-08-02T21:48:32+0200
2026-08-01,rw_v1,SE,G47_NFOOD_X_G473,2026-06-01,102.5,1,2026-07-01,102.742,101.4946,103.6339,100.6185,104.9902,FALSE,FALSE,aug-2026,2026-08-02T21:48:32+0200
2026-08-01,rw_v1,SE,G47_NFOOD_X_G473,2026-06-01,102.5,2,2026-08-01,102.5934,101.4057,104.3213,100.231,105.7022,FALSE,FALSE,aug-2026,2026-08-02T21:48:32+0200
2026-08-01,rw_v1,SE,G474,2026-06-01,121.5,1,2026-07-01,122.1081,120.2307,123.8424,117.6588,126.4434,FALSE,FALSE,aug-2026,2026-08-02T21:48:32+0200
2026-08-01,rw_v1,SE,G474,2026-06-01,121.5,2,2026-08-01,122.6706,120.4422,125.4033,117.7995,127.4249,FALSE,FALSE,aug-2026,2026-08-02T21:48:32+0200
2026-08-01,rw_v1,SE,G475,2026-06-01,86.1,1,2026-07-01,86.2305,84.9422,87.3682,83.5602,88.2153,FALSE,FALSE,aug-2026,2026-08-02T21:48:32+0200
2026-08-01,rw_v1,SE,G475,2026-06-01,86.1,2,2026-08-01,86.5852,83.8435,87.9564,81.8024,89.0862,FALSE,FALSE,aug-2026,2026-08-02T21:48:32+0200
2026-08-01,rw_v1,SE,G476,2026-06-01,88.9,1,2026-07-01,89.0077,86.4556,90.9182,83.8154,92.7355,FALSE,FALSE,aug-2026,2026-08-02T21:48:32+0200
2026-08-01,rw_v1,SE,G476,2026-06-01,88.9,2,2026-08-01,88.8214,85.2663,91.0668,83.5519,93.7051,FALSE,FALSE,aug-2026,2026-08-02T21:48:32+0200
2026-08-01,rw_v1,SE,G477,2026-06-01,105.2,1,2026-07-01,105.2959,104.2408,106.8123,102.6591,108.462,FALSE,FALSE,aug-2026,2026-08-02T21:48:32+0200
2026-08-01,rw_v1,SE,G477,2026-06-01,105.2,2,2026-08-01,105.5172,104.3358,107.119,101.129,109.2887,FALSE,FALSE,aug-2026,2026-08-02T21:48:32+0200
2026-08-01,rw_v1,SI,G47_FOOD,2026-06-01,101.1,1,2026-07-01,101.2315,100.0013,102.5127,98.6921,103.1932,FALSE,FALSE,aug-2026,2026-08-02T21:48:32+0200
2026-08-01,rw_v1,SI,G47_FOOD,2026-06-01,101.1,2,2026-08-01,101.3065,99.9918,102.3567,98.6572,103.8262,FALSE,FALSE,aug-2026,2026-08-02T21:48:32+0200
2026-08-01,rw_v1,SI,G47_NFOOD_X_G473,2026-06-01,106.1,1,2026-07-01,106.1427,105.4304,107.1316,104.6582,108.1739,FALSE,FALSE,aug-2026,2026-08-02T21:48:32+0200
2026-08-01,rw_v1,SI,G47_NFOOD_X_G473,2026-06-01,106.1,2,2026-08-01,106.2442,105.1949,107.4368,103.9258,108.7445,FALSE,FALSE,aug-2026,2026-08-02T21:48:32+0200
2026-08-01,rw_v1,SK,G47_FOOD,2026-05-01,96.2,1,2026-06-01,95.9887,94.9214,96.6936,93.8436,97.6495,FALSE,FALSE,aug-2026,2026-08-02T21:48:32+0200
2026-08-01,rw_v1,SK,G47_FOOD,2026-05-01,96.2,2,2026-07-01,95.6843,94.2892,96.7855,92.931,97.9015,FALSE,FALSE,aug-2026,2026-08-02T21:48:32+0200
2026-08-01,rw_v1,SK,G47_FOOD,2026-05-01,96.2,3,2026-08-01,95.6537,93.7499,96.6319,92.172,97.5704,FALSE,FALSE,aug-2026,2026-08-02T21:48:32+0200
2026-08-01,rw_v1,SK,G47_NFOOD_X_G473,2026-05-01,108.3,1,2026-06-01,108.9079,107.362,110.5444,105.1957,112.3985,FALSE,FALSE,aug-2026,2026-08-02T21:48:32+0200
2026-08-01,rw_v1,SK,G47_NFOOD_X_G473,2026-05-01,108.3,2,2026-07-01,109.1071,106.4817,111.1339,104.0622,115.0405,FALSE,FALSE,aug-2026,2026-08-02T21:48:32+0200
2026-08-01,rw_v1,SK,G47_NFOOD_X_G473,2026-05-01,108.3,3,2026-08-01,109.2471,106.1354,112.7791,103.0896,115.4455,FALSE,FALSE,aug-2026,2026-08-02T21:48:32+0200
2026-08-01,rw_v1,TR,G47_FOOD,2026-05-01,166.7,1,2026-06-01,167.7943,166.8618,168.7027,165.8363,169.858,FALSE,FALSE,aug-2026,2026-08-02T21:48:32+0200
2026-08-01,rw_v1,TR,G47_FOOD,2026-05-01,166.7,2,2026-07-01,168.8397,167.7593,170.03,166.3875,171.4443,FALSE,FALSE,aug-2026,2026-08-02T21:48:32+0200
2026-08-01,rw_v1,TR,G47_FOOD,2026-05-01,166.7,3,2026-08-01,169.7334,168.6793,171.3507,166.9799,173.0218,FALSE,FALSE,aug-2026,2026-08-02T21:48:32+0200
2026-08-01,rw_v1,TR,G47_NFOOD_X_G473,2026-05-01,257.6,1,2026-06-01,260.1952,257.8648,262.8166,254.9484,265.8267,FALSE,FALSE,aug-2026,2026-08-02T21:48:32+0200
2026-08-01,rw_v1,TR,G47_NFOOD_X_G473,2026-05-01,257.6,2,2026-07-01,262.1816,259.5571,266.0027,254.2249,269.646,FALSE,FALSE,aug-2026,2026-08-02T21:48:32+0200
2026-08-01,rw_v1,TR,G47_NFOOD_X_G473,2026-05-01,257.6,3,2026-08-01,264.9518,260.7344,270.019,255.9864,274.3032,FALSE,FALSE,aug-2026,2026-08-02T21:48:32+0200
2026-08-01,rw_v1,TR,G474,2026-05-01,356.5,1,2026-06-01,360.2066,356.404,363.4508,349.5038,372.2433,FALSE,FALSE,aug-2026,2026-08-02T21:48:32+0200
2026-08-01,rw_v1,TR,G474,2026-05-01,356.5,2,2026-07-01,364.8892,358.2236,369.3078,351.9681,379.3521,FALSE,FALSE,aug-2026,2026-08-02T21:48:32+0200
2026-08-01,rw_v1,TR,G474,2026-05-01,356.5,3,2026-08-01,366.583,361.1657,375.5664,350.6522,388.6753,FALSE,FALSE,aug-2026,2026-08-02T21:48:32+0200
2026-08-01,rw_v1,TR,G475,2026-05-01,176.3,1,2026-06-01,177.886,174.8189,181.1084,169.5941,184.1088,FALSE,FALSE,aug-2026,2026-08-02T21:48:32+0200
2026-08-01,rw_v1,TR,G475,2026-05-01,176.3,2,2026-07-01,179.0331,173.7795,183.3823,167.9603,186.9373,FALSE,FALSE,aug-2026,2026-08-02T21:48:32+0200
2026-08-01,rw_v1,TR,G475,2026-05-01,176.3,3,2026-08-01,179.8463,173.1395,184.6191,168.5995,189.703,FALSE,FALSE,aug-2026,2026-08-02T21:48:32+0200
2026-08-01,rw_v1,TR,G476,2026-05-01,222.3,1,2026-06-01,223.673,221.7424,226.6417,219.5322,229.3469,FALSE,FALSE,aug-2026,2026-08-02T21:48:32+0200
2026-08-01,rw_v1,TR,G476,2026-05-01,222.3,2,2026-07-01,225.5477,222.2637,229.5754,218.7482,233.3138,FALSE,FALSE,aug-2026,2026-08-02T21:48:32+0200
2026-08-01,rw_v1,TR,G476,2026-05-01,222.3,3,2026-08-01,227.7954,224.1982,231.5213,219.5424,237.8098,FALSE,FALSE,aug-2026,2026-08-02T21:48:32+0200
2026-08-01,rw_v1,TR,G477,2026-05-01,279.3,1,2026-06-01,282.4258,279.7527,285.0385,275.5889,289.1722,FALSE,FALSE,aug-2026,2026-08-02T21:48:32+0200
2026-08-01,rw_v1,TR,G477,2026-05-01,279.3,2,2026-07-01,284.5166,281.5666,289.4523,276.5621,294.8633,FALSE,FALSE,aug-2026,2026-08-02T21:48:32+0200
2026-08-01,rw_v1,TR,G477,2026-05-01,279.3,3,2026-08-01,286.7809,283.2236,292.3393,280.4184,299.9814,FALSE,FALSE,aug-2026,2026-08-02T21:48:32+0200
2026-08-01,rw_v1,TR,G479,2026-05-01,268.2,1,2026-06-01,270.8366,269.7496,272.2179,267.1235,276.9988,FALSE,FALSE,aug-2026,2026-08-02T21:48:32+0200
2026-08-01,rw_v1,TR,G479,2026-05-01,268.2,2,2026-07-01,273.9301,272.2635,275.6221,270.8435,279.0476,FALSE,FALSE,aug-2026,2026-08-02T21:48:32+0200
2026-08-01,rw_v1,TR,G479,2026-05-01,268.2,3,2026-08-01,276.6147,274.313,279.5067,272.3978,284.3824,FALSE,FALSE,aug-2026,2026-08-02T21:48:32+0200
