edition,method,geo,category,anchor_month,anchor_level,horizon,target_month,point,lo50,hi50,lo80,hi80,fallback,low_conf,data_slug,logged_at,actual,recorded_on,err,ae,ae_pct,hit50,hit80,width50,width80,is50,is80,base_err,base_ae
2026-07-01,rw_v1,AL,G47,2026-02-01,129.6,1,2026-03-01,130.0154,128.8278,131.5439,127.1975,133.2649,FALSE,FALSE,may-2026,2026-07-14T11:18:16Z,130.2,2026-08-02,0.1846,0.1846,0.1424,TRUE,TRUE,2.7161,6.0674,2.7161,6.0674,0.6,0.6
2026-07-01,rw_v1,AL,G47,2026-02-01,129.6,2,2026-04-01,130.8386,129.1845,131.982,127.5229,135.4662,FALSE,FALSE,may-2026,2026-07-14T11:18:16Z,120.3,2026-08-02,-10.5386,10.5386,8.1316,FALSE,FALSE,2.7975,7.9433,38.3355,80.1723,-9.3,9.3
2026-07-01,rw_v1,AL,G47,2026-02-01,129.6,3,2026-05-01,130.9414,129.5625,132.8103,128.1863,134.3693,FALSE,FALSE,may-2026,2026-07-14T11:18:16Z,122.4,2026-08-02,-8.5414,8.5414,6.5906,FALSE,FALSE,3.2478,6.183,31.8978,64.046,-7.2,7.2
2026-07-01,rw_v1,AL,G47,2026-02-01,129.6,4,2026-06-01,131.4344,129.956,133.4625,128.4466,135.1089,FALSE,FALSE,may-2026,2026-07-14T11:18:16Z,133.9,2026-09-12,2.4656,2.4656,1.9025,FALSE,TRUE,3.5065,6.6623,5.2565,6.6623,4.3,4.3
2026-07-01,rw_v1,BE,G47,2026-03-01,95.1,1,2026-04-01,95.1181,94.3429,95.9994,93.2258,96.752,FALSE,FALSE,may-2026,2026-07-14T11:18:16Z,93.4,2026-08-02,-1.7181,1.7181,1.8066,FALSE,TRUE,1.6565,3.5262,5.4281,3.5262,-1.7,1.7
2026-07-01,rw_v1,BE,G47,2026-03-01,95.1,2,2026-05-01,95.2719,94.2874,95.9766,92.7206,96.9412,FALSE,FALSE,may-2026,2026-07-14T11:18:16Z,92.7,2026-08-02,-2.5719,2.5719,2.7044,FALSE,FALSE,1.6892,4.2206,8.0388,4.4266,-2.4,2.4
2026-07-01,rw_v1,BE,G47,2026-03-01,95.1,3,2026-06-01,95.0624,94.0913,96.0589,93.1122,97.1983,FALSE,FALSE,may-2026,2026-07-14T11:18:16Z,93.4,2026-08-02,-1.6624,1.6624,1.7481,FALSE,TRUE,1.9676,4.0861,4.7328,4.0861,-1.7,1.7
2026-07-01,rw_v1,BE,G47,2026-03-01,95.1,4,2026-07-01,95.0063,93.6443,96.1947,93.0106,97.2221,FALSE,FALSE,may-2026,2026-07-14T11:18:16Z,94.2,2026-09-12,-0.8063,0.8063,0.8478,TRUE,TRUE,2.5504,4.2115,2.5504,4.2115,-0.9,0.9
2026-07-01,rw_v1,BG,G47,2026-03-01,130,1,2026-04-01,130.5706,129.9725,131.3109,129.2448,132.0963,FALSE,FALSE,may-2026,2026-07-14T11:18:16Z,127.6,2026-08-02,-2.9706,2.9706,2.2851,FALSE,FALSE,1.3384,2.8515,10.8284,19.2995,-2.4,2.4
2026-07-01,rw_v1,BG,G47,2026-03-01,130,2,2026-05-01,131.1363,130.3458,131.8579,129.7406,132.9668,FALSE,FALSE,may-2026,2026-07-14T11:18:16Z,128.5,2026-08-02,-2.6363,2.6363,2.0279,FALSE,FALSE,1.5121,3.2262,8.8953,15.6322,-1.5,1.5
2026-07-01,rw_v1,BG,G47,2026-03-01,130,3,2026-06-01,131.5519,130.9157,132.5618,130.1232,133.7585,FALSE,FALSE,may-2026,2026-07-14T11:18:16Z,129.1,2026-08-02,-2.4519,2.4519,1.8861,FALSE,FALSE,1.6461,3.6353,8.9089,13.8673,-0.9,0.9
2026-07-01,rw_v1,BG,G47,2026-03-01,130,4,2026-07-01,132.0998,131.3535,133.0247,130.8334,134.0959,FALSE,FALSE,may-2026,2026-07-14T11:18:16Z,128.8,2026-09-12,-3.2998,3.2998,2.5383,FALSE,FALSE,1.6712,3.2625,11.8852,23.5965,-1.2,1.2
2026-07-01,rw_v1,CH,G47,2026-03-01,101.2,1,2026-04-01,101.1946,100.4187,101.8319,98.8307,102.8728,FALSE,FALSE,may-2026,2026-07-14T11:18:16Z,101.7,2026-08-02,0.5054,0.5054,0.4994,TRUE,TRUE,1.4132,4.0421,1.4132,4.0421,0.5,0.5
2026-07-01,rw_v1,CH,G47,2026-03-01,101.2,2,2026-05-01,101.3082,100.2782,101.9603,99.3577,103.0631,FALSE,FALSE,may-2026,2026-07-14T11:18:16Z,102.6,2026-08-02,1.2918,1.2918,1.2765,FALSE,TRUE,1.6821,3.7054,4.2409,3.7054,1.4,1.4
2026-07-01,rw_v1,CH,G47,2026-03-01,101.2,3,2026-06-01,101.4186,100.2575,102.26220000000001,98.9634,103.1273,FALSE,FALSE,may-2026,2026-07-14T11:18:16Z,102.7,2026-08-02,1.2814,1.2814,1.2662,FALSE,TRUE,2.0047,4.1639,3.7559,4.1639,1.5,1.5
2026-07-01,rw_v1,CH,G47,2026-03-01,101.2,4,2026-07-01,101.3857,100.6226,102.6239,99.1085,103.4282,FALSE,FALSE,may-2026,2026-07-14T11:18:16Z,103.2,2026-09-12,1.8143,1.8143,1.7928,FALSE,TRUE,2.0013,4.3197,4.3057,4.3197,2,2
2026-07-01,rw_v1,CY,G47,2026-03-01,129,1,2026-04-01,129.5072,128.7102,130.4338,127.4547,131.573,FALSE,FALSE,may-2026,2026-07-14T11:18:16Z,127.9,2026-08-02,-1.6072,1.6072,1.2459,FALSE,TRUE,1.7236,4.1183,4.9644,4.1183,-1.1,1.1
2026-07-01,rw_v1,CY,G47,2026-03-01,129,2,2026-05-01,130.1341,128.8945,131.1436,127.8237,132.0583,FALSE,FALSE,may-2026,2026-07-14T11:18:16Z,132.6,2026-08-02,2.4659,2.4659,1.9116,FALSE,FALSE,2.2491,4.2346,8.0747,9.6516,3.6,3.6
2026-07-01,rw_v1,CY,G47,2026-03-01,129,3,2026-06-01,130.4682,129.2284,131.7568,128.049,132.8856,FALSE,FALSE,may-2026,2026-07-14T11:18:16Z,131.3,2026-08-02,0.8318,0.8318,0.6448,TRUE,TRUE,2.5284,4.8366,2.5284,4.8366,2.3,2.3
2026-07-01,rw_v1,CY,G47,2026-03-01,129,4,2026-07-01,130.899,129.7435,132.435,128.3556,133.6809,FALSE,FALSE,may-2026,2026-07-14T11:18:16Z,134.3,2026-09-12,3.401,3.401,2.6364,FALSE,FALSE,2.6915,5.3253,10.1515,11.5163,5.3,5.3
2026-07-01,rw_v1,CZ,G47,2026-02-01,101.7,1,2026-03-01,101.7168,101.1195,102.3467,100.3364,103.2243,FALSE,FALSE,may-2026,2026-07-14T11:18:16Z,103.1,2026-08-02,1.3832,1.3832,1.3601,FALSE,TRUE,1.2272,2.8879,4.2404,2.8879,1.4,1.4
2026-07-01,rw_v1,CZ,G47,2026-02-01,101.7,2,2026-04-01,101.9163,101.0992,102.7238,99.6891,103.6002,FALSE,FALSE,may-2026,2026-07-14T11:18:16Z,101.9,2026-08-02,-0.0163,0.0163,0.016,TRUE,TRUE,1.6246,3.9111,1.6246,3.9111,0.2,0.2
2026-07-01,rw_v1,CZ,G47,2026-02-01,101.7,3,2026-05-01,101.9721,100.813,102.962,98.7347,104.0831,FALSE,FALSE,may-2026,2026-07-14T11:18:16Z,103.2,2026-08-02,1.2279,1.2279,1.2074,FALSE,TRUE,2.149,5.3484,3.101,5.3484,1.5,1.5
2026-07-01,rw_v1,CZ,G47,2026-02-01,101.7,4,2026-06-01,102.1192,100.5194,103.4707,98.6867,104.2464,FALSE,FALSE,may-2026,2026-07-14T11:18:16Z,103.1,2026-09-12,0.9808,0.9808,0.9644,TRUE,TRUE,2.9513,5.5597,2.9513,5.5597,1.4,1.4
2026-07-01,rw_v1,CZ,G47,2026-02-01,101.7,5,2026-07-01,102.305,99.6354,103.7654,98.0751,104.7119,FALSE,FALSE,may-2026,2026-07-14T11:18:16Z,103.7,2026-09-12,1.395,1.395,1.3717,TRUE,TRUE,4.13,6.6368,4.13,6.6368,2,2
2026-07-01,rw_v1,DE,G47,2026-03-01,98.5,1,2026-04-01,98.5915,97.7965,99.3551,96.3935,100.3303,FALSE,FALSE,may-2026,2026-07-14T11:18:16Z,100.9,2026-08-02,2.3085,2.3085,2.3437,FALSE,FALSE,1.5586,3.9368,7.7382,9.6338,2.4,2.4
2026-07-01,rw_v1,DE,G47,2026-03-01,98.5,2,2026-05-01,98.7412,97.6745,99.365,96.2401,101.2098,FALSE,FALSE,may-2026,2026-07-14T11:18:16Z,101.9,2026-08-02,3.1588,3.1588,3.2069,FALSE,FALSE,1.6905,4.9697,11.8305,11.8717,3.4,3.4
2026-07-01,rw_v1,DE,G47,2026-03-01,98.5,3,2026-06-01,98.937,97.7427,99.8452,96.2579,100.57,FALSE,FALSE,may-2026,2026-07-14T11:18:16Z,101.8,2026-09-12,2.863,2.863,2.9066,FALSE,FALSE,2.1025,4.3121,9.9217,16.6121,3.3,3.3
2026-07-01,rw_v1,DE,G47,2026-03-01,98.5,4,2026-07-01,98.5995,97.5275,99.9149,95.8332,101.5838,FALSE,FALSE,may-2026,2026-07-14T11:18:16Z,98.3,2026-09-12,-0.2995,0.2995,0.3041,TRUE,TRUE,2.3874,5.7506,2.3874,5.7506,-0.2,0.2
2026-07-01,rw_v1,DK,G47,2026-03-01,101.2,1,2026-04-01,101.3681,100.3706,102.0683,99.4966,103.0211,FALSE,FALSE,may-2026,2026-07-14T11:18:16Z,97.4,2026-08-02,-3.9681,3.9681,3.921,FALSE,FALSE,1.6977,3.5245,13.5801,24.4905,-3.8,3.8
2026-07-01,rw_v1,DK,G47,2026-03-01,101.2,2,2026-05-01,101.4616,100.258,102.3299,99.0818,103.5819,FALSE,FALSE,may-2026,2026-07-14T11:18:16Z,100.6,2026-08-02,-0.8616,0.8616,0.8514,TRUE,TRUE,2.0719,4.5001,2.0719,4.5001,-0.6,0.6
2026-07-01,rw_v1,DK,G47,2026-03-01,101.2,3,2026-06-01,101.5796,100.4005,102.5369,98.9721,103.5775,FALSE,FALSE,may-2026,2026-07-14T11:18:16Z,100.6,2026-08-02,-0.9796,0.9796,0.968,TRUE,TRUE,2.1364,4.6054,2.1364,4.6054,-0.6,0.6
2026-07-01,rw_v1,DK,G47,2026-03-01,101.2,4,2026-07-01,101.7246,100.5154,102.7335,99.0158,103.9637,FALSE,FALSE,may-2026,2026-07-14T11:18:16Z,101.3,2026-09-12,-0.4246,0.4246,0.4196,TRUE,TRUE,2.2181,4.9479,2.2181,4.9479,0.1,0.1
2026-07-01,rw_v1,EE,G47,2026-03-01,98.8,1,2026-04-01,98.9035,97.8914,99.7708,96.9186,100.8441,FALSE,FALSE,may-2026,2026-07-14T11:18:16Z,95.5,2026-08-02,-3.4035,3.4035,3.4448,FALSE,FALSE,1.8794,3.9255,11.445,18.1115,-3.3,3.3
2026-07-01,rw_v1,EE,G47,2026-03-01,98.8,2,2026-05-01,99.0707,97.762,99.8824,96.9608,101.6802,FALSE,FALSE,may-2026,2026-07-14T11:18:16Z,93.3,2026-08-02,-5.7707,5.7707,5.8408,FALSE,FALSE,2.1204,4.7194,19.9684,41.3274,-5.5,5.5
2026-07-01,rw_v1,EE,G47,2026-03-01,98.8,3,2026-06-01,99.1716,97.7709,100.4004,96.0513,102.2477,FALSE,FALSE,may-2026,2026-07-14T11:18:16Z,94.1,2026-08-02,-5.0716,5.0716,5.1332,FALSE,FALSE,2.6295,6.1964,17.3131,25.7094,-4.7,4.7
2026-07-01,rw_v1,EE,G47,2026-03-01,98.8,4,2026-07-01,99.457,97.7258,100.6989,96.1052,102.1975,FALSE,FALSE,may-2026,2026-07-14T11:18:16Z,95,2026-09-12,-4.457,4.457,4.5111,FALSE,FALSE,2.9731,6.0923,13.8763,17.1443,-3.8,3.8
2026-07-01,rw_v1,EL,G47,2026-02-01,103.8,1,2026-03-01,104.1664,102.0221,106.0287,100.038,107.5918,FALSE,FALSE,may-2026,2026-07-14T11:18:16Z,103.3,2026-08-02,-0.8664,0.8664,0.8347,TRUE,TRUE,4.0066,7.5538,4.0066,7.5538,-0.5,0.5
2026-07-01,rw_v1,EL,G47,2026-02-01,103.8,2,2026-04-01,104.1424,102.2057,106.2794,100.1084,109.0861,FALSE,FALSE,may-2026,2026-07-14T11:18:16Z,101.8,2026-08-02,-2.3424,2.3424,2.2566,FALSE,TRUE,4.0737,8.9777,5.6965,8.9777,-2,2
2026-07-01,rw_v1,EL,G47,2026-02-01,103.8,3,2026-05-01,103.9926,102.0653,105.9672,99.9291,108.333,FALSE,FALSE,may-2026,2026-07-14T11:18:16Z,105.2,2026-08-02,1.2074,1.2074,1.1632,TRUE,TRUE,3.9019,8.4039,3.9019,8.4039,1.4,1.4
2026-07-01,rw_v1,EL,G47,2026-02-01,103.8,4,2026-06-01,104.2199,101.6828,106.6345,99.3011,108.4004,FALSE,FALSE,may-2026,2026-07-14T11:18:16Z,103.6,2026-09-12,-0.6199,0.6199,0.5972,TRUE,TRUE,4.9517,9.0993,4.9517,9.0993,-0.2,0.2
2026-07-01,rw_v1,EL,G47,2026-02-01,103.8,5,2026-07-01,104.0644,102.2542,106.5555,99.6812,109.3978,FALSE,FALSE,may-2026,2026-07-14T11:18:16Z,105,2026-10-07,0.9356,0.9356,0.9013,TRUE,TRUE,4.3013,9.7166,4.3013,9.7166,1.2,1.2
2026-07-01,rw_v1,ES,G47,2026-03-01,113.7,1,2026-04-01,113.9495,113.3562,114.676,112.6905,115.3813,FALSE,FALSE,may-2026,2026-07-14T11:18:16Z,111.6,2026-08-02,-2.3495,2.3495,2.0664,FALSE,FALSE,1.3198,2.6908,8.3446,13.5958,-2.1,2.1
2026-07-01,rw_v1,ES,G47,2026-03-01,113.7,2,2026-05-01,114.1149,113.4616,114.8078,112.7162,115.6283,FALSE,FALSE,may-2026,2026-07-14T11:18:16Z,112.3,2026-08-02,-1.8149,1.8149,1.5962,FALSE,FALSE,1.3462,2.9121,5.9926,7.0741,-1.4,1.4
2026-07-01,rw_v1,ES,G47,2026-03-01,113.7,3,2026-06-01,114.2856,113.5218,115.1087,112.9773,115.9854,FALSE,FALSE,may-2026,2026-07-14T11:18:16Z,112.6,2026-08-02,-1.6856,1.6856,1.4825,FALSE,FALSE,1.5869,3.0081,5.2741,6.7811,-1.1,1.1
2026-07-01,rw_v1,ES,G47,2026-03-01,113.7,4,2026-07-01,114.4509,113.6665,115.498,112.7627,116.3642,FALSE,FALSE,may-2026,2026-07-14T11:18:16Z,111.5,2026-09-12,-2.9509,2.9509,2.5953,FALSE,FALSE,1.8315,3.6015,10.4975,16.2285,-2.2,2.2
2026-07-01,rw_v1,FI,G47,2026-03-01,94.8,1,2026-04-01,94.8258,94.1518,95.5235,93.0374,96.1159,FALSE,FALSE,may-2026,2026-07-14T11:18:16Z,94.9,2026-08-02,0.0742,0.0742,0.0783,TRUE,TRUE,1.3717,3.0785,1.3717,3.0785,0.1,0.1
2026-07-01,rw_v1,FI,G47,2026-03-01,94.8,2,2026-05-01,94.838,93.8388,95.6211,92.9979,96.2281,FALSE,FALSE,may-2026,2026-07-14T11:18:16Z,95.2,2026-08-02,0.362,0.362,0.3819,TRUE,TRUE,1.7823,3.2302,1.7823,3.2302,0.4,0.4
2026-07-01,rw_v1,FI,G47,2026-03-01,94.8,3,2026-06-01,94.6694,93.7493,95.789,93.0849,96.5761,FALSE,FALSE,may-2026,2026-07-14T11:18:16Z,93.8,2026-08-02,-0.8694,0.8694,0.9171,TRUE,TRUE,2.0397,3.4912,2.0397,3.4912,-1,1
2026-07-01,rw_v1,FI,G47,2026-03-01,94.8,4,2026-07-01,94.7604,93.7195,95.7663,92.5961,96.7848,FALSE,FALSE,may-2026,2026-07-14T11:18:16Z,94.2,2026-09-12,-0.5604,0.5604,0.5911,TRUE,TRUE,2.0468,4.1887,2.0468,4.1887,-0.6,0.6
2026-07-01,rw_v1,FR,G47,2026-03-01,107.2,1,2026-04-01,107.3569,106.6581,107.8906,105.4876,108.7347,FALSE,FALSE,may-2026,2026-07-14T11:18:16Z,108.3,2026-08-02,0.9431,0.9431,0.8798,FALSE,TRUE,1.2325,3.2471,2.8701,3.2471,1.1,1.1
2026-07-01,rw_v1,FR,G47,2026-03-01,107.2,2,2026-05-01,107.41,106.8544,108.0486,106.0583,109.1996,FALSE,FALSE,may-2026,2026-07-14T11:18:16Z,108.2,2026-08-02,0.79,0.79,0.7369,FALSE,TRUE,1.1942,3.1413,1.7998,3.1413,1,1
2026-07-01,rw_v1,FR,G47,2026-03-01,107.2,3,2026-06-01,107.6243,106.7754,108.4285,105.7685,109.8895,FALSE,FALSE,may-2026,2026-07-14T11:18:16Z,107.7,2026-08-02,0.0757,0.0757,0.0706,TRUE,TRUE,1.6531,4.121,1.6531,4.121,0.5,0.5
2026-07-01,rw_v1,FR,G47,2026-03-01,107.2,4,2026-07-01,107.769,107.076,108.6133,105.8971,109.7716,FALSE,FALSE,may-2026,2026-07-14T11:18:16Z,109.7,2026-09-12,1.931,1.931,1.8013,FALSE,TRUE,1.5373000000000001,3.8745,5.8841,3.8745,2.5,2.5
2026-07-01,rw_v1,HR,G47,2026-03-01,119,1,2026-04-01,119.5169,118.5279,120.2859,117.4143,121.2288,FALSE,FALSE,may-2026,2026-07-14T11:18:16Z,118.7,2026-08-02,-0.8169,0.8169,0.6865,TRUE,TRUE,1.758,3.8145,1.758,3.8145,-0.3,0.3
2026-07-01,rw_v1,HR,G47,2026-03-01,119,2,2026-05-01,119.8889,118.8069,120.7649,117.4123,122.1182,FALSE,FALSE,may-2026,2026-07-14T11:18:16Z,116.3,2026-08-02,-3.5889,3.5889,3.0159,FALSE,FALSE,1.958,4.7059,11.9856,15.8289,-2.7,2.7
2026-07-01,rw_v1,HR,G47,2026-03-01,119,3,2026-06-01,120.2231,119.1221,121.3402,117.5976,122.375,FALSE,FALSE,may-2026,2026-07-14T11:18:16Z,118.1,2026-08-02,-2.1231,2.1231,1.7841,FALSE,TRUE,2.2181,4.7774,6.3065,4.7774,-0.9,0.9
2026-07-01,rw_v1,HR,G47,2026-03-01,119,4,2026-07-01,120.5099,119.1428,121.8104,117.7797,123.1285,FALSE,FALSE,may-2026,2026-07-14T11:18:16Z,119.7,2026-09-12,-0.8099,0.8099,0.6806,TRUE,TRUE,2.6676,5.3488,2.6676,5.3488,0.7,0.7
2026-07-01,rw_v1,HU,G47,2026-03-01,107.6,1,2026-04-01,107.9262,107.1206,108.3991,106.4386,109.1416,FALSE,FALSE,may-2026,2026-07-14T11:18:16Z,106,2026-08-02,-1.9262,1.9262,1.7901,FALSE,FALSE,1.2785,2.703,5.7609,7.089,-1.6,1.6
2026-07-01,rw_v1,HU,G47,2026-03-01,107.6,2,2026-05-01,108.1596,107.356,108.8586,106.0338,109.6424,FALSE,FALSE,may-2026,2026-07-14T11:18:16Z,106.8,2026-08-02,-1.3596,1.3596,1.2636,FALSE,TRUE,1.5026,3.6086,3.7266,3.6086,-0.8,0.8
2026-07-01,rw_v1,HU,G47,2026-03-01,107.6,3,2026-06-01,108.1969,107.5692,109.1774,105.5535,110.1543,FALSE,FALSE,may-2026,2026-07-14T11:18:16Z,106.3,2026-09-12,-1.8969,1.8969,1.7629,FALSE,TRUE,1.6082,4.6008,6.685,4.6008,-1.3,1.3
2026-07-01,rw_v1,HU,G47,2026-03-01,107.6,4,2026-07-01,108.6205,107.426,109.5758,104.8137,110.7865,FALSE,FALSE,may-2026,2026-07-14T11:18:16Z,107.4,2026-09-12,-1.2205,1.2205,1.1343,FALSE,TRUE,2.1498,5.9728,2.2538,5.9728,-0.2,0.2
2026-07-01,rw_v1,IE,G47,2026-03-01,111.6,1,2026-04-01,111.3233,110.884,112.2931,109.8882,113.0431,FALSE,FALSE,may-2026,2026-07-14T11:18:16Z,110.6,2026-08-02,-0.7233,0.7233,0.6481,FALSE,TRUE,1.4091,3.1549,2.5451,3.1549,-1,1
2026-07-01,rw_v1,IE,G47,2026-03-01,111.6,2,2026-05-01,111.5812,110.5497,112.3042,109.1695,112.8815,FALSE,FALSE,may-2026,2026-07-14T11:18:16Z,111.2,2026-08-02,-0.3812,0.3812,0.3416,TRUE,TRUE,1.7545,3.712,1.7545,3.712,-0.4,0.4
2026-07-01,rw_v1,IE,G47,2026-03-01,111.6,3,2026-06-01,111.2255,110.3304,111.9927,109.8008,112.7809,FALSE,FALSE,may-2026,2026-07-14T11:18:16Z,111.6,2026-08-02,0.3745,0.3745,0.3356,TRUE,TRUE,1.6623000000000001,2.9801,1.6623000000000001,2.9801,0,0
2026-07-01,rw_v1,IE,G47,2026-03-01,111.6,4,2026-07-01,111.1332,109.9828,111.9037,109.4577,112.596,FALSE,FALSE,may-2026,2026-07-14T11:18:16Z,112.7,2026-09-12,1.5668,1.5668,1.4039,FALSE,FALSE,1.9209,3.1383,5.1061,4.1783,1.1,1.1
2026-07-01,rw_v1,IT,G47,2026-03-01,97.7,1,2026-04-01,97.688,97.2149,98.1047,96.7414,98.8423,FALSE,FALSE,may-2026,2026-07-14T11:18:16Z,98.3,2026-08-02,0.612,0.612,0.6264,FALSE,TRUE,0.8898,2.1009,1.671,2.1009,0.6,0.6
2026-07-01,rw_v1,IT,G47,2026-03-01,97.7,2,2026-05-01,97.6842,97.1464,98.1508,96.4911,99.5215,FALSE,FALSE,may-2026,2026-07-14T11:18:16Z,98,2026-08-02,0.3158,0.3158,0.3232,TRUE,TRUE,1.0044,3.0304,1.0044,3.0304,0.3,0.3
2026-07-01,rw_v1,IT,G47,2026-03-01,97.7,3,2026-06-01,97.6442,97.1051,98.1213,96.3299,100.6892,FALSE,FALSE,may-2026,2026-07-14T11:18:16Z,97.9,2026-09-12,0.2558,0.2558,0.2618,TRUE,TRUE,1.0162,4.3593,1.0162,4.3593,0.2,0.2
2026-07-01,rw_v1,IT,G47,2026-03-01,97.7,4,2026-07-01,97.5877,96.8292,98.152,95.6613,100.0967,FALSE,FALSE,may-2026,2026-07-14T11:18:16Z,97.6,2026-09-12,0.0123,0.0123,0.0126,TRUE,TRUE,1.3228,4.4354,1.3228,4.4354,-0.1,0.1
2026-07-01,rw_v1,LT,G47,2026-03-01,111,1,2026-04-01,111.4054,110.3413,112.1164,109.5617,113.2157,FALSE,FALSE,may-2026,2026-07-14T11:18:16Z,115,2026-08-02,3.5946,3.5946,3.2384,FALSE,FALSE,1.7751,3.654,13.3095,21.497,4,4
2026-07-01,rw_v1,LT,G47,2026-03-01,111,2,2026-05-01,111.692,110.2871,112.7273,108.9437,113.9866,FALSE,FALSE,may-2026,2026-07-14T11:18:16Z,113.9,2026-08-02,2.208,2.208,1.9892,FALSE,TRUE,2.4402,5.0429,7.131,5.0429,2.9,2.9
2026-07-01,rw_v1,LT,G47,2026-03-01,111,3,2026-06-01,111.608,110.4548,112.9758,108.1885,114.8927,FALSE,FALSE,may-2026,2026-07-14T11:18:16Z,114.2,2026-08-02,2.592,2.592,2.3351,FALSE,TRUE,2.521,6.7042,7.4178,6.7042,3.2,3.2
2026-07-01,rw_v1,LT,G47,2026-03-01,111,4,2026-07-01,111.9893,110.3318,113.3578,108.2796,115.806,FALSE,FALSE,may-2026,2026-07-14T11:18:16Z,115.4,2026-09-12,3.4107,3.4107,3.0727,FALSE,TRUE,3.026,7.5264,11.1948,7.5264,4.4,4.4
2026-07-01,rw_v1,LU,G47,2026-03-01,143.7,1,2026-04-01,146.4433,144.0694,148.73,141.4921,151.1168,FALSE,TRUE,may-2026,2026-07-14T11:18:16Z,134.6,2026-08-02,-11.8433,11.8433,8.2417,FALSE,FALSE,4.6606,9.6247,42.5382,78.5457,-9.1,9.1
2026-07-01,rw_v1,LU,G47,2026-03-01,143.7,2,2026-05-01,149.0788,144.6575,153.0719,139.5667,156.0742,FALSE,TRUE,may-2026,2026-07-14T11:18:16Z,140.8,2026-08-02,-8.2788,8.2788,5.7612,FALSE,TRUE,8.4144,16.5075,23.8444,16.5075,-2.9,2.9
2026-07-01,rw_v1,LU,G47,2026-03-01,143.7,3,2026-06-01,150.2199,146.2672,156.0946,138.8284,160.7097,FALSE,TRUE,may-2026,2026-07-14T11:18:16Z,144.3,2026-08-02,-5.9199,5.9199,4.1196,FALSE,TRUE,9.8274,21.8813,17.6962,21.8813,0.6,0.6
2026-07-01,rw_v1,LU,G47,2026-03-01,143.7,4,2026-07-01,152.2838,147.6533,160.2846,138.54,166.3704,FALSE,TRUE,may-2026,2026-07-14T11:18:16Z,143.5,2026-09-12,-8.7838,8.7838,6.1126,FALSE,TRUE,12.6313,27.8304,29.2445,27.8304,-0.2,0.2
2026-07-01,rw_v1,LV,G47,2026-03-01,106.6,1,2026-04-01,106.6753,105.7096,107.6086,104.8683,109.3315,FALSE,FALSE,may-2026,2026-07-14T11:18:16Z,106.4,2026-08-02,-0.2753,0.2753,0.2583,TRUE,TRUE,1.899,4.4632,1.899,4.4632,-0.2,0.2
2026-07-01,rw_v1,LV,G47,2026-03-01,106.6,2,2026-05-01,106.8788,105.7181,108.1354,104.1943,109.271,FALSE,FALSE,may-2026,2026-07-14T11:18:16Z,106.4,2026-08-02,-0.4788,0.4788,0.4492,TRUE,TRUE,2.4173,5.0767,2.4173,5.0767,-0.2,0.2
2026-07-01,rw_v1,LV,G47,2026-03-01,106.6,3,2026-06-01,107.1002,105.4137,108.3416,103.7954,109.7596,FALSE,FALSE,may-2026,2026-07-14T11:18:16Z,107.1,2026-08-02,-2e-4,2e-4,2e-4,TRUE,TRUE,2.9279,5.9642,2.9279,5.9642,0.5,0.5
2026-07-01,rw_v1,LV,G47,2026-03-01,106.6,4,2026-07-01,107.0183,105.5706,108.1852,104.0751,109.6075,FALSE,FALSE,may-2026,2026-07-14T11:18:16Z,110.5,2026-09-12,3.4817,3.4817,3.2661,FALSE,FALSE,2.6146,5.5324,11.8738,14.4574,3.9,3.9
2026-07-01,rw_v1,ME,G47,2026-03-01,143.2,1,2026-04-01,143.7956,142.2346,146.0153,140.07,148.5131,FALSE,FALSE,may-2026,2026-07-14T11:18:16Z,141.1,2026-08-02,-2.6956,2.6956,1.8824,FALSE,TRUE,3.7807,8.4431,8.3191,8.4431,-2.1,2.1
2026-07-01,rw_v1,ME,G47,2026-03-01,143.2,2,2026-05-01,144.6706,142.6697,146.8877,138.936,150.734,FALSE,FALSE,may-2026,2026-07-14T11:18:16Z,141,2026-08-02,-3.6706,3.6706,2.5633,FALSE,TRUE,4.218,11.798,10.8968,11.798,-2.2,2.2
2026-07-01,rw_v1,ME,G47,2026-03-01,143.2,3,2026-06-01,145.2511,143.517,147.3968,140.9589,153.059,FALSE,FALSE,may-2026,2026-07-14T11:18:16Z,144.2,2026-08-02,-1.0511,1.0511,0.734,TRUE,TRUE,3.8798,12.1001,3.8798,12.1001,1,1
2026-07-01,rw_v1,ME,G47,2026-03-01,143.2,4,2026-07-01,146.0221,143.7526,148.4511,140.7362,153.8202,FALSE,FALSE,may-2026,2026-07-14T11:18:16Z,143.1,2026-09-12,-2.9221,2.9221,2.0406,FALSE,TRUE,4.6985,13.084,7.3089,13.084,-0.1,0.1
2026-07-01,rw_v1,MK,G47,2026-02-01,107.9,1,2026-03-01,108.3887,106.4062,110.4329,103.8471,112.0248,FALSE,FALSE,may-2026,2026-07-14T11:18:16Z,108.3,2026-08-02,-0.0887,0.0887,0.0822,TRUE,TRUE,4.0267,8.1777,4.0267,8.1777,0.4,0.4
2026-07-01,rw_v1,MK,G47,2026-02-01,107.9,2,2026-04-01,108.4613,106.1873,110.8118,103.9844,113.7941,FALSE,FALSE,may-2026,2026-07-14T11:18:16Z,106,2026-08-02,-2.4613,2.4613,2.2811,FALSE,TRUE,4.6245,9.8097,5.3737,9.8097,-1.9,1.9
2026-07-01,rw_v1,MK,G47,2026-02-01,107.9,3,2026-05-01,108.8711,107.0912,110.5538,103.336,113.4723,FALSE,FALSE,may-2026,2026-07-14T11:18:16Z,110.5,2026-08-02,1.6289,1.6289,1.5096,TRUE,TRUE,3.4626,10.1363,3.4626,10.1363,2.6,2.6
2026-07-01,rw_v1,MK,G47,2026-02-01,107.9,4,2026-06-01,109.2065,106.4483,112.4648,103.0806,114.4824,FALSE,FALSE,may-2026,2026-07-14T11:18:16Z,107.3,2026-09-12,-1.9065,1.9065,1.7669,TRUE,TRUE,6.0165,11.4018,6.0165,11.4018,-0.6,0.6
2026-07-01,rw_v1,MK,G47,2026-02-01,107.9,5,2026-07-01,109.2423,106.2363,111.824,102.6797,114.9732,FALSE,FALSE,may-2026,2026-07-14T11:18:16Z,107.3,2026-10-07,-1.9423,1.9423,1.8001,TRUE,TRUE,5.5877,12.2935,5.5877,12.2935,-0.6,0.6
2026-07-01,rw_v1,MT,G47,2026-03-01,128.8,1,2026-04-01,129.3655,128.4677,130.5659,127.2343,131.8461,FALSE,FALSE,may-2026,2026-07-14T11:18:16Z,126.9,2026-08-02,-2.4655,2.4655,1.9142,FALSE,FALSE,2.0982,4.6118,8.369,7.9548,-1.9,1.9
2026-07-01,rw_v1,MT,G47,2026-03-01,128.8,2,2026-05-01,129.9354,128.8737,131.0976,127.5696,132.6001,FALSE,FALSE,may-2026,2026-07-14T11:18:16Z,127.8,2026-08-02,-2.1354,2.1354,1.6579,FALSE,TRUE,2.2239,5.0305,6.5187,5.0305,-1,1
2026-07-01,rw_v1,MT,G47,2026-03-01,128.8,3,2026-06-01,130.339,129.4565,131.8759,128.2162,132.8061,FALSE,FALSE,may-2026,2026-07-14T11:18:16Z,127.8,2026-08-02,-2.539,2.539,1.9713,FALSE,FALSE,2.4194,4.5899,9.0454,8.7519,-1,1
2026-07-01,rw_v1,MT,G47,2026-03-01,128.8,4,2026-07-01,130.9587,129.52,132.336,128.0822,133.7954,FALSE,FALSE,may-2026,2026-07-14T11:18:16Z,130,2026-09-12,-0.9587,0.9587,0.7443,TRUE,TRUE,2.816,5.7132,2.816,5.7132,1.2,1.2
2026-07-01,rw_v1,NL,G47,2026-03-01,102.5,1,2026-04-01,102.63,101.7768,103.2909,100.9351,104.0135,FALSE,FALSE,may-2026,2026-07-14T11:18:16Z,102.6,2026-08-02,-0.03,0.03,0.0293,TRUE,TRUE,1.5141,3.0784,1.5141,3.0784,0.1,0.1
2026-07-01,rw_v1,NL,G47,2026-03-01,102.5,2,2026-05-01,102.5738,101.9182,103.4678,100.9598,104.3099,FALSE,FALSE,may-2026,2026-07-14T11:18:16Z,102.5,2026-08-02,-0.0738,0.0738,0.072,TRUE,TRUE,1.5496,3.3501,1.5496,3.3501,0,0
2026-07-01,rw_v1,NL,G47,2026-03-01,102.5,3,2026-06-01,102.562,101.6182,103.7165,100.4937,104.8044,FALSE,FALSE,may-2026,2026-07-14T11:18:16Z,102.9,2026-08-02,0.338,0.338,0.3298,TRUE,TRUE,2.0983,4.3107,2.0983,4.3107,0.4,0.4
2026-07-01,rw_v1,NL,G47,2026-03-01,102.5,4,2026-07-01,102.787,101.7039,103.7151,100.1564,105.2524,FALSE,FALSE,may-2026,2026-07-14T11:18:16Z,103,2026-09-12,0.213,0.213,0.2078,TRUE,TRUE,2.0112,5.096,2.0112,5.096,0.5,0.5
2026-07-01,rw_v1,NO,G47,2026-03-01,96.3,1,2026-04-01,96.413,95.5515,96.9932,94.5593,97.8598,FALSE,FALSE,may-2026,2026-07-14T11:18:16Z,96.2,2026-08-02,-0.213,0.213,0.2212,TRUE,TRUE,1.4417,3.3005,1.4417,3.3005,-0.1,0.1
2026-07-01,rw_v1,NO,G47,2026-03-01,96.3,2,2026-05-01,96.4108,95.5085,97.2874,93.9851,98.2031,FALSE,FALSE,may-2026,2026-07-14T11:18:16Z,93.9,2026-08-02,-2.5108,2.5108,2.6073,FALSE,FALSE,1.7789,4.218,8.2129,5.069,-2.4,2.4
2026-07-01,rw_v1,NO,G47,2026-03-01,96.3,3,2026-06-01,96.3764,95.3631,97.4308,93.4676,98.5451,FALSE,FALSE,may-2026,2026-07-14T11:18:16Z,95.6,2026-08-02,-0.7764,0.7764,0.8062,TRUE,TRUE,2.0677,5.0775,2.0677,5.0775,-0.7,0.7
2026-07-01,rw_v1,NO,G47,2026-03-01,96.3,4,2026-07-01,96.6087,95.1853,97.7025,92.7256,98.8519,FALSE,FALSE,may-2026,2026-07-14T11:18:16Z,94.8,2026-09-12,-1.8087,1.8087,1.8782,FALSE,TRUE,2.5172,6.1263,4.0584,6.1263,-1.5,1.5
2026-07-01,rw_v1,PL,G47,2026-03-01,113.4,1,2026-04-01,113.6478,112.8676,114.4456,111.8396,115.5225,FALSE,FALSE,may-2026,2026-07-14T11:18:16Z,111.2,2026-08-02,-2.4478,2.4478,2.1586,FALSE,FALSE,1.578,3.6829,8.2484,10.0789,-2.2,2.2
2026-07-01,rw_v1,PL,G47,2026-03-01,113.4,2,2026-05-01,113.8235,112.8806,114.9463,112.1771,116.1153,FALSE,FALSE,may-2026,2026-07-14T11:18:16Z,113.9,2026-08-02,0.0765,0.0765,0.0675,TRUE,TRUE,2.0657,3.9382,2.0657,3.9382,0.5,0.5
2026-07-01,rw_v1,PL,G47,2026-03-01,113.4,3,2026-06-01,114.2504,113.023,115.2367,111.8482,116.6612,FALSE,FALSE,may-2026,2026-07-14T11:18:16Z,115.5,2026-08-02,1.2496,1.2496,1.1019,FALSE,TRUE,2.2137,4.813,3.2669,4.813,2.1,2.1
2026-07-01,rw_v1,PL,G47,2026-03-01,113.4,4,2026-07-01,114.3965,113.0137,115.9252,111.5622,117.3514,FALSE,FALSE,may-2026,2026-07-14T11:18:16Z,114.2,2026-09-12,-0.1965,0.1965,0.1733,TRUE,TRUE,2.9115,5.7892,2.9115,5.7892,0.8,0.8
2026-07-01,rw_v1,PT,G47,2026-03-01,118.9,1,2026-04-01,119.3545,118.4151,120.1768,117.0321,121.3946,FALSE,FALSE,may-2026,2026-07-14T11:18:16Z,119.1,2026-08-02,-0.2545,0.2545,0.214,TRUE,TRUE,1.7617,4.3625,1.7617,4.3625,0.2,0.2
2026-07-01,rw_v1,PT,G47,2026-03-01,118.9,2,2026-05-01,119.5714,118.5664,120.5618,117.5258,122.089,FALSE,FALSE,may-2026,2026-07-14T11:18:16Z,118.8,2026-08-02,-0.7714,0.7714,0.6488,TRUE,TRUE,1.9954,4.5632,1.9954,4.5632,-0.1,0.1
2026-07-01,rw_v1,PT,G47,2026-03-01,118.9,3,2026-06-01,119.8506,118.9027,120.8988,117.4716,122.4273,FALSE,FALSE,may-2026,2026-07-14T11:18:16Z,120.8,2026-08-02,0.9494,0.9494,0.7985,TRUE,TRUE,1.9961,4.9557,1.9961,4.9557,1.9,1.9
2026-07-01,rw_v1,PT,G47,2026-03-01,118.9,4,2026-07-01,120.1138,119.1272,121.5253,117.3833,123.3313,FALSE,FALSE,may-2026,2026-07-14T11:18:16Z,120.4,2026-09-12,0.2862,0.2862,0.2407,TRUE,TRUE,2.3981,5.948,2.3981,5.948,1.5,1.5
2026-07-01,rw_v1,RO,G47,2026-03-01,114.3,1,2026-04-01,114.6284,113.8018,115.5823,112.6631,116.5552,FALSE,FALSE,may-2026,2026-07-14T11:18:16Z,110.8,2026-08-02,-3.8284,3.8284,3.3494,FALSE,FALSE,1.7805,3.8921,13.7877,22.5231,-3.5,3.5
2026-07-01,rw_v1,RO,G47,2026-03-01,114.3,2,2026-05-01,114.9976,113.8455,116.0593,112.6477,116.9782,FALSE,FALSE,may-2026,2026-07-14T11:18:16Z,112.2,2026-08-02,-2.7976,2.7976,2.4476,FALSE,FALSE,2.2138,4.3305,8.7958,8.8075,-2.1,2.1
2026-07-01,rw_v1,RO,G47,2026-03-01,114.3,3,2026-06-01,115.2277,113.9155,116.3382,112.0728,117.6746,FALSE,FALSE,may-2026,2026-07-14T11:18:16Z,110.3,2026-09-12,-4.9277,4.9277,4.3112,FALSE,FALSE,2.4227,5.6018,16.8847,23.3298,-4,4
2026-07-01,rw_v1,RO,G47,2026-03-01,114.3,4,2026-07-01,115.2194,114.1312,116.6757,111.9894,118.1657,FALSE,FALSE,may-2026,2026-07-14T11:18:16Z,111.2,2026-09-12,-4.0194,4.0194,3.5165,FALSE,FALSE,2.5445,6.1763,14.2693,14.0703,-3.1,3.1
2026-07-01,rw_v1,RS,G47,2026-03-01,124.8,1,2026-04-01,125.1668,124.2501,126.0379,123.4341,127.2631,FALSE,FALSE,may-2026,2026-07-14T11:18:16Z,118.7,2026-08-02,-6.4668,6.4668,5.1817,FALSE,FALSE,1.7878,3.829,23.9882,51.17,-6.1,6.1
2026-07-01,rw_v1,RS,G47,2026-03-01,124.8,2,2026-05-01,125.5198,124.1019,127.3405,123.4187,128.375,FALSE,FALSE,may-2026,2026-07-14T11:18:16Z,121.1,2026-08-02,-4.4198,4.4198,3.5415,FALSE,FALSE,3.2386,4.9563,15.2462,28.1433,-3.7,3.7
2026-07-01,rw_v1,RS,G47,2026-03-01,124.8,3,2026-06-01,126.3106,124.6846,127.6578,123.1852,129.4101,FALSE,FALSE,may-2026,2026-07-14T11:18:16Z,119.2,2026-08-02,-7.1106,7.1106,5.6976,FALSE,FALSE,2.9732,6.2249,24.9116,46.0769,-5.6,5.6
2026-07-01,rw_v1,RS,G47,2026-03-01,124.8,4,2026-07-01,126.8934,125.4449,128.4781,122.8957,130.0432,FALSE,FALSE,may-2026,2026-07-14T11:18:16Z,120.9,2026-09-12,-5.9934,5.9934,4.8024,FALSE,FALSE,3.0332,7.1475,21.2128,27.1045,-3.9,3.9
2026-07-01,rw_v1,SE,G47,2026-03-01,100.4,1,2026-04-01,100.5828,100.0297,101.1078,99.2681,101.7863,TRUE,FALSE,may-2026,2026-07-14T11:18:16Z,100.8,2026-08-02,0.2172,0.2172,0.2163,TRUE,TRUE,1.0781,2.5182,1.0781,2.5182,0.4,0.4
2026-07-01,rw_v1,SE,G47,2026-03-01,100.4,2,2026-05-01,100.7298,100.0591,101.358,99.1949,102.2671,TRUE,FALSE,may-2026,2026-07-14T11:18:16Z,100.5,2026-08-02,-0.2298,0.2298,0.2289,TRUE,TRUE,1.2989,3.0722,1.2989,3.0722,0.1,0.1
2026-07-01,rw_v1,SE,G47,2026-03-01,100.4,3,2026-06-01,100.8694,100.1315,101.6003,99.0258,102.6222,TRUE,FALSE,may-2026,2026-07-14T11:18:16Z,102,2026-08-02,1.1306,1.1306,1.1261,FALSE,TRUE,1.4688,3.5964,3.0676,3.5964,1.6,1.6
2026-07-01,rw_v1,SE,G47,2026-03-01,100.4,4,2026-07-01,101.0219,100.1632,101.8694,98.8739,103.0594,TRUE,FALSE,may-2026,2026-07-14T11:18:16Z,102.1,2026-09-12,1.0781,1.0781,1.0738,FALSE,TRUE,1.7062,4.1855,2.6286,4.1855,1.7,1.7
2026-07-01,rw_v1,SI,G47,2026-03-01,103,1,2026-04-01,103.1289,101.6873,104.2855,100.579,105.5359,FALSE,FALSE,may-2026,2026-07-14T11:18:16Z,103.2,2026-08-02,0.0711,0.0711,0.069,TRUE,TRUE,2.5982,4.9569,2.5982,4.9569,0.2,0.2
2026-07-01,rw_v1,SI,G47,2026-03-01,103,2,2026-05-01,102.8571,101.194,104.3276,99.7022,106.8506,FALSE,FALSE,may-2026,2026-07-14T11:18:16Z,103.3,2026-08-02,0.4429,0.4429,0.43,TRUE,TRUE,3.1336,7.1484,3.1336,7.1484,0.3,0.3
2026-07-01,rw_v1,SI,G47,2026-03-01,103,3,2026-06-01,102.8298,100.7624,104.5152,98.6284,108.6494,FALSE,FALSE,may-2026,2026-07-14T11:18:16Z,103.1,2026-08-02,0.2702,0.2702,0.2623,TRUE,TRUE,3.7528,10.021,3.7528,10.021,0.1,0.1
2026-07-01,rw_v1,SI,G47,2026-03-01,103,4,2026-07-01,102.6189,100.7866,105.0211,98.2703,109.6953,FALSE,FALSE,may-2026,2026-07-14T11:18:16Z,104.6,2026-09-12,1.9811,1.9811,1.9234,TRUE,TRUE,4.2345,11.425,4.2345,11.425,1.6,1.6
2026-07-01,rw_v1,SK,G47,2026-03-01,105,1,2026-04-01,105.2976,104.4946,106.1277,103.3126,107.2168,FALSE,FALSE,may-2026,2026-07-14T11:18:16Z,102.8,2026-08-02,-2.4976,2.4976,2.3787,FALSE,FALSE,1.6331,3.9042,8.4115,9.0302,-2.2,2.2
2026-07-01,rw_v1,SK,G47,2026-03-01,105,2,2026-05-01,105.4287,104.1198,106.3857,102.5664,107.6374,FALSE,FALSE,may-2026,2026-07-14T11:18:16Z,102.8,2026-08-02,-2.6287,2.6287,2.5035,FALSE,TRUE,2.2659,5.071,7.5451,5.071,-2.2,2.2
2026-07-01,rw_v1,SK,G47,2026-03-01,105,3,2026-06-01,105.493,104.1481,106.7021,101.9353,108.4075,FALSE,FALSE,may-2026,2026-07-14T11:18:16Z,102.8,2026-09-12,-2.693,2.693,2.5648,FALSE,TRUE,2.554,6.4722,7.9464,6.4722,-2.2,2.2
2026-07-01,rw_v1,SK,G47,2026-03-01,105,4,2026-07-01,105.4977,103.4911,106.8276,101.1058,109.1177,FALSE,FALSE,may-2026,2026-07-14T11:18:16Z,103,2026-09-12,-2.4977,2.4977,2.3788,FALSE,TRUE,3.3365,8.0119,5.3009,8.0119,-2,2
2026-07-01,rw_v1,TR,G47,2026-02-01,200.9,1,2026-03-01,202.7875,201.16,204.2921,198.8521,205.7921,FALSE,FALSE,may-2026,2026-07-14T11:18:16Z,204.7,2026-08-02,1.9125,1.9125,0.952,FALSE,TRUE,3.1321,6.94,4.7637,6.94,3.8,3.8
2026-07-01,rw_v1,TR,G47,2026-02-01,200.9,2,2026-04-01,204.2288,202.0109,206.6972,199.4687,209.0099,FALSE,FALSE,may-2026,2026-07-14T11:18:16Z,201.4,2026-08-02,-2.8288,2.8288,1.4081,FALSE,TRUE,4.6863,9.5412,7.1299,9.5412,0.5,0.5
2026-07-01,rw_v1,TR,G47,2026-02-01,200.9,3,2026-05-01,205.8456,203.0457,208.7044,199.8412,212.0981,FALSE,FALSE,may-2026,2026-07-14T11:18:16Z,206.2,2026-08-02,0.3544,0.3544,0.1764,TRUE,TRUE,5.6587,12.2569,5.6587,12.2569,5.3,5.3
2026-07-01,rw_v1,TR,G47,2026-02-01,200.9,4,2026-06-01,207.2952,204.1484,211.0419,201.6684,214.0998,FALSE,FALSE,may-2026,2026-07-14T11:18:16Z,205,2026-09-12,-2.2952,2.2952,1.1425,TRUE,TRUE,6.8935,12.4314,6.8935,12.4314,4.1,4.1
2026-07-01,rw_v1,TR,G47,2026-02-01,200.9,5,2026-07-01,208.9427,205.1386,212.6007,202.6286,217.0498,FALSE,FALSE,may-2026,2026-07-14T11:18:16Z,205.5,2026-09-12,-3.4427,3.4427,1.7136,TRUE,TRUE,7.4621,14.4212,7.4621,14.4212,4.6,4.6
2026-07-01,rw_v1,AL,G47_FOOD,2026-02-01,126.8,1,2026-03-01,127.45,126.0525,128.4045,123.0743,130.167,FALSE,FALSE,may-2026,2026-07-16T08:41:25Z,127.5,2026-08-02,0.05,0.05,0.0394,TRUE,TRUE,2.352,7.0927,2.352,7.0927,0.7,0.7
2026-07-01,rw_v1,AL,G47_FOOD,2026-02-01,126.8,2,2026-04-01,127.487,126.2393,129.247,124.42,131.0374,FALSE,FALSE,may-2026,2026-07-16T08:41:25Z,116.2,2026-08-02,-11.287,11.287,8.9014,FALSE,FALSE,3.0077,6.6174,43.1649,88.8174,-10.6,10.6
2026-07-01,rw_v1,AL,G47_FOOD,2026-02-01,126.8,3,2026-05-01,128.2136,126.6146,129.5201,124.6189,131.1692,FALSE,FALSE,may-2026,2026-07-16T08:41:25Z,119.5,2026-08-02,-8.7136,8.7136,6.8719,FALSE,FALSE,2.9055,6.5503,31.3639,57.7393,-7.3,7.3
2026-07-01,rw_v1,AL,G47_FOOD,2026-02-01,126.8,4,2026-06-01,128.7763,126.7866,130.4467,124.9256,131.5836,FALSE,FALSE,may-2026,2026-07-16T08:41:25Z,128.2,2026-09-12,-0.5763,0.5763,0.4545,TRUE,TRUE,3.6601,6.658,3.6601,6.658,1.4,1.4
2026-07-01,rw_v1,AL,G47_NFOOD_X_G473,2026-02-01,127.3,1,2026-03-01,127.6571,125.6667,129.8277,124.0727,131.7588,FALSE,FALSE,may-2026,2026-07-16T08:41:25Z,129.2,2026-08-02,1.5429,1.5429,1.212,TRUE,TRUE,4.161,7.6861,4.161,7.6861,1.9,1.9
2026-07-01,rw_v1,AL,G47_NFOOD_X_G473,2026-02-01,127.3,2,2026-04-01,128.3517,126.0727,130.159,123.9374,133.5909,FALSE,FALSE,may-2026,2026-07-16T08:41:25Z,118,2026-08-02,-10.3517,10.3517,8.1317,FALSE,FALSE,4.0863,9.6535,36.3771,69.0275,-9.3,9.3
2026-07-01,rw_v1,AL,G47_NFOOD_X_G473,2026-02-01,127.3,3,2026-05-01,128.3004,126.4707,130.8221,124.6244,133.185,FALSE,FALSE,may-2026,2026-07-16T08:41:25Z,120.6,2026-08-02,-7.7004,7.7004,6.049,FALSE,FALSE,4.3514,8.5606,27.8342,48.8046,-6.7,6.7
2026-07-01,rw_v1,AL,G47_NFOOD_X_G473,2026-02-01,127.3,4,2026-06-01,128.7825,126.652,131.2109,124.4713,134.1907,FALSE,FALSE,may-2026,2026-07-16T08:41:25Z,130.9,2026-09-12,2.1175,2.1175,1.6634,TRUE,TRUE,4.5589,9.7194,4.5589,9.7194,3.6,3.6
2026-07-01,rw_v1,AL,G474,2026-02-01,120.5,1,2026-03-01,120.4798,112.969,127.743,104.3603,135.7414,FALSE,TRUE,may-2026,2026-07-16T08:41:25Z,118.3,2026-08-02,-2.1798,2.1798,1.809,TRUE,TRUE,14.774,31.3811,14.774,31.3811,-2.2,2.2
2026-07-01,rw_v1,AL,G474,2026-02-01,120.5,2,2026-04-01,120.6699,112.4298,128.7407,104.6217,138.5335,FALSE,TRUE,may-2026,2026-07-16T08:41:25Z,133.5,2026-10-07,12.8301,12.8301,10.6474,FALSE,TRUE,16.3109,33.9118,35.3481,33.9118,13,13
2026-07-01,rw_v1,AL,G474,2026-02-01,120.5,3,2026-05-01,120.8289,114.8225,128.177,103.0287,135.878,FALSE,TRUE,may-2026,2026-07-16T08:41:25Z,121.8,2026-10-07,0.9711,0.9711,0.8059,TRUE,TRUE,13.3545,32.8493,13.3545,32.8493,1.3,1.3
2026-07-01,rw_v1,AL,G474,2026-02-01,120.5,4,2026-06-01,121.4419,110.8802,129.8912,102.1172,139.0119,FALSE,TRUE,may-2026,2026-07-16T08:41:25Z,116.4,2026-10-07,-5.0419,5.0419,4.1841,TRUE,TRUE,19.011,36.8947,19.011,36.8947,-4.1,4.1
2026-07-01,rw_v1,AL,G475,2026-02-01,122.4,1,2026-03-01,122.944,119.6379,125.2977,115.963,129.1363,FALSE,FALSE,may-2026,2026-07-16T08:41:25Z,123.2,2026-08-02,0.256,0.256,0.2092,TRUE,TRUE,5.6598,13.1733,5.6598,13.1733,0.8,0.8
2026-07-01,rw_v1,AL,G475,2026-02-01,122.4,2,2026-04-01,122.7044,120.0235,126.7303,116.4723,129.9204,FALSE,FALSE,may-2026,2026-07-16T08:41:25Z,131.7,2026-10-07,8.9956,8.9956,7.3493,FALSE,FALSE,6.7068,13.4481,26.5856,31.2441,9.3,9.3
2026-07-01,rw_v1,AL,G475,2026-02-01,122.4,3,2026-05-01,123.6243,119.0617,127.5296,116.6085,130.2419,FALSE,FALSE,may-2026,2026-07-16T08:41:25Z,123.5,2026-10-07,-0.1243,0.1243,0.1016,TRUE,TRUE,8.4679,13.6334,8.4679,13.6334,1.1,1.1
2026-07-01,rw_v1,AL,G475,2026-02-01,122.4,4,2026-06-01,123.1941,119.8244,128.0276,115.3546,131.2404,FALSE,FALSE,may-2026,2026-07-16T08:41:25Z,130,2026-10-07,6.8059,6.8059,5.5604,FALSE,TRUE,8.2032,15.8858,16.0928,15.8858,7.6,7.6
2026-07-01,rw_v1,AL,G476,2026-02-01,102.9,1,2026-03-01,102.7541,97.8159,109.762,85.9794,116.8919,FALSE,TRUE,may-2026,2026-07-16T08:41:25Z,104,2026-08-02,1.2459,1.2459,1.2108,TRUE,TRUE,11.9461,30.9125,11.9461,30.9125,1.1,1.1
2026-07-01,rw_v1,AL,G476,2026-02-01,102.9,2,2026-04-01,103.5667,96.3618,111.2267,84.9762,119.9914,FALSE,TRUE,may-2026,2026-07-16T08:41:25Z,103.9,2026-10-07,0.3333,0.3333,0.3239,TRUE,TRUE,14.8649,35.0152,14.8649,35.0152,1,1
2026-07-01,rw_v1,AL,G476,2026-02-01,102.9,3,2026-05-01,102.9135,95.5188,111.4852,87.3375,120.7133,FALSE,TRUE,may-2026,2026-07-16T08:41:25Z,102.4,2026-10-07,-0.5135,0.5135,0.499,TRUE,TRUE,15.9664,33.3758,15.9664,33.3758,-0.5,0.5
2026-07-01,rw_v1,AL,G476,2026-02-01,102.9,4,2026-06-01,102.6231,94.9091,114.215,85.678,121.3712,FALSE,TRUE,may-2026,2026-07-16T08:41:25Z,102.9,2026-10-07,0.2769,0.2769,0.2691,TRUE,TRUE,19.3059,35.6932,19.3059,35.6932,0,0
2026-07-01,rw_v1,AT,G47_FOOD,2026-03-01,99.6,1,2026-04-01,99.5449,98.2135,100.9993,97.0267,102.4143,FALSE,FALSE,may-2026,2026-07-16T08:41:25Z,99,2026-08-02,-0.5449,0.5449,0.5471,TRUE,TRUE,2.7858,5.3876,2.7858,5.3876,-0.6,0.6
2026-07-01,rw_v1,AT,G47_FOOD,2026-03-01,99.6,2,2026-05-01,99.7438,98.4335,100.6978,96.9884,102.7956,FALSE,FALSE,may-2026,2026-07-16T08:41:25Z,100.2,2026-08-02,0.4562,0.4562,0.458,TRUE,TRUE,2.2643,5.8072,2.2643,5.8072,0.6,0.6
2026-07-01,rw_v1,AT,G47_FOOD,2026-03-01,99.6,3,2026-06-01,99.8795,98.3516,101.2624,96.8793,102.5908,FALSE,FALSE,may-2026,2026-07-16T08:41:25Z,100.8,2026-09-12,0.9205,0.9205,0.9242,TRUE,TRUE,2.9108,5.7115,2.9108,5.7115,1.2,1.2
2026-07-01,rw_v1,AT,G47_FOOD,2026-03-01,99.6,4,2026-07-01,99.6904,98.3981,101.4013,97.055,103.2379,FALSE,FALSE,may-2026,2026-07-16T08:41:25Z,101,2026-09-12,1.3096,1.3096,1.3149,TRUE,TRUE,3.0032,6.1829,3.0032,6.1829,1.4,1.4
2026-07-01,rw_v1,AT,G47_NFOOD_X_G473,2026-03-01,96.9,1,2026-04-01,96.7383,95.642,98.0688,94.3269,98.939,FALSE,FALSE,may-2026,2026-07-16T08:41:25Z,96.3,2026-08-02,-0.4383,0.4383,0.4523,TRUE,TRUE,2.4268,4.6121,2.4268,4.6121,-0.6,0.6
2026-07-01,rw_v1,AT,G47_NFOOD_X_G473,2026-03-01,96.9,2,2026-05-01,96.809,95.7653,97.7,93.0267,99.8822,FALSE,FALSE,may-2026,2026-07-16T08:41:25Z,97.1,2026-08-02,0.291,0.291,0.3003,TRUE,TRUE,1.9347,6.8555,1.9347,6.8555,0.2,0.2
2026-07-01,rw_v1,AT,G47_NFOOD_X_G473,2026-03-01,96.9,3,2026-06-01,96.7538,95.215,98.1968,93.0864,100.3266,FALSE,FALSE,may-2026,2026-07-16T08:41:25Z,96.5,2026-09-12,-0.2538,0.2538,0.2619,TRUE,TRUE,2.9818,7.2402,2.9818,7.2402,-0.4,0.4
2026-07-01,rw_v1,AT,G47_NFOOD_X_G473,2026-03-01,96.9,4,2026-07-01,96.721,95.2456,98.0586,92.8321,99.9287,FALSE,FALSE,may-2026,2026-07-16T08:41:25Z,96.6,2026-09-12,-0.121,0.121,0.1249,TRUE,TRUE,2.813,7.0966,2.813,7.0966,-0.3,0.3
2026-07-01,rw_v1,AT,G474,2026-03-01,101.7,1,2026-04-01,101.412,99.9796,103.1206,99.2732,103.6638,FALSE,FALSE,may-2026,2026-07-16T08:41:25Z,101.7,2026-08-02,0.288,0.288,0.2832,TRUE,TRUE,3.141,4.3906,3.141,4.3906,0,0
2026-07-01,rw_v1,AT,G474,2026-03-01,101.7,2,2026-05-01,101.4371,99.5664,102.8187,98.5873,104.0222,FALSE,FALSE,may-2026,2026-07-16T08:41:25Z,98.4,2026-08-02,-3.0371,3.0371,2.9863,FALSE,FALSE,3.2523,5.4349,7.9179,7.3079,-3.3,3.3
2026-07-01,rw_v1,AT,G474,2026-03-01,101.7,3,2026-06-01,101.2081,99.0565,102.7684,97.0956,104.1207,FALSE,FALSE,may-2026,2026-07-16T08:41:25Z,103.2,2026-09-12,1.9919,1.9919,1.9586,FALSE,TRUE,3.7119,7.0251,5.4383,7.0251,1.5,1.5
2026-07-01,rw_v1,AT,G474,2026-03-01,101.7,4,2026-07-01,101.3342,98.4397,103.3098,96.0886,104.7263,FALSE,FALSE,may-2026,2026-07-16T08:41:25Z,101.2,2026-10-07,-0.1342,0.1342,0.132,TRUE,TRUE,4.8701,8.6377,4.8701,8.6377,-0.5,0.5
2026-07-01,rw_v1,AT,G475,2026-03-01,78.9,1,2026-04-01,78.2792,77.2943,79.5802,76.4135,80.4129,FALSE,FALSE,may-2026,2026-07-16T08:41:25Z,78.7,2026-08-02,0.4208,0.4208,0.5333,TRUE,TRUE,2.2859,3.9994,2.2859,3.9994,-0.2,0.2
2026-07-01,rw_v1,AT,G475,2026-03-01,78.9,2,2026-05-01,78.3411,76.6366,79.3206,74.1547,80.7937,FALSE,FALSE,may-2026,2026-07-16T08:41:25Z,79.7,2026-08-02,1.3589,1.3589,1.7223,FALSE,TRUE,2.684,6.639,4.2016,6.639,0.8,0.8
2026-07-01,rw_v1,AT,G475,2026-03-01,78.9,3,2026-06-01,78.2121,76.3298,79.1037,73.8586,80.7647,FALSE,FALSE,may-2026,2026-07-16T08:41:25Z,78.8,2026-09-12,0.5879,0.5879,0.7451,TRUE,TRUE,2.7739,6.9061,2.7739,6.9061,-0.1,0.1
2026-07-01,rw_v1,AT,G475,2026-03-01,78.9,4,2026-07-01,77.8429,76.8776,78.7675,74.2408,79.4838,FALSE,FALSE,may-2026,2026-07-16T08:41:25Z,78.1,2026-10-07,0.2571,0.2571,0.3259,TRUE,TRUE,1.8899,5.243,1.8899,5.243,-0.8,0.8
2026-07-01,rw_v1,AT,G476,2026-03-01,97.9,1,2026-04-01,96.6746,95.9135,97.8213,94.5057,99.9429,FALSE,FALSE,may-2026,2026-07-16T08:41:25Z,101.7,2026-08-02,5.0254,5.0254,5.1332,FALSE,FALSE,1.9078,5.4372,17.4226,23.0082,3.8,3.8
2026-07-01,rw_v1,AT,G476,2026-03-01,97.9,2,2026-05-01,96.1594,93.5669,98.6975,91.54,100.1872,FALSE,FALSE,may-2026,2026-07-16T08:41:25Z,100.4,2026-08-02,4.2406,4.2406,4.3316,FALSE,FALSE,5.1306,8.6472,11.9406,10.7752,2.5,2.5
2026-07-01,rw_v1,AT,G476,2026-03-01,97.9,3,2026-06-01,95.7059,92.9226,97.7632,89.6385,99.8611,FALSE,FALSE,may-2026,2026-07-16T08:41:25Z,99.3,2026-09-12,3.5941,3.5941,3.6712,FALSE,TRUE,4.8406,10.2226,10.9878,10.2226,1.4,1.4
2026-07-01,rw_v1,AT,G476,2026-03-01,97.9,4,2026-07-01,95.382,90.5428,97.2214,89.0511,98.9733,FALSE,FALSE,may-2026,2026-07-16T08:41:25Z,100.3,2026-10-07,4.918,4.918,5.0235,FALSE,FALSE,6.6786,9.9222,18.993,23.1892,2.4,2.4
2026-07-01,rw_v1,AT,G477,2026-03-01,106.6,1,2026-04-01,106.5453,105.6366,107.5515,104.1507,108.3469,FALSE,FALSE,may-2026,2026-07-16T08:41:25Z,103.9,2026-08-02,-2.6453,2.6453,2.4815,FALSE,FALSE,1.9149,4.1962,8.8613,6.7032,-2.7,2.7
2026-07-01,rw_v1,AT,G477,2026-03-01,106.6,2,2026-05-01,106.3203,105.0833,107.133,104.3967,108.8627,FALSE,FALSE,may-2026,2026-07-16T08:41:25Z,106.3,2026-08-02,-0.0203,0.0203,0.019,TRUE,TRUE,2.0497,4.466,2.0497,4.466,-0.3,0.3
2026-07-01,rw_v1,AT,G477,2026-03-01,106.6,3,2026-06-01,106.1714,104.6122,106.9777,103.8555,108.1178,FALSE,FALSE,may-2026,2026-07-16T08:41:25Z,105.5,2026-09-12,-0.6714,0.6714,0.6298,TRUE,TRUE,2.3655,4.2623,2.3655,4.2623,-1.1,1.1
2026-07-01,rw_v1,AT,G477,2026-03-01,106.6,4,2026-07-01,106.3548,104.0288,107.3604,102.8877,108.8851,FALSE,FALSE,may-2026,2026-07-16T08:41:25Z,106.3,2026-10-07,-0.0548,0.0548,0.0514,TRUE,TRUE,3.3316,5.9974,3.3316,5.9974,-0.3,0.3
2026-07-01,rw_v1,AT,G479,2026-03-01,85.7,1,2026-04-01,85.5356,83.9298,87.2454,82.724,89.0765,FALSE,FALSE,may-2026,2026-07-16T08:41:25Z,84.6,2026-08-02,-0.9356,0.9356,1.0917,TRUE,TRUE,3.3156,6.3525,3.3156,6.3525,-1.1,1.1
2026-07-01,rw_v1,AT,G479,2026-03-01,85.7,2,2026-05-01,85.6015,83.1651,87.4312,81.2863,90.3156,FALSE,FALSE,may-2026,2026-07-16T08:41:25Z,86.2,2026-08-02,0.5985,0.5985,0.6984,TRUE,TRUE,4.2661,9.0293,4.2661,9.0293,0.5,0.5
2026-07-01,rw_v1,AT,G479,2026-03-01,85.7,3,2026-06-01,85.3765,83.261,87.6728,80.7051,91.2038,FALSE,FALSE,may-2026,2026-07-16T08:41:25Z,85.4,2026-09-12,0.0235,0.0235,0.0274,TRUE,TRUE,4.4118,10.4987,4.4118,10.4987,-0.3,0.3
2026-07-01,rw_v1,AT,G479,2026-03-01,85.7,4,2026-07-01,85.6795,82.5117,87.8154,79.1607,91.5241,FALSE,FALSE,may-2026,2026-07-16T08:41:25Z,83.5,2026-10-07,-2.1795,2.1795,2.5432,TRUE,TRUE,5.3037,12.3634,5.3037,12.3634,-2.2,2.2
2026-07-01,rw_v1,BE,G47_FOOD,2026-03-01,88.8,1,2026-04-01,88.7145,87.4307,89.7155,86.5361,90.7178,FALSE,FALSE,may-2026,2026-07-16T08:41:25Z,87.8,2026-08-02,-0.9145,0.9145,1.0298,TRUE,TRUE,2.2848,4.1817,2.2848,4.1817,-1,1
2026-07-01,rw_v1,BE,G47_FOOD,2026-03-01,88.8,2,2026-05-01,88.6387,87.228,89.6854,86.163,90.4604,FALSE,FALSE,may-2026,2026-07-16T08:41:25Z,89.5,2026-08-02,0.8613,0.8613,0.9699,TRUE,TRUE,2.4574,4.2974,2.4574,4.2974,0.7,0.7
2026-07-01,rw_v1,BE,G47_FOOD,2026-03-01,88.8,3,2026-06-01,88.2637,87.1,89.8597,85.8295,90.9194,FALSE,FALSE,may-2026,2026-07-16T08:41:25Z,88.4,2026-08-02,0.1363,0.1363,0.1535,TRUE,TRUE,2.7597,5.0899,2.7597,5.0899,-0.4,0.4
2026-07-01,rw_v1,BE,G47_FOOD,2026-03-01,88.8,4,2026-07-01,88.432,86.8381,89.8666,85.3264,90.7909,FALSE,FALSE,may-2026,2026-07-16T08:41:25Z,88.2,2026-09-12,-0.232,0.232,0.2613,TRUE,TRUE,3.0285,5.4645,3.0285,5.4645,-0.6,0.6
2026-07-01,rw_v1,BE,G47_NFOOD_X_G473,2026-03-01,100.7,1,2026-04-01,100.6726,99.4964,102.1386,98.1062,103.3945,FALSE,FALSE,may-2026,2026-07-16T08:41:25Z,98.7,2026-08-02,-1.9726,1.9726,1.9589,FALSE,TRUE,2.6422,5.2883,5.8278,5.2883,-2,2
2026-07-01,rw_v1,BE,G47_NFOOD_X_G473,2026-03-01,100.7,2,2026-05-01,100.7967,99.7586,102.1795,97.9062,103.956,FALSE,FALSE,may-2026,2026-07-16T08:41:25Z,97.2,2026-08-02,-3.5967,3.5967,3.5717,FALSE,FALSE,2.4209,6.0498,12.6553,13.1118,-3.5,3.5
2026-07-01,rw_v1,BE,G47_NFOOD_X_G473,2026-03-01,100.7,3,2026-06-01,100.7728,99.2107,102.457,98.336,103.7195,FALSE,FALSE,may-2026,2026-07-16T08:41:25Z,98.7,2026-08-02,-2.0728,2.0728,2.0584,FALSE,TRUE,3.2463,5.3835,5.2891,5.3835,-2,2
2026-07-01,rw_v1,BE,G47_NFOOD_X_G473,2026-03-01,100.7,4,2026-07-01,101.0513,99.0931,102.477,97.6199,104.2067,FALSE,FALSE,may-2026,2026-07-16T08:41:25Z,98.9,2026-09-12,-2.1513,2.1513,2.1363,FALSE,TRUE,3.3839,6.5868,4.1563,6.5868,-1.8,1.8
2026-07-01,rw_v1,BE,G474,2026-03-01,134.3,1,2026-04-01,135.1031,132.2524,137.4171,127.7433,142.6441,FALSE,FALSE,may-2026,2026-07-16T08:41:25Z,137.6,2026-08-02,2.4969,2.4969,1.8592,FALSE,TRUE,5.1647,14.9008,5.8963,14.9008,3.3,3.3
2026-07-01,rw_v1,BE,G474,2026-03-01,134.3,2,2026-05-01,135.2491,132.8261,139.4344,129.0196,141.9451,FALSE,FALSE,may-2026,2026-07-16T08:41:25Z,137.7,2026-08-02,2.4509,2.4509,1.8249,TRUE,TRUE,6.6083,12.9255,6.6083,12.9255,3.4,3.4
2026-07-01,rw_v1,BE,G474,2026-03-01,134.3,3,2026-06-01,135.79,131.8095,140.084,129.0525,145.5695,FALSE,FALSE,may-2026,2026-07-16T08:41:25Z,138.4,2026-08-02,2.61,2.61,1.9434,TRUE,TRUE,8.2745,16.517,8.2745,16.517,4.1,4.1
2026-07-01,rw_v1,BE,G474,2026-03-01,134.3,4,2026-07-01,137.1279,133.4515,140.1451,128.4736,143.5903,FALSE,FALSE,may-2026,2026-07-16T08:41:25Z,138,2026-09-12,0.8721,0.8721,0.6494,TRUE,TRUE,6.6936,15.1167,6.6936,15.1167,3.7,3.7
2026-07-01,rw_v1,BE,G475,2026-03-01,86.1,1,2026-04-01,85.9697,84.3318,87.2998,82.6657,89.4789,FALSE,FALSE,may-2026,2026-07-16T08:41:25Z,85.5,2026-08-02,-0.4697,0.4697,0.5455,TRUE,TRUE,2.968,6.8132,2.968,6.8132,-0.6,0.6
2026-07-01,rw_v1,BE,G475,2026-03-01,86.1,2,2026-05-01,85.8011,84.2751,87.2734,82.5413,89.0728,FALSE,FALSE,may-2026,2026-07-16T08:41:25Z,85.8,2026-08-02,-0.0011,0.0011,0.0013,TRUE,TRUE,2.9983,6.5315,2.9983,6.5315,-0.3,0.3
2026-07-01,rw_v1,BE,G475,2026-03-01,86.1,3,2026-06-01,85.9425,84.3155,87.5226,81.5105,89.7287,FALSE,FALSE,may-2026,2026-07-16T08:41:25Z,88.6,2026-08-02,2.6575,2.6575,3.0865,FALSE,TRUE,3.2071,8.2182,7.5167,8.2182,2.5,2.5
2026-07-01,rw_v1,BE,G475,2026-03-01,86.1,4,2026-07-01,85.7203,83.8523,87.4288,81.3558,89.5079,FALSE,FALSE,may-2026,2026-07-16T08:41:25Z,86.7,2026-09-12,0.9797,0.9797,1.1379,TRUE,TRUE,3.5765,8.1521,3.5765,8.1521,0.6,0.6
2026-07-01,rw_v1,BE,G476,2026-03-01,91.5,1,2026-04-01,91.179,89.4476,92.7308,87.2918,95.462,FALSE,FALSE,may-2026,2026-07-16T08:41:25Z,89.5,2026-08-02,-1.679,1.679,1.835,TRUE,TRUE,3.2832,8.1702,3.2832,8.1702,-2,2
2026-07-01,rw_v1,BE,G476,2026-03-01,91.5,2,2026-05-01,91.0647,89.1735,93.1007,88.0574,95.2931,FALSE,FALSE,may-2026,2026-07-16T08:41:25Z,93.3,2026-08-02,2.2353,2.2353,2.443,FALSE,TRUE,3.9272,7.2357,4.7244,7.2357,1.8,1.8
2026-07-01,rw_v1,BE,G476,2026-03-01,91.5,3,2026-06-01,90.6944,88.8089,92.7561,87.29,96.6871,FALSE,FALSE,may-2026,2026-07-16T08:41:25Z,92.3,2026-08-02,1.6056,1.6056,1.7548,TRUE,TRUE,3.9472,9.3971,3.9472,9.3971,0.8,0.8
2026-07-01,rw_v1,BE,G476,2026-03-01,91.5,4,2026-07-01,90.0215,88.4409,92.9999,86.957,96.095,FALSE,FALSE,may-2026,2026-07-16T08:41:25Z,93,2026-09-12,2.9785,2.9785,3.2552,FALSE,TRUE,4.559,9.138,4.5594,9.138,1.5,1.5
2026-07-01,rw_v1,BE,G477,2026-03-01,103.9,1,2026-04-01,103.9828,102.51,105.5439,100.2949,107.1461,FALSE,FALSE,may-2026,2026-07-16T08:41:25Z,99.7,2026-08-02,-4.2828,4.2828,4.122,FALSE,FALSE,3.0339,6.8512,14.2739,12.8002,-4.2,4.2
2026-07-01,rw_v1,BE,G477,2026-03-01,103.9,2,2026-05-01,104.1292,102.6619,105.8705,100.0206,107.5979,FALSE,FALSE,may-2026,2026-07-16T08:41:25Z,97.4,2026-08-02,-6.7292,6.7292,6.4766,FALSE,FALSE,3.2086,7.5773,24.2562,33.7833,-6.5,6.5
2026-07-01,rw_v1,BE,G477,2026-03-01,103.9,3,2026-06-01,104.1164,102.8456,106.1938,99.0874,108.3632,FALSE,FALSE,may-2026,2026-07-16T08:41:25Z,98,2026-08-02,-6.1164,6.1164,5.8868,FALSE,FALSE,3.3482,9.2758,22.7306,20.1498,-5.9,5.9
2026-07-01,rw_v1,BE,G477,2026-03-01,103.9,4,2026-07-01,104.4681,101.8047,106.1833,99.0146,107.8772,FALSE,FALSE,may-2026,2026-07-16T08:41:25Z,99.6,2026-09-12,-4.8681,4.8681,4.6854,FALSE,TRUE,4.3786,8.8626,13.1974,8.8626,-4.3,4.3
2026-07-01,rw_v1,BE,G479,2026-03-01,117.6,1,2026-04-01,118.1424,115.0977,120.3064,112.6068,122.8898,FALSE,FALSE,may-2026,2026-07-16T08:41:25Z,111.2,2026-08-02,-6.9424,6.9424,5.9034,FALSE,FALSE,5.2087,10.283,20.7995,24.351,-6.4,6.4
2026-07-01,rw_v1,BE,G479,2026-03-01,117.6,2,2026-05-01,118.2651,115.658,121.4688,112.3562,123.9934,FALSE,FALSE,may-2026,2026-07-16T08:41:25Z,114.2,2026-08-02,-4.0651,4.0651,3.4567,FALSE,TRUE,5.8108,11.6372,11.6428,11.6372,-3.4,3.4
2026-07-01,rw_v1,BE,G479,2026-03-01,117.6,3,2026-06-01,119.1136,116.2391,122.0465,113.3503,123.566,FALSE,FALSE,may-2026,2026-07-16T08:41:25Z,119.1,2026-08-02,-0.0136,0.0136,0.0116,TRUE,TRUE,5.8074,10.2157,5.8074,10.2157,1.5,1.5
2026-07-01,rw_v1,BE,G479,2026-03-01,117.6,4,2026-07-01,119.5577,116.3411,121.9986,112.4171,126.4573,FALSE,FALSE,may-2026,2026-07-16T08:41:25Z,115.9,2026-09-12,-3.6577,3.6577,3.1103,FALSE,TRUE,5.6575,14.0402,7.4219,14.0402,-1.7,1.7
2026-07-01,rw_v1,BG,G47_FOOD,2026-03-01,108.9,1,2026-04-01,109.0227,108.169,110.0375,106.6529,111.433,FALSE,FALSE,may-2026,2026-07-16T08:41:25Z,108.9,2026-08-02,-0.1227,0.1227,0.1127,TRUE,TRUE,1.8685,4.7801,1.8685,4.7801,0,0
2026-07-01,rw_v1,BG,G47_FOOD,2026-03-01,108.9,2,2026-05-01,109.3291,107.6269,110.8618,106.4514,112.8835,FALSE,FALSE,may-2026,2026-07-16T08:41:25Z,110.1,2026-08-02,0.7709,0.7709,0.7079,TRUE,TRUE,3.2349,6.4321,3.2349,6.4321,1.2,1.2
2026-07-01,rw_v1,BG,G47_FOOD,2026-03-01,108.9,3,2026-06-01,109.4821,107.7244,110.9725,106.4591,113.1004,FALSE,FALSE,may-2026,2026-07-16T08:41:25Z,110,2026-08-02,0.5179,0.5179,0.4756,TRUE,TRUE,3.2481,6.6413,3.2481,6.6413,1.1,1.1
2026-07-01,rw_v1,BG,G47_FOOD,2026-03-01,108.9,4,2026-07-01,109.6604,107.6404,111.5461,105.6863,114.132,FALSE,FALSE,may-2026,2026-07-16T08:41:25Z,113.8,2026-09-12,4.1396,4.1396,3.8013,FALSE,TRUE,3.9057,8.4457,12.9213,8.4457,4.9,4.9
2026-07-01,rw_v1,BG,G47_NFOOD_X_G473,2026-03-01,141.3,1,2026-04-01,142.1788,141.0563,143.4549,139.9825,144.7791,FALSE,FALSE,may-2026,2026-07-16T08:41:25Z,138.9,2026-08-02,-3.2788,3.2788,2.3205,FALSE,FALSE,2.3986,4.7966,11.0238,15.6216,-2.4,2.4
2026-07-01,rw_v1,BG,G47_NFOOD_X_G473,2026-03-01,141.3,2,2026-05-01,142.8801,142.0991,144.1964,140.4755,147.2462,FALSE,FALSE,may-2026,2026-07-16T08:41:25Z,139.6,2026-08-02,-3.2801,3.2801,2.3214,FALSE,FALSE,2.0973,6.7707,12.0937,15.5257,-1.7,1.7
2026-07-01,rw_v1,BG,G47_NFOOD_X_G473,2026-03-01,141.3,3,2026-06-01,143.8391,142.4171,145.1323,141.0089,147.9239,FALSE,FALSE,may-2026,2026-07-16T08:41:25Z,141.6,2026-08-02,-2.2391,2.2391,1.5846,FALSE,TRUE,2.7152,6.915,5.9836,6.915,0.3,0.3
2026-07-01,rw_v1,BG,G47_NFOOD_X_G473,2026-03-01,141.3,4,2026-07-01,144.389,143.1573,146.2193,141.0976,149.5853,FALSE,FALSE,may-2026,2026-07-16T08:41:25Z,138.4,2026-09-12,-5.989,5.989,4.2385,FALSE,FALSE,3.062,8.4877,22.0912,35.4637,-2.9,2.9
2026-07-01,rw_v1,CH,G47_FOOD,2026-03-01,94.3,1,2026-04-01,94.2025,93.2998,95.0828,92.3667,96.813,FALSE,FALSE,may-2026,2026-07-16T08:41:25Z,95.2,2026-08-02,0.9975,0.9975,1.0578,FALSE,TRUE,1.783,4.4463,2.2518,4.4463,0.9,0.9
2026-07-01,rw_v1,CH,G47_FOOD,2026-03-01,94.3,2,2026-05-01,94.0992,93.2636,95.3231,92.1652,97.338,FALSE,FALSE,may-2026,2026-07-16T08:41:25Z,95.3,2026-08-02,1.2008,1.2008,1.2734,TRUE,TRUE,2.0595,5.1728,2.0595,5.1728,1,1
2026-07-01,rw_v1,CH,G47_FOOD,2026-03-01,94.3,3,2026-06-01,94.3244,93.6357,95.3486,92.1835,96.4492,FALSE,FALSE,may-2026,2026-07-16T08:41:25Z,96.3,2026-08-02,1.9756,1.9756,2.095,FALSE,TRUE,1.7129,4.2657,5.5185,4.2657,2,2
2026-07-01,rw_v1,CH,G47_FOOD,2026-03-01,94.3,4,2026-07-01,94.3972,93.5244,95.4625,92.2939,96.5006,FALSE,FALSE,may-2026,2026-07-16T08:41:25Z,95.5,2026-09-12,1.1028,1.1028,1.1695,FALSE,TRUE,1.9381,4.2067,2.0881,4.2067,1.2,1.2
2026-07-01,rw_v1,CH,G47_NFOOD_X_G473,2026-03-01,107.5,1,2026-04-01,107.59,106.5397,108.6313,104.5749,109.8127,FALSE,FALSE,may-2026,2026-07-16T08:41:25Z,106.4,2026-08-02,-1.19,1.19,1.107,FALSE,TRUE,2.0916,5.2378,2.6504,5.2378,-1.1,1.1
2026-07-01,rw_v1,CH,G47_NFOOD_X_G473,2026-03-01,107.5,2,2026-05-01,107.6458,106.3609,109.0127,104.9405,110.1677,FALSE,FALSE,may-2026,2026-07-16T08:41:25Z,107.9,2026-08-02,0.2542,0.2542,0.2365,TRUE,TRUE,2.6518,5.2272,2.6518,5.2272,0.4,0.4
2026-07-01,rw_v1,CH,G47_NFOOD_X_G473,2026-03-01,107.5,3,2026-06-01,107.7041,106.6894,108.9395,105.3203,110.6499,FALSE,FALSE,may-2026,2026-07-16T08:41:25Z,107.7,2026-08-02,-0.0041,0.0041,0.0038,TRUE,TRUE,2.2501,5.3296,2.2501,5.3296,0.2,0.2
2026-07-01,rw_v1,CH,G47_NFOOD_X_G473,2026-03-01,107.5,4,2026-07-01,108.1506,106.8843,109.3748,104.8672,110.6112,FALSE,FALSE,may-2026,2026-07-16T08:41:25Z,108.6,2026-09-12,0.4494,0.4494,0.418,TRUE,TRUE,2.4905,5.744,2.4905,5.744,1.1,1.1
2026-07-01,rw_v1,CH,G474,2026-03-01,140.3,1,2026-04-01,141.3303,138.9746,143.5768,135.3553,146.5581,FALSE,FALSE,may-2026,2026-07-16T08:41:25Z,144.3,2026-08-02,2.9697,2.9697,2.1167,FALSE,TRUE,4.6022,11.2028,7.495,11.2028,4,4
2026-07-01,rw_v1,CH,G474,2026-03-01,140.3,2,2026-05-01,141.8755,139.542,144.3234,136.3564,147.4943,FALSE,FALSE,may-2026,2026-07-16T08:41:25Z,147.5,2026-08-02,5.6245,5.6245,4.0089,FALSE,FALSE,4.7814,11.1379,17.4878,11.1949,7.2,7.2
2026-07-01,rw_v1,CH,G474,2026-03-01,140.3,3,2026-06-01,142.7751,140.1571,145.0377,137.3997,150.2557,FALSE,FALSE,may-2026,2026-07-16T08:41:25Z,155.5,2026-08-02,12.7249,12.7249,9.0698,FALSE,FALSE,4.8806,12.856,46.7298,65.299,15.2,15.2
2026-07-01,rw_v1,CH,G474,2026-03-01,140.3,4,2026-07-01,143.8602,140.8501,147.1613,136.1859,151.4214,FALSE,FALSE,may-2026,2026-07-16T08:41:25Z,150.8,2026-09-12,6.9398,6.9398,4.9464,FALSE,TRUE,6.3112,15.2355,20.866,15.2355,10.5,10.5
2026-07-01,rw_v1,CH,G475,2026-03-01,87.7,1,2026-04-01,87.5667,85.5206,88.8135,82.5386,90.4109,FALSE,FALSE,may-2026,2026-07-16T08:41:25Z,90.6,2026-08-02,3.0333,3.0333,3.4587,FALSE,FALSE,3.2929,7.8723,10.4389,9.7633,2.9,2.9
2026-07-01,rw_v1,CH,G475,2026-03-01,87.7,2,2026-05-01,86.9961,84.677,88.8109,81.4664,91.3875,FALSE,FALSE,may-2026,2026-07-16T08:41:25Z,89.4,2026-08-02,2.4039,2.4039,2.741,FALSE,TRUE,4.1339,9.9211,6.4903,9.9211,1.7,1.7
2026-07-01,rw_v1,CH,G475,2026-03-01,87.7,3,2026-06-01,86.9035,84.1018,88.9335,81.2008,91.656,FALSE,FALSE,may-2026,2026-07-16T08:41:25Z,90.5,2026-08-02,3.5965,3.5965,4.1009,FALSE,TRUE,4.8317,10.4552,11.0977,10.4552,2.8,2.8
2026-07-01,rw_v1,CH,G475,2026-03-01,87.7,4,2026-07-01,86.9658,84.0476,88.9579,81.1724,93.4789,FALSE,FALSE,may-2026,2026-07-16T08:41:25Z,91.6,2026-09-12,4.6342,4.6342,5.2842,FALSE,TRUE,4.9103,12.3065,15.4787,12.3065,3.9,3.9
2026-07-01,rw_v1,CH,G476,2026-03-01,104,1,2026-04-01,103.6559,102.6403,105.1302,100.558,107.0212,FALSE,FALSE,may-2026,2026-07-16T08:41:25Z,104,2026-08-02,0.3441,0.3441,0.3309,TRUE,TRUE,2.4899,6.4632,2.4899,6.4632,0,0
2026-07-01,rw_v1,CH,G476,2026-03-01,104,2,2026-05-01,104.0099,102.3156,105.51220000000001,99.924,108.2782,FALSE,FALSE,may-2026,2026-07-16T08:41:25Z,103.3,2026-08-02,-0.7099,0.7099,0.6826,TRUE,TRUE,3.1966,8.3542,3.1966,8.3542,-0.7,0.7
2026-07-01,rw_v1,CH,G476,2026-03-01,104,3,2026-06-01,103.9687,102.372,105.6908,99.8493,108.2964,FALSE,FALSE,may-2026,2026-07-16T08:41:25Z,105.3,2026-08-02,1.3313,1.3313,1.2801,TRUE,TRUE,3.3188,8.4471,3.3188,8.4471,1.3,1.3
2026-07-01,rw_v1,CH,G476,2026-03-01,104,4,2026-07-01,103.9467,102.4642,106.0446,100.5093,108.9265,FALSE,FALSE,may-2026,2026-07-16T08:41:25Z,104.1,2026-09-12,0.1533,0.1533,0.1474,TRUE,TRUE,3.5804,8.4172,3.5804,8.4172,0.1,0.1
2026-07-01,rw_v1,CH,G477,2026-03-01,113.2,1,2026-04-01,113.3522,111.4182,115.2053,109.0006,117.1144,FALSE,FALSE,may-2026,2026-07-16T08:41:25Z,108.7,2026-08-02,-4.6522,4.6522,4.1097,FALSE,FALSE,3.7871,8.1138,14.6599,11.1198,-4.5,4.5
2026-07-01,rw_v1,CH,G477,2026-03-01,113.2,2,2026-05-01,113.5816,111.1243,115.7009,109.4631,117.4469,FALSE,FALSE,may-2026,2026-07-16T08:41:25Z,113.2,2026-08-02,-0.3816,0.3816,0.3371,TRUE,TRUE,4.5766,7.9838,4.5766,7.9838,0,0
2026-07-01,rw_v1,CH,G477,2026-03-01,113.2,3,2026-06-01,113.6187,111.7638,115.7944,109.7152,117.9738,FALSE,FALSE,may-2026,2026-07-16T08:41:25Z,111,2026-08-02,-2.6187,2.6187,2.3133,FALSE,TRUE,4.0306,8.2586,7.0858,8.2586,-2.2,2.2
2026-07-01,rw_v1,CH,G477,2026-03-01,113.2,4,2026-07-01,113.9505,111.7879,116.1787,107.766,119.1088,FALSE,FALSE,may-2026,2026-07-16T08:41:25Z,113.3,2026-09-12,-0.6505,0.6505,0.5746,TRUE,TRUE,4.3908,11.3428,4.3908,11.3428,0.1,0.1
2026-07-01,rw_v1,CY,G47_FOOD,2026-03-01,124.5,1,2026-04-01,125.0862,123.88,126.4219,122.1252,127.7553,FALSE,FALSE,may-2026,2026-07-16T08:41:25Z,121.5,2026-08-02,-3.5862,3.5862,2.8805,FALSE,FALSE,2.5419,5.6301,12.0619,11.8821,-3,3
2026-07-01,rw_v1,CY,G47_FOOD,2026-03-01,124.5,2,2026-05-01,125.4666,123.7705,127.3681,122.7268,128.8992,FALSE,FALSE,may-2026,2026-07-16T08:41:25Z,126.9,2026-08-02,1.4334,1.4334,1.1513,TRUE,TRUE,3.5976,6.1724,3.5976,6.1724,2.4,2.4
2026-07-01,rw_v1,CY,G47_FOOD,2026-03-01,124.5,3,2026-06-01,126.1624,124.0419,127.7237,122.8249,129.2671,FALSE,FALSE,may-2026,2026-07-16T08:41:25Z,124,2026-08-02,-2.1624,2.1624,1.7369,FALSE,TRUE,3.6818,6.4422,3.8494,6.4422,-0.5,0.5
2026-07-01,rw_v1,CY,G47_FOOD,2026-03-01,124.5,4,2026-07-01,126.9217,124.4444,128.712,122.1807,130.2083,FALSE,FALSE,may-2026,2026-07-16T08:41:25Z,125.8,2026-09-12,-1.1217,1.1217,0.901,TRUE,TRUE,4.2676,8.0276,4.2676,8.0276,1.3,1.3
2026-07-01,rw_v1,CY,G47_NFOOD_X_G473,2026-03-01,139,1,2026-04-01,139.8577,138.3266,141.0317,136.809,142.0142,FALSE,FALSE,may-2026,2026-07-16T08:41:25Z,139.7,2026-08-02,-0.1577,0.1577,0.1135,TRUE,TRUE,2.7051,5.2052,2.7051,5.2052,0.7,0.7
2026-07-01,rw_v1,CY,G47_NFOOD_X_G473,2026-03-01,139,2,2026-05-01,140.4141,139.0152,142.1026,136.9719,143.4807,FALSE,FALSE,may-2026,2026-07-16T08:41:25Z,144.7,2026-08-02,4.2859,4.2859,3.0834,FALSE,FALSE,3.0874,6.5088,13.477,18.7018,5.7,5.7
2026-07-01,rw_v1,CY,G47_NFOOD_X_G473,2026-03-01,139,3,2026-06-01,140.948,139.4272,142.8193,137.0354,144.8103,FALSE,FALSE,may-2026,2026-07-16T08:41:25Z,145.5,2026-08-02,4.552,4.552,3.2748,FALSE,FALSE,3.3921,7.7749,14.1149,14.6719,6.5,6.5
2026-07-01,rw_v1,CY,G47_NFOOD_X_G473,2026-03-01,139,4,2026-07-01,141.7127,140.0687,143.4917,137.6687,145.6382,FALSE,FALSE,may-2026,2026-07-16T08:41:25Z,150.3,2026-09-12,8.5873,8.5873,6.1779,FALSE,FALSE,3.423,7.9695,30.6562,54.5875,11.3,11.3
2026-07-01,rw_v1,CZ,G47_FOOD,2026-02-01,93.2,1,2026-03-01,93.0027,92.1663,93.8058,91.4979,94.9269,FALSE,FALSE,may-2026,2026-07-16T08:41:25Z,95.2,2026-08-02,2.1973,2.1973,2.3576,FALSE,FALSE,1.6395,3.429,7.2163,6.16,2,2
2026-07-01,rw_v1,CZ,G47_FOOD,2026-02-01,93.2,2,2026-04-01,93.1905,91.7321,93.9157,90.8874,94.588,FALSE,FALSE,may-2026,2026-07-16T08:41:25Z,93.1,2026-08-02,-0.0905,0.0905,0.0971,TRUE,TRUE,2.1836,3.7006,2.1836,3.7006,-0.1,0.1
2026-07-01,rw_v1,CZ,G47_FOOD,2026-02-01,93.2,3,2026-05-01,92.8585,91.5102,94.0999,90.4154,95.0535,FALSE,FALSE,may-2026,2026-07-16T08:41:25Z,94,2026-08-02,1.1415,1.1415,1.2248000000000001,TRUE,TRUE,2.5897,4.6381,2.5897,4.6381,0.8,0.8
2026-07-01,rw_v1,CZ,G47_FOOD,2026-02-01,93.2,4,2026-06-01,92.9299,90.9697,94.2091,90.0385,94.8214,FALSE,FALSE,may-2026,2026-07-16T08:41:25Z,93.6,2026-09-12,0.6701,0.6701,0.719,TRUE,TRUE,3.2394,4.7829,3.2394,4.7829,0.4,0.4
2026-07-01,rw_v1,CZ,G47_FOOD,2026-02-01,93.2,5,2026-07-01,92.6236,90.9413,94.2222,89.467,95.2049,FALSE,FALSE,may-2026,2026-07-16T08:41:25Z,94,2026-09-12,1.3764,1.3764,1.4768,TRUE,TRUE,3.2809,5.7379,3.2809,5.7379,0.8,0.8
2026-07-01,rw_v1,CZ,G47_NFOOD_X_G473,2026-02-01,104.6,1,2026-03-01,104.7658,103.9463,105.8813,102.6433,106.7433,FALSE,FALSE,may-2026,2026-07-16T08:41:25Z,105.9,2026-08-02,1.1342,1.1342,1.0843,FALSE,TRUE,1.935,4.1,2.0098,4.1,1.3,1.3
2026-07-01,rw_v1,CZ,G47_NFOOD_X_G473,2026-02-01,104.6,2,2026-04-01,105.0281,103.907,106.1387,102.1463,107.2227,FALSE,FALSE,may-2026,2026-07-16T08:41:25Z,106.1,2026-08-02,1.0719,1.0719,1.0248,TRUE,TRUE,2.2317,5.0764,2.2317,5.0764,1.5,1.5
2026-07-01,rw_v1,CZ,G47_NFOOD_X_G473,2026-02-01,104.6,3,2026-05-01,105.3945,104.043,106.3932,100.4997,107.645,FALSE,FALSE,may-2026,2026-07-16T08:41:25Z,107.5,2026-08-02,2.1055,2.1055,2.0129,FALSE,TRUE,2.3502,7.1453,6.7774,7.1453,2.9,2.9
2026-07-01,rw_v1,CZ,G47_NFOOD_X_G473,2026-02-01,104.6,4,2026-06-01,105.5332,103.4666,107.0206,99.9947,108.0164,FALSE,FALSE,may-2026,2026-07-16T08:41:25Z,107.3,2026-09-12,1.7668,1.7668,1.6891,FALSE,TRUE,3.554,8.0217,4.6716,8.0217,2.7,2.7
2026-07-01,rw_v1,CZ,G47_NFOOD_X_G473,2026-02-01,104.6,5,2026-07-01,106.0459,102.8612,107.5086,99.9437,108.9918,FALSE,FALSE,may-2026,2026-07-16T08:41:25Z,108,2026-09-12,1.9541,1.9541,1.8682,FALSE,TRUE,4.6474,9.0481,6.613,9.0481,3.4,3.4
2026-07-01,rw_v1,CZ,G474,2026-02-01,89.8,1,2026-03-01,89.9861,88.2357,91.8558,85.6434,93.6662,FALSE,TRUE,may-2026,2026-07-16T08:41:25Z,88.6,2026-08-02,-1.3861,1.3861,1.5435,TRUE,TRUE,3.6201,8.0228,3.6201,8.0228,-1.2,1.2
2026-07-01,rw_v1,CZ,G474,2026-02-01,89.8,2,2026-04-01,90.2028,87.5084,92.4541,84.5611,94.9017,FALSE,TRUE,may-2026,2026-07-16T08:41:25Z,88.6,2026-08-02,-1.6028,1.6028,1.7849,TRUE,TRUE,4.9457,10.3406,4.9457,10.3406,-1.2,1.2
2026-07-01,rw_v1,CZ,G474,2026-02-01,89.8,3,2026-05-01,90.4754,86.755,92.9334,84.15,95.1768,FALSE,TRUE,may-2026,2026-07-16T08:41:25Z,87.1,2026-08-02,-3.3754,3.3754,3.7588,TRUE,TRUE,6.1784,11.0268,6.1784,11.0268,-2.7,2.7
2026-07-01,rw_v1,CZ,G474,2026-02-01,89.8,4,2026-06-01,90.11,86.2838,92.6576,83.8736,96.5987,FALSE,TRUE,may-2026,2026-07-16T08:41:25Z,88.8,2026-09-12,-1.31,1.31,1.4588,TRUE,TRUE,6.3738,12.7251,6.3738,12.7251,-1,1
2026-07-01,rw_v1,CZ,G474,2026-02-01,89.8,5,2026-07-01,89.5897,86.6011,92.7791,82.2268,96.248,FALSE,TRUE,may-2026,2026-07-16T08:41:25Z,89.4,2026-09-12,-0.1897,0.1897,0.2112,TRUE,TRUE,6.178,14.0212,6.178,14.0212,-0.4,0.4
2026-07-01,rw_v1,CZ,G475,2026-02-01,82.2,1,2026-03-01,81.9801,80.6702,83.5836,78.7467,84.6945,FALSE,TRUE,may-2026,2026-07-16T08:41:25Z,85.2,2026-08-02,3.2199,3.2199,3.9172,FALSE,FALSE,2.9134,5.9478,9.379,11.0028,3,3
2026-07-01,rw_v1,CZ,G475,2026-02-01,82.2,2,2026-04-01,81.8163,79.6528,83.6605,77.5791,85.6334,FALSE,TRUE,may-2026,2026-07-16T08:41:25Z,86.2,2026-08-02,4.3837,4.3837,5.333,FALSE,FALSE,4.0077,8.0543,14.1657,13.7203,4,4
2026-07-01,rw_v1,CZ,G475,2026-02-01,82.2,3,2026-05-01,81.6404,79.2653,83.8472,76.2477,85.9814,FALSE,TRUE,may-2026,2026-07-16T08:41:25Z,86.7,2026-08-02,5.0596,5.0596,6.1552,FALSE,FALSE,4.5819,9.7337,15.9931,16.9197,4.5,4.5
2026-07-01,rw_v1,CZ,G475,2026-02-01,82.2,4,2026-06-01,81.5268,78.967,83.9068,74.4278,86.8242,FALSE,TRUE,may-2026,2026-07-16T08:41:25Z,85.6,2026-09-12,4.0732,4.0732,4.9552,FALSE,TRUE,4.9398,12.3964,11.7126,12.3964,3.4,3.4
2026-07-01,rw_v1,CZ,G475,2026-02-01,82.2,5,2026-07-01,81.6605,78.465,83.6165,73.7806,86.8849,FALSE,TRUE,may-2026,2026-07-16T08:41:25Z,85.2,2026-09-12,3.5395,3.5395,4.306,FALSE,TRUE,5.1515,13.1043,11.4855,13.1043,3,3
2026-07-01,rw_v1,CZ,G476,2026-02-01,99,1,2026-03-01,98.8871,97.5937,100.0608,95.5597,102.0533,FALSE,TRUE,may-2026,2026-07-16T08:41:25Z,98.8,2026-08-02,-0.0871,0.0871,0.088,TRUE,TRUE,2.4671,6.4936,2.4671,6.4936,-0.2,0.2
2026-07-01,rw_v1,CZ,G476,2026-02-01,99,2,2026-04-01,99.0257,97.2381,100.3236,92.8685,101.7514,FALSE,TRUE,may-2026,2026-07-16T08:41:25Z,98.9,2026-08-02,-0.1257,0.1257,0.127,TRUE,TRUE,3.0855,8.8829,3.0855,8.8829,-0.1,0.1
2026-07-01,rw_v1,CZ,G476,2026-02-01,99,3,2026-05-01,98.9368,96.6588,100.3139,88.3024,103.0082,FALSE,TRUE,may-2026,2026-07-16T08:41:25Z,100.4,2026-08-02,1.4632,1.4632,1.478,FALSE,TRUE,3.6551,14.7058,3.9995,14.7058,1.4,1.4
2026-07-01,rw_v1,CZ,G476,2026-02-01,99,4,2026-06-01,98.8105,96.7649,100.7456,89.7272,104.3216,FALSE,TRUE,may-2026,2026-07-16T08:41:25Z,98.5,2026-09-12,-0.3105,0.3105,0.3136,TRUE,TRUE,3.9807,14.5944,3.9807,14.5944,-0.5,0.5
2026-07-01,rw_v1,CZ,G476,2026-02-01,99,5,2026-07-01,99.134,96.3525,100.9012,89.3082,109.0845,FALSE,TRUE,may-2026,2026-07-16T08:41:25Z,99.5,2026-09-12,0.366,0.366,0.3697,TRUE,TRUE,4.5487,19.7763,4.5487,19.7763,0.5,0.5
2026-07-01,rw_v1,CZ,G477,2026-02-01,106.9,1,2026-03-01,107.0684,105.9139,107.9725,103.9622,109.7507,FALSE,FALSE,may-2026,2026-07-16T08:41:25Z,107.7,2026-08-02,0.6316,0.6316,0.5908,TRUE,TRUE,2.0586,5.7885,2.0586,5.7885,0.8,0.8
2026-07-01,rw_v1,CZ,G477,2026-02-01,106.9,2,2026-04-01,107.2018,105.7757,108.329,103.8794,109.9275,FALSE,FALSE,may-2026,2026-07-16T08:41:25Z,108,2026-08-02,0.7982,0.7982,0.7467,TRUE,TRUE,2.5533,6.0481,2.5533,6.0481,1.1,1.1
2026-07-01,rw_v1,CZ,G477,2026-02-01,106.9,3,2026-05-01,107.5189,105.4957,108.5214,103.0783,110.9575,FALSE,FALSE,may-2026,2026-07-16T08:41:25Z,110,2026-08-02,2.4811,2.4811,2.321,FALSE,TRUE,3.0257,7.8792,8.9401,7.8792,3.1,3.1
2026-07-01,rw_v1,CZ,G477,2026-02-01,106.9,4,2026-06-01,107.698,105.017,108.787,101.0298,109.8206,FALSE,FALSE,may-2026,2026-07-16T08:41:25Z,109.1,2026-09-12,1.402,1.402,1.3115,FALSE,TRUE,3.77,8.7908,5.022,8.7908,2.2,2.2
2026-07-01,rw_v1,CZ,G477,2026-02-01,106.9,5,2026-07-01,107.5563,104.3557,108.9854,100.9301,111.1072,FALSE,FALSE,may-2026,2026-07-16T08:41:25Z,110.8,2026-09-12,3.2437,3.2437,3.0343,FALSE,TRUE,4.6297,10.1771,11.8881,10.1771,3.9,3.9
2026-07-01,rw_v1,CZ,G479,2026-02-01,120.1,1,2026-03-01,120.559,119.4363,122.141,117.5307,123.643,FALSE,FALSE,may-2026,2026-07-16T08:41:25Z,121.2,2026-08-02,0.641,0.641,0.5337,TRUE,TRUE,2.7047,6.1123,2.7047,6.1123,1.1,1.1
2026-07-01,rw_v1,CZ,G479,2026-02-01,120.1,2,2026-04-01,121.5092,119.63,122.9866,117.4454,124.9956,FALSE,FALSE,may-2026,2026-07-16T08:41:25Z,120.8,2026-08-02,-0.7092,0.7092,0.5905,TRUE,TRUE,3.3566,7.5502,3.3566,7.5502,0.7,0.7
2026-07-01,rw_v1,CZ,G479,2026-02-01,120.1,3,2026-05-01,122.3265,120.1049,123.9145,117.0513,126.0402,FALSE,FALSE,may-2026,2026-07-16T08:41:25Z,122.6,2026-08-02,0.2735,0.2735,0.2277,TRUE,TRUE,3.8096,8.9889,3.8096,8.9889,2.5,2.5
2026-07-01,rw_v1,CZ,G479,2026-02-01,120.1,4,2026-06-01,122.641,120.5281,125.1932,116.4734,128.6947,FALSE,FALSE,may-2026,2026-07-16T08:41:25Z,123.8,2026-09-12,1.159,1.159,0.965,TRUE,TRUE,4.6651,12.2213,4.6651,12.2213,3.7,3.7
2026-07-01,rw_v1,CZ,G479,2026-02-01,120.1,5,2026-07-01,124.0239,121.2633,125.983,116.4502,129.1188,FALSE,FALSE,may-2026,2026-07-16T08:41:25Z,124.2,2026-09-12,0.1761,0.1761,0.1466,TRUE,TRUE,4.7197,12.6686,4.7197,12.6686,4.1,4.1
2026-07-01,rw_v1,DE,G47_FOOD,2026-03-01,93.6,1,2026-04-01,93.5957,92.5968,94.5924,91.3668,95.5541,FALSE,FALSE,may-2026,2026-07-16T08:41:25Z,94.8,2026-08-02,1.2043,1.2043,1.2866,FALSE,TRUE,1.9956,4.1873,2.826,4.1873,1.2,1.2
2026-07-01,rw_v1,DE,G47_FOOD,2026-03-01,93.6,2,2026-05-01,93.4933,92.5713,94.6898,90.9799,95.617,FALSE,FALSE,may-2026,2026-07-16T08:41:25Z,95.9,2026-08-02,2.4067,2.4067,2.5713,FALSE,FALSE,2.1185,4.6371,6.9593,7.4671,2.3,2.3
2026-07-01,rw_v1,DE,G47_FOOD,2026-03-01,93.6,3,2026-06-01,93.6342,92.3854,94.7079,90.6037,95.9898,FALSE,FALSE,may-2026,2026-07-16T08:41:25Z,94.8,2026-09-12,1.1658,1.1658,1.2455,FALSE,TRUE,2.3225,5.3861,2.6909,5.3861,1.2,1.2
2026-07-01,rw_v1,DE,G47_FOOD,2026-03-01,93.6,4,2026-07-01,93.6781,92.2905,94.781,90.2038,96.6295,FALSE,FALSE,may-2026,2026-07-16T08:41:25Z,94,2026-09-12,0.3219,0.3219,0.3439,TRUE,TRUE,2.4905,6.4257,2.4905,6.4257,0.4,0.4
2026-07-01,rw_v1,DE,G47_NFOOD_X_G473,2026-03-01,106.2,1,2026-04-01,106.348,105.2255,107.4369,103.6137,108.9108,FALSE,FALSE,may-2026,2026-07-16T08:41:25Z,105.7,2026-08-02,-0.648,0.648,0.6102,TRUE,TRUE,2.2114,5.2971,2.2114,5.2971,-0.5,0.5
2026-07-01,rw_v1,DE,G47_NFOOD_X_G473,2026-03-01,106.2,2,2026-05-01,106.1636,105.1188,107.6637,103.2531,109.6692,FALSE,FALSE,may-2026,2026-07-16T08:41:25Z,106.4,2026-08-02,0.2364,0.2364,0.2226,TRUE,TRUE,2.5449,6.4161,2.5449,6.4161,0.2,0.2
2026-07-01,rw_v1,DE,G47_NFOOD_X_G473,2026-03-01,106.2,3,2026-06-01,106.5401,105.0631,108.153,103.3055,109.6721,FALSE,FALSE,may-2026,2026-07-16T08:41:25Z,107,2026-09-12,0.4599,0.4599,0.4331,TRUE,TRUE,3.0899,6.3666,3.0899,6.3666,0.8,0.8
2026-07-01,rw_v1,DE,G47_NFOOD_X_G473,2026-03-01,106.2,4,2026-07-01,106.689,104.6892,107.9467,102.7744,109.8464,FALSE,FALSE,may-2026,2026-07-16T08:41:25Z,101.9,2026-09-12,-4.789,4.789,4.5094,FALSE,FALSE,3.2575,7.072,14.4143,15.816,-4.3,4.3
2026-07-01,rw_v1,DE,G474,2026-03-01,112.8,1,2026-04-01,113.3601,110.6634,114.9001,108.5668,117.2705,FALSE,FALSE,may-2026,2026-07-16T08:41:25Z,124.9,2026-08-02,11.5399,11.5399,10.2304,FALSE,FALSE,4.2367,8.7037,44.2363,84.9987,12.1,12.1
2026-07-01,rw_v1,DE,G474,2026-03-01,112.8,2,2026-05-01,113.2263,110.3183,115.3773,107.7478,118.9919,FALSE,FALSE,may-2026,2026-07-16T08:41:25Z,117.1,2026-08-02,3.8737,3.8737,3.4341,FALSE,TRUE,5.059,11.2441,11.9498,11.2441,4.3,4.3
2026-07-01,rw_v1,DE,G474,2026-03-01,112.8,3,2026-06-01,113.3967,110.6612,116.0662,107.8345,118.2468,FALSE,FALSE,may-2026,2026-07-16T08:41:25Z,114.3,2026-09-12,0.9033,0.9033,0.8008,TRUE,TRUE,5.405,10.4123,5.405,10.4123,1.5,1.5
2026-07-01,rw_v1,DE,G474,2026-03-01,112.8,4,2026-07-01,113.2527,110.6685,116.1972,105.5939,120.1746,FALSE,FALSE,may-2026,2026-07-16T08:41:25Z,109.6,2026-09-12,-3.6527,3.6527,3.2382,FALSE,TRUE,5.5287,14.5807,9.8027,14.5807,-3.2,3.2
2026-07-01,rw_v1,DE,G475,2026-03-01,87.9,1,2026-04-01,87.7096,86.3427,88.8556,85.2435,90.1443,FALSE,FALSE,may-2026,2026-07-16T08:41:25Z,88,2026-08-02,0.2904,0.2904,0.3304,TRUE,TRUE,2.5129,4.9008,2.5129,4.9008,0.1,0.1
2026-07-01,rw_v1,DE,G475,2026-03-01,87.9,2,2026-05-01,87.4123,85.8864,89.0099,84.355,90.297,FALSE,FALSE,may-2026,2026-07-16T08:41:25Z,87.6,2026-08-02,0.1877,0.1877,0.2135,TRUE,TRUE,3.1235,5.942,3.1235,5.942,-0.3,0.3
2026-07-01,rw_v1,DE,G475,2026-03-01,87.9,3,2026-06-01,87.2837,85.9249,88.7939,82.346,91.7752,FALSE,FALSE,may-2026,2026-07-16T08:41:25Z,87.1,2026-09-12,-0.1837,0.1837,0.209,TRUE,TRUE,2.869,9.4292,2.869,9.4292,-0.8,0.8
2026-07-01,rw_v1,DE,G475,2026-03-01,87.9,4,2026-07-01,87.3313,85.4913,88.768,81.1547,91.9398,FALSE,FALSE,may-2026,2026-07-16T08:41:25Z,86.5,2026-09-12,-0.8313,0.8313,0.9457,TRUE,TRUE,3.2767,10.7851,3.2767,10.7851,-1.4,1.4
2026-07-01,rw_v1,DE,G476,2026-03-01,99,1,2026-04-01,98.9533,96.7776,100.4854,94.2452,104.0834,FALSE,TRUE,may-2026,2026-07-16T08:41:25Z,99.7,2026-08-02,0.7467,0.7467,0.7542,TRUE,TRUE,3.7078,9.8382,3.7078,9.8382,0.7,0.7
2026-07-01,rw_v1,DE,G476,2026-03-01,99,2,2026-05-01,98.4001,96.1487,100.4358,92.1686,106.5938,FALSE,TRUE,may-2026,2026-07-16T08:41:25Z,97.3,2026-08-02,-1.1001,1.1001,1.1112,TRUE,TRUE,4.2871,14.4252,4.2871,14.4252,-1.7,1.7
2026-07-01,rw_v1,DE,G476,2026-03-01,99,3,2026-06-01,98.3295,96.2514,101.1945,92.3663,107.7392,FALSE,TRUE,may-2026,2026-07-16T08:41:25Z,100.1,2026-09-12,1.7705,1.7705,1.7884,TRUE,TRUE,4.9431,15.3729,4.9431,15.3729,1.1,1.1
2026-07-01,rw_v1,DE,G476,2026-03-01,99,4,2026-07-01,97.9977,95.4862,101.7838,91.4193,106.8538,FALSE,TRUE,may-2026,2026-07-16T08:41:25Z,98.1,2026-09-12,0.1023,0.1023,0.1033,TRUE,TRUE,6.2976,15.4345,6.2976,15.4345,-0.9,0.9
2026-07-01,rw_v1,DE,G477,2026-03-01,111.2,1,2026-04-01,111.3393,110.1242,113.2758,107.6246,114.2277,FALSE,FALSE,may-2026,2026-07-16T08:41:25Z,110.6,2026-08-02,-0.7393,0.7393,0.6648,TRUE,TRUE,3.1516,6.6031,3.1516,6.6031,-0.6,0.6
2026-07-01,rw_v1,DE,G477,2026-03-01,111.2,2,2026-05-01,111.4238,109.9137,113.0186,108.7408,114.3728,FALSE,FALSE,may-2026,2026-07-16T08:41:25Z,111.2,2026-08-02,-0.2238,0.2238,0.2013,TRUE,TRUE,3.1049,5.632,3.1049,5.632,0,0
2026-07-01,rw_v1,DE,G477,2026-03-01,111.2,3,2026-06-01,111.6238,110.4721,112.8865,107.7834,115.971,FALSE,FALSE,may-2026,2026-07-16T08:41:25Z,109.9,2026-09-12,-1.7238,1.7238,1.5502,FALSE,TRUE,2.4144,8.1876,4.7028,8.1876,-1.3,1.3
2026-07-01,rw_v1,DE,G477,2026-03-01,111.2,4,2026-07-01,111.7865,109.7915,113.1773,106.8927,115.9939,FALSE,FALSE,may-2026,2026-07-16T08:41:25Z,102.7,2026-09-12,-9.0865,9.0865,8.1713,FALSE,FALSE,3.3858,9.1012,31.7518,51.0282,-8.5,8.5
2026-07-01,rw_v1,DE,G479,2026-03-01,111.9,1,2026-04-01,112.2893,110.4698,114.1466,108.4532,116.1203,FALSE,FALSE,may-2026,2026-07-16T08:41:25Z,108.9,2026-08-02,-3.3893,3.3893,3.0289,FALSE,TRUE,3.6768,7.6671,9.956,7.6671,-3,3
2026-07-01,rw_v1,DE,G479,2026-03-01,111.9,2,2026-05-01,112.5896,110.5862,114.5242,109.0486,116.4722,FALSE,FALSE,may-2026,2026-07-16T08:41:25Z,112.2,2026-08-02,-0.3896,0.3896,0.3482,TRUE,TRUE,3.938,7.4236,3.938,7.4236,0.3,0.3
2026-07-01,rw_v1,DE,G479,2026-03-01,111.9,3,2026-06-01,113.141,110.6008,115.0643,108.1189,117.6033,FALSE,FALSE,may-2026,2026-07-16T08:41:25Z,115.3,2026-09-12,2.159,2.159,1.9294,FALSE,TRUE,4.4635,9.4844,5.4063,9.4844,3.4,3.4
2026-07-01,rw_v1,DE,G479,2026-03-01,111.9,4,2026-07-01,113.5832,110.2454,115.5734,108.0774,120.0957,FALSE,FALSE,may-2026,2026-07-16T08:41:25Z,108.9,2026-09-12,-4.6832,4.6832,4.1852,FALSE,TRUE,5.328,12.0183,10.7096,12.0183,-3,3
2026-07-01,rw_v1,DK,G47_FOOD,2026-03-01,91,1,2026-04-01,90.8647,90.274,91.7077,89.6,92.5118,FALSE,FALSE,may-2026,2026-07-16T08:41:25Z,87.4,2026-08-02,-3.4647,3.4647,3.8074,FALSE,FALSE,1.4337,2.9118,12.9297,24.9118,-3.6,3.6
2026-07-01,rw_v1,DK,G47_FOOD,2026-03-01,91,2,2026-05-01,90.9009,90.0826,91.7202,89.2574,93.0336,FALSE,FALSE,may-2026,2026-07-16T08:41:25Z,90.8,2026-08-02,-0.1009,0.1009,0.1109,TRUE,TRUE,1.6376,3.7762,1.6376,3.7762,-0.2,0.2
2026-07-01,rw_v1,DK,G47_FOOD,2026-03-01,91,3,2026-06-01,90.8442,89.9102,91.6492,88.3981,92.6318,FALSE,FALSE,may-2026,2026-07-16T08:41:25Z,89.7,2026-08-02,-1.1442,1.1442,1.2574,FALSE,TRUE,1.739,4.2337,2.5798,4.2337,-1.3,1.3
2026-07-01,rw_v1,DK,G47_FOOD,2026-03-01,91,4,2026-07-01,90.732,89.7341,91.5613,88.5636,93.1635,FALSE,FALSE,may-2026,2026-07-16T08:41:25Z,89.4,2026-09-12,-1.332,1.332,1.4637,FALSE,TRUE,1.8272,4.5999,3.1636,4.5999,-1.6,1.6
2026-07-01,rw_v1,DK,G47_NFOOD_X_G473,2026-03-01,114.3,1,2026-04-01,114.5738,113.3309,115.7658,111.9577,116.9939,FALSE,FALSE,may-2026,2026-07-16T08:41:25Z,109.6,2026-08-02,-4.9738,4.9738,4.3515,FALSE,FALSE,2.4349,5.0362,17.3585,28.6132,-4.7,4.7
2026-07-01,rw_v1,DK,G47_NFOOD_X_G473,2026-03-01,114.3,2,2026-05-01,115.0584,113.2032,116.1638,110.3795,117.4358,FALSE,FALSE,may-2026,2026-07-16T08:41:25Z,112.3,2026-08-02,-2.7584,2.7584,2.4133,FALSE,TRUE,2.9606,7.0563,6.5734,7.0563,-2,2
2026-07-01,rw_v1,DK,G47_NFOOD_X_G473,2026-03-01,114.3,3,2026-06-01,115.4093,113.5609,116.3727,110.673,118.3174,FALSE,FALSE,may-2026,2026-07-16T08:41:25Z,113,2026-08-02,-2.4093,2.4093,2.1079,FALSE,TRUE,2.8118,7.6444,5.0554,7.6444,-1.3,1.3
2026-07-01,rw_v1,DK,G47_NFOOD_X_G473,2026-03-01,114.3,4,2026-07-01,115.4786,113.9756,117.0705,111.3426,119.1006,FALSE,FALSE,may-2026,2026-07-16T08:41:25Z,114.3,2026-09-12,-1.1786,1.1786,1.0311,TRUE,TRUE,3.0949,7.758,3.0949,7.758,0,0
2026-07-01,rw_v1,DK,G474,2026-03-01,144.8,1,2026-04-01,145.3991,141.4106,149.5333,138.3186,155.2168,FALSE,FALSE,may-2026,2026-07-16T08:41:25Z,138.2,2026-08-02,-7.1991,7.1991,4.9718,FALSE,FALSE,8.1227,16.8982,20.9651,18.0842,-6.6,6.6
2026-07-01,rw_v1,DK,G474,2026-03-01,144.8,2,2026-05-01,146.2338,142.5412,151.1428,138.9273,155.9305,FALSE,FALSE,may-2026,2026-07-16T08:41:25Z,136.1,2026-08-02,-10.1338,10.1338,6.9985,FALSE,FALSE,8.6016,17.0032,34.3664,45.2762,-8.7,8.7
2026-07-01,rw_v1,DK,G474,2026-03-01,144.8,3,2026-06-01,146.8831,142.3603,153.9417,138.8354,159.045,FALSE,FALSE,may-2026,2026-07-16T08:41:25Z,149,2026-08-02,2.1169,2.1169,1.4619,TRUE,TRUE,11.5814,20.2096,11.5814,20.2096,4.2,4.2
2026-07-01,rw_v1,DK,G474,2026-03-01,144.8,4,2026-07-01,149.2415,142.6608,154.6914,137.9737,159.6788,FALSE,FALSE,may-2026,2026-07-16T08:41:25Z,147.3,2026-09-12,-1.9415,1.9415,1.3408,TRUE,TRUE,12.0306,21.7051,12.0306,21.7051,2.5,2.5
2026-07-01,rw_v1,DK,G475,2026-03-01,106.4,1,2026-04-01,106.5371,105.1973,107.9072,103.1071,109.3466,FALSE,FALSE,may-2026,2026-07-16T08:41:25Z,103.5,2026-08-02,-3.0371,3.0371,2.8544,FALSE,TRUE,2.7099,6.2395,9.4991,6.2395,-2.9,2.9
2026-07-01,rw_v1,DK,G475,2026-03-01,106.4,2,2026-05-01,107.1057,105.3596,108.0155,101.03,110.5686,FALSE,FALSE,may-2026,2026-07-16T08:41:25Z,103.8,2026-08-02,-3.3057,3.3057,3.1069,FALSE,TRUE,2.6559,9.5386,8.8943,9.5386,-2.6,2.6
2026-07-01,rw_v1,DK,G475,2026-03-01,106.4,3,2026-06-01,107.337,105.0015,108.7966,100.1338,111.8487,FALSE,FALSE,may-2026,2026-07-16T08:41:25Z,110.6,2026-08-02,3.263,3.263,3.0667,FALSE,TRUE,3.7951,11.7149,11.0087,11.7149,4.2,4.2
2026-07-01,rw_v1,DK,G475,2026-03-01,106.4,4,2026-07-01,107.7785,105.4401,109.5206,99.1314,113.0849,FALSE,FALSE,may-2026,2026-07-16T08:41:25Z,110.1,2026-09-12,2.3215,2.3215,2.1819,FALSE,TRUE,4.0805,13.9535,6.3981,13.9535,3.7,3.7
2026-07-01,rw_v1,DK,G476,2026-03-01,117.4,1,2026-04-01,118.081,114.0759,121.0852,106.953,127.4483,FALSE,TRUE,may-2026,2026-07-16T08:41:25Z,120.8,2026-08-02,2.719,2.719,2.316,TRUE,TRUE,7.0093,20.4953,7.0093,20.4953,3.4,3.4
2026-07-01,rw_v1,DK,G476,2026-03-01,117.4,2,2026-05-01,118.3102,112.4218,122.1242,105.4537,129.6511,FALSE,TRUE,may-2026,2026-07-16T08:41:25Z,121.7,2026-08-02,3.3898,3.3898,2.8874,TRUE,TRUE,9.7024,24.1974,9.7024,24.1974,4.3,4.3
2026-07-01,rw_v1,DK,G476,2026-03-01,117.4,3,2026-06-01,118.2108,112.1388,123.1732,105.8913,129.9331,FALSE,TRUE,may-2026,2026-07-16T08:41:25Z,120.8,2026-08-02,2.5892,2.5892,2.2055,TRUE,TRUE,11.0344,24.0418,11.0344,24.0418,3.4,3.4
2026-07-01,rw_v1,DK,G476,2026-03-01,117.4,4,2026-07-01,119.365,112.786,123.7807,104.1388,128.1742,FALSE,TRUE,may-2026,2026-07-16T08:41:25Z,122.6,2026-09-12,3.235,3.235,2.7555,TRUE,TRUE,10.9947,24.0354,10.9947,24.0354,5.2,5.2
2026-07-01,rw_v1,DK,G477,2026-03-01,117.9,1,2026-04-01,118.2239,117.0772,119.6709,115.2554,120.7273,FALSE,FALSE,may-2026,2026-07-16T08:41:25Z,116,2026-08-02,-2.2239,2.2239,1.8863,FALSE,TRUE,2.5937,5.4719,6.9025,5.4719,-1.9,1.9
2026-07-01,rw_v1,DK,G477,2026-03-01,117.9,2,2026-05-01,118.484,117.3982,119.9951,115.4212,122.9078,FALSE,FALSE,may-2026,2026-07-16T08:41:25Z,118.9,2026-08-02,0.416,0.416,0.3528,TRUE,TRUE,2.5969,7.4866,2.5969,7.4866,1,1
2026-07-01,rw_v1,DK,G477,2026-03-01,117.9,3,2026-06-01,118.8689,117.5927,120.6965,114.0373,122.7543,FALSE,FALSE,may-2026,2026-07-16T08:41:25Z,117,2026-08-02,-1.8689,1.8689,1.5852,FALSE,TRUE,3.1038,8.717,5.4746,8.717,-0.9,0.9
2026-07-01,rw_v1,DK,G477,2026-03-01,117.9,4,2026-07-01,119.2805,117.7013,120.9443,114.3486,123.1094,FALSE,FALSE,may-2026,2026-07-16T08:41:25Z,118.2,2026-09-12,-1.0805,1.0805,0.9165,TRUE,TRUE,3.243,8.7608,3.243,8.7608,0.3,0.3
2026-07-01,rw_v1,DK,G479,2026-03-01,105.7,1,2026-04-01,106.1118,104.7386,107.2707,102.5816,108.5667,FALSE,FALSE,may-2026,2026-07-16T08:41:25Z,107,2026-08-02,0.8882,0.8882,0.8403,TRUE,TRUE,2.5321,5.9851,2.5321,5.9851,1.3,1.3
2026-07-01,rw_v1,DK,G479,2026-03-01,105.7,2,2026-05-01,106.5926,104.6516,107.8802,100.826,110.3679,FALSE,FALSE,may-2026,2026-07-16T08:41:25Z,110.6,2026-08-02,4.0074,4.0074,3.7913,FALSE,FALSE,3.2286,9.5419,14.1078,11.8629,4.9,4.9
2026-07-01,rw_v1,DK,G479,2026-03-01,105.7,3,2026-06-01,106.9875,104.8266,108.5188,100.5935,111.6416,FALSE,FALSE,may-2026,2026-07-16T08:41:25Z,110.7,2026-08-02,3.7125,3.7125,3.5123,FALSE,TRUE,3.6922,11.0481,12.417,11.0481,5,5
2026-07-01,rw_v1,DK,G479,2026-03-01,105.7,4,2026-07-01,107.447,104.5893,109.3337,98.959,113.5143,FALSE,FALSE,may-2026,2026-07-16T08:41:25Z,122.7,2026-09-12,15.253,15.253,14.4305,FALSE,FALSE,4.7444,14.5553,58.2096,106.4123,17,17
2026-07-01,rw_v1,EA21,G47_FOOD,2026-03-01,97.7,1,2026-04-01,97.647,97.2155,98.1768,96.7464,98.7173,FALSE,FALSE,may-2026,2026-07-16T08:41:25Z,98.5,2026-08-02,0.853,0.853,0.8731,FALSE,TRUE,0.9613,1.9709,2.2541,1.9709,0.8,0.8
2026-07-01,rw_v1,EA21,G47_FOOD,2026-03-01,97.7,2,2026-05-01,97.7965,97.2468,98.2282,96.5615,98.6687,FALSE,FALSE,may-2026,2026-07-16T08:41:25Z,99.1,2026-08-02,1.3035,1.3035,1.3342,FALSE,FALSE,0.9814,2.1072,4.4686,6.4202,1.4,1.4
2026-07-01,rw_v1,EA21,G47_FOOD,2026-03-01,97.7,3,2026-06-01,97.8532,97.2206,98.3714,96.2739,98.7685,FALSE,FALSE,may-2026,2026-07-16T08:41:25Z,98.3,2026-09-12,0.4468,0.4468,0.4573,TRUE,TRUE,1.1508,2.4946,1.1508,2.4946,0.6,0.6
2026-07-01,rw_v1,EA21,G47_FOOD,2026-03-01,97.7,4,2026-07-01,97.8048,97.1446,98.4558,95.7766,99.38,FALSE,FALSE,may-2026,2026-07-16T08:41:25Z,98.7,2026-09-12,0.8952,0.8952,0.9163,FALSE,TRUE,1.3112,3.6034,2.288,3.6034,1,1
2026-07-01,rw_v1,EA21,G47_NFOOD_X_G473,2026-03-01,110.2,1,2026-04-01,110.4166,109.707,111.151,108.6423,112.2393,FALSE,FALSE,may-2026,2026-07-16T08:41:25Z,109.5,2026-08-02,-0.9166,0.9166,0.8318,FALSE,TRUE,1.444,3.597,2.272,3.597,-0.7,0.7
2026-07-01,rw_v1,EA21,G47_NFOOD_X_G473,2026-03-01,110.2,2,2026-05-01,110.5318,109.886,111.3221,108.8502,112.4699,FALSE,FALSE,may-2026,2026-07-16T08:41:25Z,109.6,2026-08-02,-0.9318,0.9318,0.8456,FALSE,TRUE,1.4361,3.6197,2.5801,3.6197,-0.6,0.6
2026-07-01,rw_v1,EA21,G47_NFOOD_X_G473,2026-03-01,110.2,3,2026-06-01,110.7361,109.8537,111.6177,108.5799,112.6363,FALSE,FALSE,may-2026,2026-07-16T08:41:25Z,110.9,2026-09-12,0.1639,0.1639,0.1487,TRUE,TRUE,1.764,4.0564,1.764,4.0564,0.7,0.7
2026-07-01,rw_v1,EA21,G47_NFOOD_X_G473,2026-03-01,110.2,4,2026-07-01,110.968,109.8726,111.7461,108.6455,112.973,FALSE,FALSE,may-2026,2026-07-16T08:41:25Z,109.4,2026-09-12,-1.568,1.568,1.4229,FALSE,TRUE,1.8735,4.3275,3.7639,4.3275,-0.8,0.8
2026-07-01,rw_v1,EA21,G474,2026-03-01,123.6,1,2026-04-01,124.1102,122.537,125.2599,120.7525,127.1899,FALSE,FALSE,may-2026,2026-07-16T08:41:25Z,126.2,2026-08-02,2.0898,2.0898,1.6908,FALSE,TRUE,2.7229,6.4374,6.4833,6.4374,2.6,2.6
2026-07-01,rw_v1,EA21,G474,2026-03-01,123.6,2,2026-05-01,124.6351,122.5902,125.714,120.7997,127.4364,FALSE,FALSE,may-2026,2026-07-16T08:41:25Z,125.6,2026-08-02,0.9649,0.9649,0.7807,TRUE,TRUE,3.1238,6.6367,3.1238,6.6367,2,2
2026-07-01,rw_v1,EA21,G474,2026-03-01,123.6,3,2026-06-01,124.7263,123.3408,126.6268,120.6787,128.1508,FALSE,FALSE,may-2026,2026-07-16T08:41:25Z,125.4,2026-09-12,0.6737,0.6737,0.5451,TRUE,TRUE,3.286,7.4721,3.286,7.4721,1.8,1.8
2026-07-01,rw_v1,EA21,G474,2026-03-01,123.6,4,2026-07-01,125.2674,123.568,126.7274,119.8545,129.1034,FALSE,FALSE,may-2026,2026-07-16T08:41:25Z,123.4,2026-09-12,-1.8674,1.8674,1.5108,FALSE,TRUE,3.1594,9.2489,3.8314,9.2489,-0.2,0.2
2026-07-01,rw_v1,EA21,G475,2026-03-01,91.7,1,2026-04-01,91.5976,90.9283,92.238,90.0522,93.1067,FALSE,FALSE,may-2026,2026-07-16T08:41:25Z,91.5,2026-08-02,-0.0976,0.0976,0.1064,TRUE,TRUE,1.3097,3.0545,1.3097,3.0545,-0.2,0.2
2026-07-01,rw_v1,EA21,G475,2026-03-01,91.7,2,2026-05-01,91.5442,90.6226,92.3241,89.0739,93.3504,FALSE,FALSE,may-2026,2026-07-16T08:41:25Z,92,2026-08-02,0.4558,0.4558,0.4971,TRUE,TRUE,1.7015,4.2765,1.7015,4.2765,0.3,0.3
2026-07-01,rw_v1,EA21,G475,2026-03-01,91.7,3,2026-06-01,91.597,90.4556,92.3752,88.2597,93.1783,FALSE,FALSE,may-2026,2026-07-16T08:41:25Z,91.5,2026-09-12,-0.097,0.097,0.1058,TRUE,TRUE,1.9196,4.9186,1.9196,4.9186,-0.2,0.2
2026-07-01,rw_v1,EA21,G475,2026-03-01,91.7,4,2026-07-01,91.4171,89.9839,92.2568,87.967,93.7715,FALSE,FALSE,may-2026,2026-07-16T08:41:25Z,91.4,2026-09-12,-0.0171,0.0171,0.0186,TRUE,TRUE,2.2729,5.8045,2.2729,5.8045,-0.3,0.3
2026-07-01,rw_v1,EA21,G476,2026-03-01,109.1,1,2026-04-01,109.0816,108.0033,110.2186,106.435,112.4901,FALSE,FALSE,may-2026,2026-07-16T08:41:25Z,107.9,2026-08-02,-1.1816,1.1816,1.083,FALSE,TRUE,2.2153,6.0551,2.6285,6.0551,-1.2,1.2
2026-07-01,rw_v1,EA21,G476,2026-03-01,109.1,2,2026-05-01,108.9634,107.8544,110.5967,105.4923,113.6397,FALSE,FALSE,may-2026,2026-07-16T08:41:25Z,109.4,2026-08-02,0.4366,0.4366,0.4002,TRUE,TRUE,2.7423,8.1474,2.7423,8.1474,0.3,0.3
2026-07-01,rw_v1,EA21,G476,2026-03-01,109.1,3,2026-06-01,109.0084,107.7657,111.1221,104.8383,113.6146,FALSE,FALSE,may-2026,2026-07-16T08:41:25Z,109.5,2026-09-12,0.4916,0.4916,0.4506,TRUE,TRUE,3.3564,8.7763,3.3564,8.7763,0.4,0.4
2026-07-01,rw_v1,EA21,G476,2026-03-01,109.1,4,2026-07-01,109.2126,107.5245,111.2296,104.9654,114.6031,FALSE,FALSE,may-2026,2026-07-16T08:41:25Z,109.6,2026-09-12,0.3874,0.3874,0.3551,TRUE,TRUE,3.7051,9.6377,3.7051,9.6377,0.5,0.5
2026-07-01,rw_v1,EA21,G477,2026-03-01,114.3,1,2026-04-01,114.6237,113.6471,115.3113,112.5019,116.3056,FALSE,FALSE,may-2026,2026-07-16T08:41:25Z,113.8,2026-08-02,-0.8237,0.8237,0.7206,TRUE,TRUE,1.6642,3.8037,1.6642,3.8037,-0.5,0.5
2026-07-01,rw_v1,EA21,G477,2026-03-01,114.3,2,2026-05-01,114.6383,113.9386,115.458,112.4448,116.8869,FALSE,FALSE,may-2026,2026-07-16T08:41:25Z,114.5,2026-08-02,-0.1383,0.1383,0.121,TRUE,TRUE,1.5194,4.4421,1.5194,4.4421,0.2,0.2
2026-07-01,rw_v1,EA21,G477,2026-03-01,114.3,3,2026-06-01,114.8587,113.9072,115.9332,112.5607,117.483,FALSE,FALSE,may-2026,2026-07-16T08:41:25Z,114.4,2026-09-12,-0.4587,0.4587,0.4013,TRUE,TRUE,2.026,4.9223,2.026,4.9223,0.1,0.1
2026-07-01,rw_v1,EA21,G477,2026-03-01,114.3,4,2026-07-01,115.0591,113.7869,115.9434,112.0293,118.059,FALSE,FALSE,may-2026,2026-07-16T08:41:25Z,112.9,2026-09-12,-2.1591,2.1591,1.889,FALSE,TRUE,2.1565,6.0297,5.7041,6.0297,-1.4,1.4
2026-07-01,rw_v1,EA21,G479,2026-03-01,110.6,1,2026-04-01,110.8512,110.0915,112.1086,108.4349,113.9457,FALSE,FALSE,may-2026,2026-07-16T08:41:25Z,108.4,2026-08-02,-2.4512,2.4512,2.2163,FALSE,FALSE,2.0171,5.5108,8.7831,5.8598,-2.2,2.2
2026-07-01,rw_v1,EA21,G479,2026-03-01,110.6,2,2026-05-01,111.3071,110.0397,112.579,108.4649,114.5216,FALSE,FALSE,may-2026,2026-07-16T08:41:25Z,110.9,2026-08-02,-0.4071,0.4071,0.3681,TRUE,TRUE,2.5393,6.0567,2.5393,6.0567,0.3,0.3
2026-07-01,rw_v1,EA21,G479,2026-03-01,110.6,3,2026-06-01,111.7076,109.7733,113.0739,108.0009,115.6202,FALSE,FALSE,may-2026,2026-07-16T08:41:25Z,113.4,2026-09-12,1.6924,1.6924,1.5302,FALSE,TRUE,3.3006,7.6193,4.605,7.6193,2.8,2.8
2026-07-01,rw_v1,EA21,G479,2026-03-01,110.6,4,2026-07-01,112.3528,109.7588,113.7373,107.8239,117.1974,FALSE,FALSE,may-2026,2026-07-16T08:41:25Z,109.2,2026-09-12,-3.1528,3.1528,2.8506,FALSE,TRUE,3.9785,9.3735,6.2137,9.3735,-1.4,1.4
2026-07-01,rw_v1,EE,G47_FOOD,2026-03-01,85.5,1,2026-04-01,85.3608,84.8065,85.9546,84.1354,86.6324,FALSE,FALSE,may-2026,2026-07-16T08:41:25Z,86.1,2026-08-02,0.7392,0.7392,0.8646,FALSE,TRUE,1.1481,2.497,1.7297,2.497,0.6,0.6
2026-07-01,rw_v1,EE,G47_FOOD,2026-03-01,85.5,2,2026-05-01,85.3381,84.4699,85.9667,83.8646,86.5333,FALSE,FALSE,may-2026,2026-07-16T08:41:25Z,86.1,2026-08-02,0.7619,0.7619,0.8911,FALSE,TRUE,1.4968,2.6687,2.03,2.6687,0.6,0.6
2026-07-01,rw_v1,EE,G47_FOOD,2026-03-01,85.5,3,2026-06-01,85.0558,84.277,86.1371,83.467,86.8863,FALSE,FALSE,may-2026,2026-07-16T08:41:25Z,86.6,2026-08-02,1.5442,1.5442,1.8061,FALSE,TRUE,1.8601,3.4193,3.7117,3.4193,1.1,1.1
2026-07-01,rw_v1,EE,G47_FOOD,2026-03-01,85.5,4,2026-07-01,85.1323,83.8992,85.9729,82.8732,86.9438,FALSE,FALSE,may-2026,2026-07-16T08:41:25Z,87.2,2026-09-12,2.0677,2.0677,2.4184,FALSE,FALSE,2.0737,4.0706,6.9821,6.6326,1.7,1.7
2026-07-01,rw_v1,EE,G47_NFOOD_X_G473,2026-03-01,97.8,1,2026-04-01,97.9962,96.0995,99.818,94.1434,101.4793,FALSE,FALSE,may-2026,2026-07-16T08:41:25Z,94.7,2026-08-02,-3.2962,3.2962,3.3703,FALSE,TRUE,3.7185,7.3359,9.3165,7.3359,-3.1,3.1
2026-07-01,rw_v1,EE,G47_NFOOD_X_G473,2026-03-01,97.8,2,2026-05-01,98.064,95.3744,100.2285,91.9798,103.2864,FALSE,FALSE,may-2026,2026-07-16T08:41:25Z,88.3,2026-08-02,-9.764,9.764,9.9836,FALSE,FALSE,4.8541,11.3066,33.1517,48.1046,-9.5,9.5
2026-07-01,rw_v1,EE,G47_NFOOD_X_G473,2026-03-01,97.8,3,2026-06-01,98.5671,95.0977,101.2122,91.7136,104.6647,FALSE,FALSE,may-2026,2026-07-16T08:41:25Z,91.7,2026-08-02,-6.8671,6.8671,7.0216,FALSE,FALSE,6.1145,12.9511,19.7053,13.0871,-6.1,6.1
2026-07-01,rw_v1,EE,G47_NFOOD_X_G473,2026-03-01,97.8,4,2026-07-01,98.5455,95.7667,101.5139,91.8781,103.8677,FALSE,FALSE,may-2026,2026-07-16T08:41:25Z,92,2026-09-12,-6.5455,6.5455,6.6927,FALSE,TRUE,5.7472,11.9896,20.814,11.9896,-5.8,5.8
2026-07-01,rw_v1,EL,G47_FOOD,2026-02-01,105.7,1,2026-03-01,106.0086,103.7577,108.3057,100.7838,110.4009,FALSE,FALSE,may-2026,2026-07-16T08:41:25Z,103.2,2026-08-02,-2.8086,2.8086,2.6571,FALSE,TRUE,4.548,9.6171,6.7788,9.6171,-2.5,2.5
2026-07-01,rw_v1,EL,G47_FOOD,2026-02-01,105.7,2,2026-04-01,105.5007,102.8878,109.0675,101.5745,110.774,FALSE,FALSE,may-2026,2026-07-16T08:41:25Z,104.5,2026-08-02,-1.0007,1.0007,0.9467,TRUE,TRUE,6.1797,9.1995,6.1797,9.1995,-1.2,1.2
2026-07-01,rw_v1,EL,G47_FOOD,2026-02-01,105.7,3,2026-05-01,106.1771,103.684,108.991,101.8388,110.6581,FALSE,FALSE,may-2026,2026-07-16T08:41:25Z,109,2026-08-02,2.8229,2.8229,2.6707,FALSE,TRUE,5.307,8.8193,5.343,8.8193,3.3,3.3
2026-07-01,rw_v1,EL,G47_FOOD,2026-02-01,105.7,4,2026-06-01,106.4419,103.1347,109.6021,100.716,111.672,FALSE,FALSE,may-2026,2026-07-16T08:41:25Z,106.4,2026-09-12,-0.0419,0.0419,0.0396,TRUE,TRUE,6.4674,10.956,6.4674,10.956,0.7,0.7
2026-07-01,rw_v1,EL,G47_FOOD,2026-02-01,105.7,5,2026-07-01,106.2909,103.6639,109.3751,100.4112,113.4905,FALSE,FALSE,may-2026,2026-07-16T08:41:25Z,107.4,2026-10-07,1.1091,1.1091,1.0493,TRUE,TRUE,5.7112,13.0793,5.7112,13.0793,1.7,1.7
2026-07-01,rw_v1,EL,G47_NFOOD_X_G473,2026-02-01,113.3,1,2026-03-01,113.0778,112.2849,115.1228,111.0241,117.145,FALSE,FALSE,may-2026,2026-07-16T08:41:25Z,114,2026-08-02,0.9222,0.9222,0.8139,TRUE,TRUE,2.8379,6.1209,2.8379,6.1209,0.7,0.7
2026-07-01,rw_v1,EL,G47_NFOOD_X_G473,2026-02-01,113.3,2,2026-04-01,113.9041,112.7992,115.4792,110.9378,117.5431,FALSE,FALSE,may-2026,2026-07-16T08:41:25Z,112.6,2026-08-02,-1.3041,1.3041,1.151,FALSE,TRUE,2.68,6.6053,3.4768,6.6053,-0.7,0.7
2026-07-01,rw_v1,EL,G47_NFOOD_X_G473,2026-02-01,113.3,3,2026-05-01,114.0611,112.5181,116.1552,109.7291,120.118,FALSE,FALSE,may-2026,2026-07-16T08:41:25Z,115.5,2026-08-02,1.4389,1.4389,1.27,TRUE,TRUE,3.6371000000000002,10.3889,3.6371000000000002,10.3889,2.2,2.2
2026-07-01,rw_v1,EL,G47_NFOOD_X_G473,2026-02-01,113.3,4,2026-06-01,114.6011,113.189,116.0113,109.2966,119.8848,FALSE,FALSE,may-2026,2026-07-16T08:41:25Z,114.5,2026-09-12,-0.1011,0.1011,0.0892,TRUE,TRUE,2.8223,10.5882,2.8223,10.5882,1.2,1.2
2026-07-01,rw_v1,EL,G47_NFOOD_X_G473,2026-02-01,113.3,5,2026-07-01,115.1077,112.7644,116.5512,109.6201,121.9523,FALSE,FALSE,may-2026,2026-07-16T08:41:25Z,116,2026-10-07,0.8923,0.8923,0.7876,TRUE,TRUE,3.7868,12.3322,3.7868,12.3322,2.7,2.7
2026-07-01,rw_v1,EL,G479,2026-02-01,89.3,1,2026-03-01,90.7909,84.2805,94.2693,78.1539,101.0479,FALSE,TRUE,may-2026,2026-07-16T08:41:25Z,90.1,2026-08-02,-0.6909,0.6909,0.7737,TRUE,TRUE,9.9888,22.894,9.9888,22.894,0.8,0.8
2026-07-01,rw_v1,EL,G479,2026-02-01,89.3,2,2026-04-01,90.1207,83.5948,96.073,72.9987,102.7484,FALSE,TRUE,may-2026,2026-07-16T08:41:25Z,82.8,2026-08-02,-7.3207,7.3207,8.1979,FALSE,TRUE,12.4782,29.7497,15.6574,29.7497,-6.5,6.5
2026-07-01,rw_v1,EL,G479,2026-02-01,89.3,3,2026-05-01,89.9644,83.9606,97.0619,73.9764,106.2982,FALSE,TRUE,may-2026,2026-07-16T08:41:25Z,91.6,2026-08-02,1.6356,1.6356,1.8316,TRUE,TRUE,13.1013,32.3218,13.1013,32.3218,2.3,2.3
2026-07-01,rw_v1,EL,G479,2026-02-01,89.3,4,2026-06-01,90.7151,82.7436,98.9812,69.2943,108.5548,FALSE,TRUE,may-2026,2026-07-16T08:41:25Z,86.5,2026-09-12,-4.2151,4.2151,4.7202,TRUE,TRUE,16.2376,39.2605,16.2376,39.2605,-2.8,2.8
2026-07-01,rw_v1,EL,G479,2026-02-01,89.3,5,2026-07-01,92.1144,82.1579,99.4919,71.0724,107.2226,FALSE,TRUE,may-2026,2026-07-16T08:41:25Z,93,2026-10-07,0.8856,0.8856,0.9917,TRUE,TRUE,17.334,36.1502,17.334,36.1502,3.7,3.7
2026-07-01,rw_v1,ES,G47_FOOD,2026-03-01,106.8,1,2026-04-01,107.0294,106.3793,107.6061,105.716,108.115,FALSE,FALSE,may-2026,2026-07-16T08:41:25Z,106.4,2026-08-02,-0.6294,0.6294,0.5893,TRUE,TRUE,1.2268,2.399,1.2268,2.399,-0.4,0.4
2026-07-01,rw_v1,ES,G47_FOOD,2026-03-01,106.8,2,2026-05-01,107.0729,106.1709,107.7994,105.4127,108.4773,FALSE,FALSE,may-2026,2026-07-16T08:41:25Z,106.5,2026-08-02,-0.5729,0.5729,0.5364,TRUE,TRUE,1.6285,3.0646,1.6285,3.0646,-0.3,0.3
2026-07-01,rw_v1,ES,G47_FOOD,2026-03-01,106.8,3,2026-06-01,107.0864,106.3071,107.9702,105.2013,108.6303,FALSE,FALSE,may-2026,2026-07-16T08:41:25Z,106.5,2026-08-02,-0.5864,0.5864,0.5491,TRUE,TRUE,1.6631,3.429,1.6631,3.429,-0.3,0.3
2026-07-01,rw_v1,ES,G47_FOOD,2026-03-01,106.8,4,2026-07-01,107.3793,106.2511,108.1631,104.8572,108.9882,FALSE,FALSE,may-2026,2026-07-16T08:41:25Z,105.7,2026-09-12,-1.6793,1.6793,1.5724,FALSE,TRUE,1.912,4.131,4.1164,4.131,-1.1,1.1
2026-07-01,rw_v1,ES,G47_NFOOD_X_G473,2026-03-01,124.1,1,2026-04-01,124.4923,123.6664,125.5118,122.3466,126.8368,FALSE,FALSE,may-2026,2026-07-16T08:41:25Z,122,2026-08-02,-2.4923,2.4923,2.0083,FALSE,FALSE,1.8454,4.4902,8.511,7.9562,-2.1,2.1
2026-07-01,rw_v1,ES,G47_NFOOD_X_G473,2026-03-01,124.1,2,2026-05-01,124.6362,123.6465,125.9671,122.9635,127.067,FALSE,FALSE,may-2026,2026-07-16T08:41:25Z,123.7,2026-08-02,-0.9362,0.9362,0.7544,TRUE,TRUE,2.3206,4.1035,2.3206,4.1035,-0.4,0.4
2026-07-01,rw_v1,ES,G47_NFOOD_X_G473,2026-03-01,124.1,3,2026-06-01,125.1051,124.0605,126.3387,122.8088,128.2958,FALSE,FALSE,may-2026,2026-07-16T08:41:25Z,123.9,2026-08-02,-1.2051,1.2051,0.9711,FALSE,TRUE,2.2782,5.487,2.9202,5.487,-0.2,0.2
2026-07-01,rw_v1,ES,G47_NFOOD_X_G473,2026-03-01,124.1,4,2026-07-01,125.6748,124.0081,126.9111,122.892,128.5167,FALSE,FALSE,may-2026,2026-07-16T08:41:25Z,123.2,2026-09-12,-2.4748,2.4748,1.9942,FALSE,TRUE,2.903,5.6247,6.1354,5.6247,-0.9,0.9
2026-07-01,rw_v1,ES,G474,2026-03-01,181.7,1,2026-04-01,183.6001,182.5626,184.6505,181.2909,185.7909,FALSE,FALSE,may-2026,2026-07-16T08:41:25Z,177.7,2026-08-02,-5.9001,5.9001,3.2472,FALSE,FALSE,2.0879,4.5,21.5383,40.409,-4,4
2026-07-01,rw_v1,ES,G474,2026-03-01,181.7,2,2026-05-01,185.2977,184.3464,186.857,183.1226,187.4927,FALSE,FALSE,may-2026,2026-07-16T08:41:25Z,179.9,2026-08-02,-5.3977,5.3977,2.9707,FALSE,FALSE,2.5106,4.3701,20.2962,36.5961,-1.8,1.8
2026-07-01,rw_v1,ES,G474,2026-03-01,181.7,3,2026-06-01,187.4656,185.8638,188.4927,184.2503,189.7657,FALSE,FALSE,may-2026,2026-07-16T08:41:25Z,180.1,2026-08-02,-7.3656,7.3656,4.0537,FALSE,FALSE,2.6289,5.5154,25.6841,47.0184,-1.6,1.6
2026-07-01,rw_v1,ES,G474,2026-03-01,181.7,4,2026-07-01,189.4261,187.7931,190.9854,185.0392,192.7749,FALSE,FALSE,may-2026,2026-07-16T08:41:25Z,179.3,2026-09-12,-10.1261,10.1261,5.573,FALSE,FALSE,3.1923,7.7357,37.1647,65.1277,-2.4,2.4
2026-07-01,rw_v1,ES,G475,2026-03-01,111.9,1,2026-04-01,112.1976,111.678,112.6678,111.3726,113.0341,FALSE,FALSE,may-2026,2026-07-16T08:41:25Z,111.7,2026-08-02,-0.4976,0.4976,0.4447,TRUE,TRUE,0.9898,1.6615,0.9898,1.6615,-0.2,0.2
2026-07-01,rw_v1,ES,G475,2026-03-01,111.9,2,2026-05-01,112.3795,112.062,113.1145,111.6822,113.3952,FALSE,FALSE,may-2026,2026-07-16T08:41:25Z,112,2026-08-02,-0.3795,0.3795,0.3391,FALSE,TRUE,1.0525,1.713,1.3005,1.713,0.1,0.1
2026-07-01,rw_v1,ES,G475,2026-03-01,111.9,3,2026-06-01,112.7629,112.35,113.0739,111.6946,113.6099,FALSE,FALSE,may-2026,2026-07-16T08:41:25Z,112.1,2026-08-02,-0.6629,0.6629,0.5924,FALSE,TRUE,0.7239,1.9153,1.7239,1.9153,0.2,0.2
2026-07-01,rw_v1,ES,G475,2026-03-01,111.9,4,2026-07-01,113.025,112.3161,113.6767,111.929,114.0158,FALSE,FALSE,may-2026,2026-07-16T08:41:25Z,111.5,2026-09-12,-1.525,1.525,1.3628,FALSE,FALSE,1.3606,2.0868,4.625,6.3768,-0.4,0.4
2026-07-01,rw_v1,ES,G476,2026-03-01,125.4,1,2026-04-01,125.4246,124.2904,126.3996,123.4775,127.6352,FALSE,FALSE,may-2026,2026-07-16T08:41:25Z,126.3,2026-08-02,0.8754,0.8754,0.6981,TRUE,TRUE,2.1092,4.1577,2.1092,4.1577,0.9,0.9
2026-07-01,rw_v1,ES,G476,2026-03-01,125.4,2,2026-05-01,125.6261,123.9217,126.6959,122.9012,127.9768,FALSE,FALSE,may-2026,2026-07-16T08:41:25Z,128.1,2026-08-02,2.4739,2.4739,1.9728,FALSE,FALSE,2.7742,5.0756,8.3906,6.3076,2.7,2.7
2026-07-01,rw_v1,ES,G476,2026-03-01,125.4,3,2026-06-01,125.6798,123.7011,126.7815,122.2197,128.3621,FALSE,FALSE,may-2026,2026-07-16T08:41:25Z,127.7,2026-08-02,2.0202,2.0202,1.611,FALSE,TRUE,3.0804,6.1424,6.7544,6.1424,2.3,2.3
2026-07-01,rw_v1,ES,G476,2026-03-01,125.4,4,2026-07-01,125.0092,124.0094,127.0548,122.7306,128.687,FALSE,FALSE,may-2026,2026-07-16T08:41:25Z,129.8,2026-09-12,4.7908,4.7908,3.8204,FALSE,FALSE,3.0454,5.9564,14.0262,17.0864,4.4,4.4
2026-07-01,rw_v1,ES,G477,2026-03-01,122.9,1,2026-04-01,123.0489,122.484,123.5702,121.5529,124.3864,FALSE,FALSE,may-2026,2026-07-16T08:41:25Z,121.7,2026-08-02,-1.3489,1.3489,1.0976,FALSE,TRUE,1.0862,2.8335,4.2222,2.8335,-1.2,1.2
2026-07-01,rw_v1,ES,G477,2026-03-01,122.9,2,2026-05-01,123.3263,122.8017,123.8726,121.8904,124.8962,FALSE,FALSE,may-2026,2026-07-16T08:41:25Z,122.4,2026-08-02,-0.9263,0.9263,0.7537,FALSE,TRUE,1.0709,3.0058,2.6777,3.0058,-0.5,0.5
2026-07-01,rw_v1,ES,G477,2026-03-01,122.9,3,2026-06-01,123.5838,122.7184,124.6307,121.8996,124.9832,FALSE,FALSE,may-2026,2026-07-16T08:41:25Z,122.7,2026-08-02,-0.8838,0.8838,0.7191,FALSE,TRUE,1.9123000000000001,3.0836,1.9859,3.0836,-0.2,0.2
2026-07-01,rw_v1,ES,G477,2026-03-01,122.9,4,2026-07-01,123.7144,122.9196,124.6459,121.7152,125.3642,FALSE,FALSE,may-2026,2026-07-16T08:41:25Z,123.4,2026-09-12,-0.3144,0.3144,0.2558,TRUE,TRUE,1.7263,3.649,1.7263,3.649,0.5,0.5
2026-07-01,rw_v1,ES,G479,2026-03-01,115.2,1,2026-04-01,115.5101,114.3156,116.7368,113.1841,118.0702,FALSE,FALSE,may-2026,2026-07-16T08:41:25Z,116.2,2026-08-02,0.6899,0.6899,0.5989,TRUE,TRUE,2.4212,4.8861,2.4212,4.8861,1,1
2026-07-01,rw_v1,ES,G479,2026-03-01,115.2,2,2026-05-01,115.7915,114.6341,117.4632,113.5637,118.5943,FALSE,FALSE,may-2026,2026-07-16T08:41:25Z,117.9,2026-08-02,2.1085,2.1085,1.8303,FALSE,TRUE,2.8291,5.0306,4.5763,5.0306,2.7,2.7
2026-07-01,rw_v1,ES,G479,2026-03-01,115.2,3,2026-06-01,116.2352,114.6087,117.8857,112.8284,119.05,FALSE,FALSE,may-2026,2026-07-16T08:41:25Z,119,2026-08-02,2.7648,2.7648,2.4,FALSE,TRUE,3.277,6.2216,7.7342,6.2216,3.8,3.8
2026-07-01,rw_v1,ES,G479,2026-03-01,115.2,4,2026-07-01,116.9971,114.2804,118.796,112.6861,120.5629,FALSE,FALSE,may-2026,2026-07-16T08:41:25Z,113.3,2026-09-12,-3.6971,3.6971,3.2093,FALSE,TRUE,4.5156,7.8768,8.4372,7.8768,-1.9,1.9
2026-07-01,rw_v1,FI,G47_FOOD,2026-03-01,95.1,1,2026-04-01,95.0221,94.1213,95.8878,93.6163,96.6279,FALSE,FALSE,may-2026,2026-07-16T08:41:25Z,94.9,2026-08-02,-0.1221,0.1221,0.1284,TRUE,TRUE,1.7665,3.0116,1.7665,3.0116,-0.2,0.2
2026-07-01,rw_v1,FI,G47_FOOD,2026-03-01,95.1,2,2026-05-01,95.042,94.3542,95.8484,93.3856,96.7759,FALSE,FALSE,may-2026,2026-07-16T08:41:25Z,95.7,2026-08-02,0.658,0.658,0.6919,TRUE,TRUE,1.4942,3.3903,1.4942,3.3903,0.6,0.6
2026-07-01,rw_v1,FI,G47_FOOD,2026-03-01,95.1,3,2026-06-01,95.0784,94.0964,95.7495,93.154,96.4969,FALSE,FALSE,may-2026,2026-07-16T08:41:25Z,93.2,2026-08-02,-1.8784,1.8784,1.9752,FALSE,TRUE,1.6531,3.3429,5.2387,3.3429,-1.9,1.9
2026-07-01,rw_v1,FI,G47_FOOD,2026-03-01,95.1,4,2026-07-01,95.0405,94.0015,95.9428,93.0864,96.5519,FALSE,FALSE,may-2026,2026-07-16T08:41:25Z,93.8,2026-09-12,-1.2405,1.2405,1.3044,FALSE,TRUE,1.9413,3.4655,2.7473,3.4655,-1.3,1.3
2026-07-01,rw_v1,FI,G47_NFOOD_X_G473,2026-03-01,95.6,1,2026-04-01,95.8319,94.7013,96.6577,93.1943,97.7712,FALSE,FALSE,may-2026,2026-07-16T08:41:25Z,94.7,2026-08-02,-1.1319,1.1319,1.184,FALSE,TRUE,1.9564,4.5769,1.9616,4.5769,-0.9,0.9
2026-07-01,rw_v1,FI,G47_NFOOD_X_G473,2026-03-01,95.6,2,2026-05-01,95.7967,94.4646,97.0883,93.2869,97.674,FALSE,FALSE,may-2026,2026-07-16T08:41:25Z,94.8,2026-08-02,-0.9967,0.9967,1.0426,TRUE,TRUE,2.6237,4.3871,2.6237,4.3871,-0.8,0.8
2026-07-01,rw_v1,FI,G47_NFOOD_X_G473,2026-03-01,95.6,3,2026-06-01,95.6174,94.3251,97.0875,93.7889,98.0242,FALSE,FALSE,may-2026,2026-07-16T08:41:25Z,94.4,2026-08-02,-1.2174,1.2174,1.2734,TRUE,TRUE,2.7624,4.2353,2.7624,4.2353,-1.2,1.2
2026-07-01,rw_v1,FI,G47_NFOOD_X_G473,2026-03-01,95.6,4,2026-07-01,95.7867,94.5192,97.0813,93.1637,98.214,FALSE,FALSE,may-2026,2026-07-16T08:41:25Z,94.6,2026-09-12,-1.1867,1.1867,1.2413,TRUE,TRUE,2.5621,5.0503,2.5621,5.0503,-1,1
2026-07-01,rw_v1,FI,G474,2026-03-01,83.8,1,2026-04-01,83.7206,82.2945,85.3982,80.4318,86.6521,FALSE,FALSE,may-2026,2026-07-16T08:41:25Z,81.9,2026-08-02,-1.8206,1.8206,2.1726,FALSE,TRUE,3.1037,6.2203,4.6817,6.2203,-1.9,1.9
2026-07-01,rw_v1,FI,G474,2026-03-01,83.8,2,2026-05-01,83.769,81.6814,85.8322,79.8712,87.7574,FALSE,FALSE,may-2026,2026-07-16T08:41:25Z,85.1,2026-08-02,1.331,1.331,1.5883,TRUE,TRUE,4.1508,7.8862,4.1508,7.8862,1.3,1.3
2026-07-01,rw_v1,FI,G474,2026-03-01,83.8,3,2026-06-01,83.8957,81.6019,86.3012,79.122,88.2039,FALSE,FALSE,may-2026,2026-07-16T08:41:25Z,85.1,2026-08-02,1.2043,1.2043,1.4371,TRUE,TRUE,4.6993,9.0819,4.6993,9.0819,1.3,1.3
2026-07-01,rw_v1,FI,G474,2026-03-01,83.8,4,2026-07-01,83.9269,81.2466,86.4319,77.9993,88.4383,FALSE,FALSE,may-2026,2026-07-16T08:41:25Z,81.4,2026-09-12,-2.5269,2.5269,3.0154,TRUE,TRUE,5.1853,10.439,5.1853,10.439,-2.4,2.4
2026-07-01,rw_v1,FI,G475,2026-03-01,76.3,1,2026-04-01,76.0642,75.0834,77.2319,73.5123,78.4504,FALSE,FALSE,may-2026,2026-07-16T08:41:25Z,75.6,2026-08-02,-0.4642,0.4642,0.6084,TRUE,TRUE,2.1485,4.9381,2.1485,4.9381,-0.7,0.7
2026-07-01,rw_v1,FI,G475,2026-03-01,76.3,2,2026-05-01,75.9452,74.1316,77.2239,72.7463,79.1662,FALSE,FALSE,may-2026,2026-07-16T08:41:25Z,74.8,2026-08-02,-1.1452,1.1452,1.5009,TRUE,TRUE,3.0923,6.4199,3.0923,6.4199,-1.5,1.5
2026-07-01,rw_v1,FI,G475,2026-03-01,76.3,3,2026-06-01,75.5351,73.4997,77.3382,71.9171,79.2594,FALSE,FALSE,may-2026,2026-07-16T08:41:25Z,74.8,2026-08-02,-0.7351,0.7351,0.9634,TRUE,TRUE,3.8385,7.3423,3.8385,7.3423,-1.5,1.5
2026-07-01,rw_v1,FI,G475,2026-03-01,76.3,4,2026-07-01,75.5212,73.1444,77.2282,71.3201,78.6981,FALSE,FALSE,may-2026,2026-07-16T08:41:25Z,75.9,2026-09-12,0.3788,0.3788,0.4965,TRUE,TRUE,4.0838,7.378,4.0838,7.378,-0.4,0.4
2026-07-01,rw_v1,FI,G476,2026-03-01,78.6,1,2026-04-01,78.5595,77.4277,79.5848,76.4833,80.3114,FALSE,FALSE,may-2026,2026-07-16T08:41:25Z,76.5,2026-08-02,-2.0595,2.0595,2.6202,FALSE,TRUE,2.1571,3.8281,5.8679,3.8281,-2.1,2.1
2026-07-01,rw_v1,FI,G476,2026-03-01,78.6,2,2026-05-01,78.3013,77.2039,79.0481,76.5527,80.1652,FALSE,FALSE,may-2026,2026-07-16T08:41:25Z,76.2,2026-08-02,-2.1013,2.1013,2.6734,FALSE,FALSE,1.8442,3.6125,5.8598,7.1395,-2.4,2.4
2026-07-01,rw_v1,FI,G476,2026-03-01,78.6,3,2026-06-01,77.9768,76.6851,79.5419,75.3359,81.2471,FALSE,FALSE,may-2026,2026-07-16T08:41:25Z,76.1,2026-08-02,-1.8768,1.8768,2.3878,FALSE,TRUE,2.8568,5.9112,5.1972,5.9112,-2.5,2.5
2026-07-01,rw_v1,FI,G476,2026-03-01,78.6,4,2026-07-01,77.8862,76.1576,79.4419,74.5155,81.1239,FALSE,FALSE,may-2026,2026-07-16T08:41:25Z,76.6,2026-09-12,-1.2862,1.2862,1.6364,TRUE,TRUE,3.2843,6.6084,3.2843,6.6084,-2,2
2026-07-01,rw_v1,FI,G477,2026-03-01,115.3,1,2026-04-01,115.7569,114.8184,116.6678,113.6397,117.7573,FALSE,FALSE,may-2026,2026-07-16T08:41:25Z,114.8,2026-08-02,-0.9569,0.9569,0.8299,FALSE,TRUE,1.8494,4.1176,1.923,4.1176,-0.5,0.5
2026-07-01,rw_v1,FI,G477,2026-03-01,115.3,2,2026-05-01,116.2876,114.8534,117.327,113.1972,119.0066,FALSE,FALSE,may-2026,2026-07-16T08:41:25Z,116.4,2026-08-02,0.1124,0.1124,0.0975,TRUE,TRUE,2.4736,5.8094,2.4736,5.8094,1.1,1.1
2026-07-01,rw_v1,FI,G477,2026-03-01,115.3,3,2026-06-01,116.3185,114.9597,118.003,112.9884,119.0249,FALSE,FALSE,may-2026,2026-07-16T08:41:25Z,116.5,2026-08-02,0.1815,0.1815,0.1574,TRUE,TRUE,3.0433,6.0365,3.0433,6.0365,1.2,1.2
2026-07-01,rw_v1,FI,G477,2026-03-01,115.3,4,2026-07-01,116.7576,115.0805,118.6073,113.5152,119.9201,FALSE,FALSE,may-2026,2026-07-16T08:41:25Z,116.3,2026-09-12,-0.4576,0.4576,0.3969,TRUE,TRUE,3.5268,6.4049,3.5268,6.4049,1,1
2026-07-01,rw_v1,FI,G479,2026-03-01,106.8,1,2026-04-01,107.4294,105.5577,109.2072,103.1238,110.9616,FALSE,FALSE,may-2026,2026-07-16T08:41:25Z,105.5,2026-08-02,-1.9294,1.9294,1.8066,FALSE,TRUE,3.6495,7.8378,3.8803,7.8378,-1.3,1.3
2026-07-01,rw_v1,FI,G479,2026-03-01,106.8,2,2026-05-01,108.0166,105.5233,109.9563,103.0362,112.3606,FALSE,FALSE,may-2026,2026-07-16T08:41:25Z,109.6,2026-08-02,1.5834,1.5834,1.4826,TRUE,TRUE,4.433,9.3244,4.433,9.3244,2.8,2.8
2026-07-01,rw_v1,FI,G479,2026-03-01,106.8,3,2026-06-01,108.0918,105.8656,111.1617,103.617,113.0703,FALSE,FALSE,may-2026,2026-07-16T08:41:25Z,106.7,2026-08-02,-1.3918,1.3918,1.3032,TRUE,TRUE,5.2961,9.4533,5.2961,9.4533,-0.1,0.1
2026-07-01,rw_v1,FI,G479,2026-03-01,106.8,4,2026-07-01,108.5354,105.8049,112.047,103.1359,115.643,FALSE,FALSE,may-2026,2026-07-16T08:41:25Z,106.2,2026-09-12,-2.3354,2.3354,2.1867,TRUE,TRUE,6.2421,12.5071,6.2421,12.5071,-0.6,0.6
2026-07-01,rw_v1,FR,G47_FOOD,2026-03-01,101.6,1,2026-04-01,101.7047,101.1177,102.1199,100.232,103.0231,FALSE,FALSE,may-2026,2026-07-16T08:41:25Z,104.1,2026-08-02,2.3953,2.3953,2.3576,FALSE,FALSE,1.0022,2.7911,8.9226,13.5601,2.5,2.5
2026-07-01,rw_v1,FR,G47_FOOD,2026-03-01,101.6,2,2026-05-01,101.8067,101.151,102.3618,100.1806,103.0814,FALSE,FALSE,may-2026,2026-07-16T08:41:25Z,103.5,2026-08-02,1.6933,1.6933,1.6666,FALSE,FALSE,1.2108,2.9008,5.7636,7.0868,1.9,1.9
2026-07-01,rw_v1,FR,G47_FOOD,2026-03-01,101.6,3,2026-06-01,101.9529,100.9761,102.6133,99.9895,103.4628,FALSE,FALSE,may-2026,2026-07-16T08:41:25Z,103.3,2026-08-02,1.3471,1.3471,1.3259,FALSE,TRUE,1.6372,3.4733,4.384,3.4733,1.7,1.7
2026-07-01,rw_v1,FR,G47_FOOD,2026-03-01,101.6,4,2026-07-01,101.9438,101.1159,102.8397,99.8409,104.0495,FALSE,FALSE,may-2026,2026-07-16T08:41:25Z,105,2026-09-12,3.0562,3.0562,3.0081,FALSE,FALSE,1.7238,4.2086,10.365,13.7136,3.4,3.4
2026-07-01,rw_v1,FR,G47_NFOOD_X_G473,2026-03-01,113.7,1,2026-04-01,113.8993,112.9951,114.7906,111.1849,116.1466,FALSE,FALSE,may-2026,2026-07-16T08:41:25Z,114,2026-08-02,0.1007,0.1007,0.0886,TRUE,TRUE,1.7955,4.9617000000000004,1.7955,4.9617000000000004,0.3,0.3
2026-07-01,rw_v1,FR,G47_NFOOD_X_G473,2026-03-01,113.7,2,2026-05-01,114.092,113.3862,115.1165,111.8681,117.0761,FALSE,FALSE,may-2026,2026-07-16T08:41:25Z,114.7,2026-08-02,0.608,0.608,0.5347,TRUE,TRUE,1.7303,5.208,1.7303,5.208,1,1
2026-07-01,rw_v1,FR,G47_NFOOD_X_G473,2026-03-01,113.7,3,2026-06-01,114.4901,113.2208,115.4819,111.6795,117.3489,FALSE,FALSE,may-2026,2026-07-16T08:41:25Z,113.4,2026-08-02,-1.0901,1.0901,0.9588,TRUE,TRUE,2.2611,5.6694,2.2611,5.6694,-0.3,0.3
2026-07-01,rw_v1,FR,G47_NFOOD_X_G473,2026-03-01,113.7,4,2026-07-01,114.6782,113.7467,115.7209,111.9244,117.4603,FALSE,FALSE,may-2026,2026-07-16T08:41:25Z,115.8,2026-09-12,1.1218,1.1218,0.9866,FALSE,TRUE,1.9742,5.5359,2.2906,5.5359,2.1,2.1
2026-07-01,rw_v1,FR,G474,2026-03-01,130.7,1,2026-04-01,131.4144,128.7794,133.1162,126.3343,136.2397,FALSE,FALSE,may-2026,2026-07-16T08:41:25Z,127.7,2026-08-02,-3.7144,3.7144,2.8419,FALSE,TRUE,4.3368,9.9054,8.6544,9.9054,-3,3
2026-07-01,rw_v1,FR,G474,2026-03-01,130.7,2,2026-05-01,131.7511,128.7886,133.8737,125.0266,137.5131,FALSE,FALSE,may-2026,2026-07-16T08:41:25Z,131.4,2026-08-02,-0.3511,0.3511,0.2686,TRUE,TRUE,5.0851,12.4865,5.0851,12.4865,0.7,0.7
2026-07-01,rw_v1,FR,G474,2026-03-01,130.7,3,2026-06-01,132.2532,128.3859,134.9856,124.9616,140.2292,FALSE,FALSE,may-2026,2026-07-16T08:41:25Z,133.7,2026-09-12,1.4468,1.4468,1.107,TRUE,TRUE,6.5997,15.2676,6.5997,15.2676,3,3
2026-07-01,rw_v1,FR,G474,2026-03-01,130.7,4,2026-07-01,132.3176,130.1638,134.9428,125.5365,142.0845,FALSE,FALSE,may-2026,2026-07-16T08:41:25Z,134.3,2026-10-07,1.9824,1.9824,1.5168,TRUE,TRUE,4.779,16.548,4.779,16.548,3.6,3.6
2026-07-01,rw_v1,FR,G475,2026-03-01,85.2,1,2026-04-01,85.2089,83.9732,86.1871,81.7187,87.7427,FALSE,FALSE,may-2026,2026-07-16T08:41:25Z,84.6,2026-08-02,-0.6089,0.6089,0.7147,TRUE,TRUE,2.2139,6.024,2.2139,6.024,-0.6,0.6
2026-07-01,rw_v1,FR,G475,2026-03-01,85.2,2,2026-05-01,84.7818,83.5187,86.1333,81.6088,87.7041,FALSE,FALSE,may-2026,2026-07-16T08:41:25Z,84.5,2026-08-02,-0.2818,0.2818,0.3308,TRUE,TRUE,2.6146,6.0953,2.6146,6.0953,-0.7,0.7
2026-07-01,rw_v1,FR,G475,2026-03-01,85.2,3,2026-06-01,84.5984,83.2445,86.0196,80.9621,87.5788,FALSE,FALSE,may-2026,2026-07-16T08:41:25Z,85.1,2026-09-12,0.5016,0.5016,0.5887,TRUE,TRUE,2.7751,6.6167,2.7751,6.6167,-0.1,0.1
2026-07-01,rw_v1,FR,G475,2026-03-01,85.2,4,2026-07-01,84.7665,82.8044,85.88,80.5435,87.7442,FALSE,FALSE,may-2026,2026-07-16T08:41:25Z,84.6,2026-10-07,-0.1665,0.1665,0.1954,TRUE,TRUE,3.0756,7.2007,3.0756,7.2007,-0.6,0.6
2026-07-01,rw_v1,FR,G476,2026-03-01,112,1,2026-04-01,111.9664,110.8072,113.7028,108.0089,115.7188,FALSE,FALSE,may-2026,2026-07-16T08:41:25Z,110.9,2026-08-02,-1.0664,1.0664,0.9521,TRUE,TRUE,2.8956,7.7099,2.8956,7.7099,-1.1,1.1
2026-07-01,rw_v1,FR,G476,2026-03-01,112,2,2026-05-01,112.1815,110.8133,113.7423,108.0734,116.3683,FALSE,FALSE,may-2026,2026-07-16T08:41:25Z,111.3,2026-08-02,-0.8815,0.8815,0.7871,TRUE,TRUE,2.929,8.2949,2.929,8.2949,-0.7,0.7
2026-07-01,rw_v1,FR,G476,2026-03-01,112,3,2026-06-01,112.4259,110.7532,113.6783,107.51,116.1419,FALSE,FALSE,may-2026,2026-07-16T08:41:25Z,110.7,2026-09-12,-1.7259,1.7259,1.541,FALSE,TRUE,2.9251,8.6319,3.1379,8.6319,-1.3,1.3
2026-07-01,rw_v1,FR,G476,2026-03-01,112,4,2026-07-01,112.5369,110.5425,114.3349,108.1777,118.2883,FALSE,FALSE,may-2026,2026-07-16T08:41:25Z,111,2026-10-07,-1.5369,1.5369,1.3722,TRUE,TRUE,3.7924,10.1106,3.7924,10.1106,-1,1
2026-07-01,rw_v1,FR,G477,2026-03-01,126.5,1,2026-04-01,126.894,125.4724,128.1367,123.6707,129.5702,FALSE,FALSE,may-2026,2026-07-16T08:41:25Z,127.2,2026-08-02,0.306,0.306,0.2419,TRUE,TRUE,2.6643,5.8995,2.6643,5.8995,0.7,0.7
2026-07-01,rw_v1,FR,G477,2026-03-01,126.5,2,2026-05-01,127.4619,125.9537,128.7108,124.5483,130.595,FALSE,FALSE,may-2026,2026-07-16T08:41:25Z,127.3,2026-08-02,-0.1619,0.1619,0.128,TRUE,TRUE,2.7571,6.0467,2.7571,6.0467,0.8,0.8
2026-07-01,rw_v1,FR,G477,2026-03-01,126.5,3,2026-06-01,127.8171,126.1648,129.3081,124.4202,131.6594,FALSE,FALSE,may-2026,2026-07-16T08:41:25Z,129.3,2026-09-12,1.4829,1.4829,1.1723,TRUE,TRUE,3.1433,7.2392,3.1433,7.2392,2.8,2.8
2026-07-01,rw_v1,FR,G477,2026-03-01,126.5,4,2026-07-01,128.2337,126.7828,129.5348,124.3693,131.9739,FALSE,FALSE,may-2026,2026-07-16T08:41:25Z,132.1,2026-10-07,3.8663,3.8663,3.0564,FALSE,FALSE,2.752,7.6046,13.0128,8.8656,5.6,5.6
2026-07-01,rw_v1,FR,G479,2026-03-01,105.5,1,2026-04-01,105.8769,104.4658,107.1119,102.0651,108.979,FALSE,FALSE,may-2026,2026-07-16T08:41:25Z,106.6,2026-08-02,0.7231,0.7231,0.6854,TRUE,TRUE,2.6461,6.9139,2.6461,6.9139,1.1,1.1
2026-07-01,rw_v1,FR,G479,2026-03-01,105.5,2,2026-05-01,105.9912,104.0593,107.8211,102.172,110.0174,FALSE,FALSE,may-2026,2026-07-16T08:41:25Z,108.5,2026-08-02,2.5088,2.5088,2.378,FALSE,TRUE,3.7618,7.8454,6.4774,7.8454,3,3
2026-07-01,rw_v1,FR,G479,2026-03-01,105.5,3,2026-06-01,105.873,104.2942,107.9813,101.3562,111.2057,FALSE,FALSE,may-2026,2026-07-16T08:41:25Z,107.5,2026-09-12,1.627,1.627,1.5422,TRUE,TRUE,3.6871,9.8495,3.6871,9.8495,2,2
2026-07-01,rw_v1,FR,G479,2026-03-01,105.5,4,2026-07-01,106.4058,104.1361,108.5446,102.2728,111.5631,FALSE,FALSE,may-2026,2026-07-16T08:41:25Z,106.9,2026-10-07,0.4942,0.4942,0.4684,TRUE,TRUE,4.4085,9.2903,4.4085,9.2903,1.4,1.4
2026-07-01,rw_v1,HR,G47_FOOD,2026-03-01,108.4,1,2026-04-01,108.3914,107.5312,109.8877,106.277,111.4688,FALSE,FALSE,may-2026,2026-07-16T08:41:25Z,111.4,2026-08-02,3.0086,3.0086,2.7755,FALSE,TRUE,2.3565,5.1918,8.4057,5.1918,3,3
2026-07-01,rw_v1,HR,G47_FOOD,2026-03-01,108.4,2,2026-05-01,108.7307,107.4495,110.0441,106.1819,112.9079,FALSE,FALSE,may-2026,2026-07-16T08:41:25Z,107.3,2026-08-02,-1.4307,1.4307,1.3198,FALSE,TRUE,2.5946,6.726,3.1926,6.726,-1.1,1.1
2026-07-01,rw_v1,HR,G47_FOOD,2026-03-01,108.4,3,2026-06-01,109.0788,107.5742,110.654,105.953,112.948,FALSE,FALSE,may-2026,2026-07-16T08:41:25Z,110,2026-08-02,0.9212,0.9212,0.8498,TRUE,TRUE,3.0798,6.995,3.0798,6.995,1.6,1.6
2026-07-01,rw_v1,HR,G47_FOOD,2026-03-01,108.4,4,2026-07-01,109.3029,107.7363,111.0189,105.6194,113.0984,FALSE,FALSE,may-2026,2026-07-16T08:41:25Z,109.9,2026-09-12,0.5971,0.5971,0.5508,TRUE,TRUE,3.2826,7.479,3.2826,7.479,1.5,1.5
2026-07-01,rw_v1,HR,G47_NFOOD_X_G473,2026-03-01,131.5,1,2026-04-01,131.9711,130.4731,134.0138,128.7281,135.301,FALSE,FALSE,may-2026,2026-07-16T08:41:25Z,128.4,2026-08-02,-3.5711,3.5711,2.7157,FALSE,FALSE,3.5407,6.5729,11.8331,9.8539,-3.1,3.1
2026-07-01,rw_v1,HR,G47_NFOOD_X_G473,2026-03-01,131.5,2,2026-05-01,132.7337,131.0114,134.5059,128.8881,136.7772,FALSE,FALSE,may-2026,2026-07-16T08:41:25Z,124.5,2026-08-02,-8.2337,8.2337,6.2614,FALSE,FALSE,3.4945,7.8891,29.5401,51.7701,-7,7
2026-07-01,rw_v1,HR,G47_NFOOD_X_G473,2026-03-01,131.5,3,2026-06-01,133.2311,131.4041,135.5492,129.5541,138.0451,FALSE,FALSE,may-2026,2026-07-16T08:41:25Z,128.1,2026-08-02,-5.1311,5.1311,3.902,FALSE,FALSE,4.1451,8.491,17.3615,23.032,-3.4,3.4
2026-07-01,rw_v1,HR,G47_NFOOD_X_G473,2026-03-01,131.5,4,2026-07-01,134.1753,131.5026,136.3245,129.5598,138.406,FALSE,FALSE,may-2026,2026-07-16T08:41:25Z,131.6,2026-09-12,-2.5753,2.5753,1.9584,TRUE,TRUE,4.8219,8.8462,4.8219,8.8462,0.1,0.1
2026-07-01,rw_v1,HU,G47_FOOD,2026-03-01,101.5,1,2026-04-01,101.5438,100.9182,102.4066,100.1994,103.043,FALSE,FALSE,may-2026,2026-07-16T08:41:25Z,102.5,2026-08-02,0.9562,0.9562,0.9421,FALSE,TRUE,1.4884,2.8436,1.862,2.8436,1,1
2026-07-01,rw_v1,HU,G47_FOOD,2026-03-01,101.5,2,2026-05-01,101.9061,101.0467,102.4232,99.9777,103.01,FALSE,FALSE,may-2026,2026-07-16T08:41:25Z,102.1,2026-08-02,0.1939,0.1939,0.191,TRUE,TRUE,1.3765,3.0323,1.3765,3.0323,0.6,0.6
2026-07-01,rw_v1,HU,G47_FOOD,2026-03-01,101.5,3,2026-06-01,101.9064,101.2957,102.7531,99.8508,103.394,FALSE,FALSE,may-2026,2026-07-16T08:41:25Z,102,2026-09-12,0.0936,0.0936,0.0922,TRUE,TRUE,1.4574,3.5432,1.4574,3.5432,0.5,0.5
2026-07-01,rw_v1,HU,G47_FOOD,2026-03-01,101.5,4,2026-07-01,102.2584,101.3819,102.9936,99.1073,103.4486,FALSE,FALSE,may-2026,2026-07-16T08:41:25Z,102,2026-09-12,-0.2584,0.2584,0.2546,TRUE,TRUE,1.6117,4.3413,1.6117,4.3413,0.5,0.5
2026-07-01,rw_v1,HU,G47_NFOOD_X_G473,2026-03-01,112.4,1,2026-04-01,112.7591,111.733,113.6283,110.5971,115.1431,FALSE,FALSE,may-2026,2026-07-16T08:41:25Z,110.4,2026-08-02,-2.3591,2.3591,2.0988,FALSE,FALSE,1.8953,4.546,7.2273,6.517,-2,2
2026-07-01,rw_v1,HU,G47_NFOOD_X_G473,2026-03-01,112.4,2,2026-05-01,113.0576,111.9027,114.0389,109.8003,116.0467,FALSE,FALSE,may-2026,2026-07-16T08:41:25Z,112.9,2026-08-02,-0.1576,0.1576,0.1402,TRUE,TRUE,2.1362,6.2464,2.1362,6.2464,0.5,0.5
2026-07-01,rw_v1,HU,G47_NFOOD_X_G473,2026-03-01,112.4,3,2026-06-01,113.6617,111.9997,114.6448,108.9499,116.553,FALSE,FALSE,may-2026,2026-07-16T08:41:25Z,112.4,2026-09-12,-1.2617,1.2617,1.1225,TRUE,TRUE,2.6451,7.6031,2.6451,7.6031,0,0
2026-07-01,rw_v1,HU,G47_NFOOD_X_G473,2026-03-01,112.4,4,2026-07-01,113.7561,112.5891,115.1505,108.1397,116.8121,FALSE,FALSE,may-2026,2026-07-16T08:41:25Z,113.5,2026-09-12,-0.2561,0.2561,0.2278,TRUE,TRUE,2.5614,8.6724,2.5614,8.6724,1.1,1.1
2026-07-01,rw_v1,IE,G47_FOOD,2026-03-01,96.1,1,2026-04-01,96.2788,95.8659,96.6968,95.4356,97.109,FALSE,FALSE,may-2026,2026-07-16T08:41:25Z,95.8,2026-08-02,-0.4788,0.4788,0.4982,FALSE,TRUE,0.8309,1.6734,1.0945,1.6734,-0.3,0.3
2026-07-01,rw_v1,IE,G47_FOOD,2026-03-01,96.1,2,2026-05-01,96.2253,95.8293,96.9503,95.4145,97.7301,FALSE,FALSE,may-2026,2026-07-16T08:41:25Z,95.8,2026-08-02,-0.4253,0.4253,0.4426,FALSE,TRUE,1.121,2.3156,1.2382,2.3156,-0.3,0.3
2026-07-01,rw_v1,IE,G47_FOOD,2026-03-01,96.1,3,2026-06-01,96.4141,95.835,96.7694,95.5515,98.4004,FALSE,FALSE,may-2026,2026-07-16T08:41:25Z,96.7,2026-08-02,0.2859,0.2859,0.2975,TRUE,TRUE,0.9344,2.8489,0.9344,2.8489,0.6,0.6
2026-07-01,rw_v1,IE,G47_FOOD,2026-03-01,96.1,4,2026-07-01,96.6265,95.7327,97.0939,95.4678,98.7376,FALSE,FALSE,may-2026,2026-07-16T08:41:25Z,97.9,2026-09-12,1.2735,1.2735,1.3252,FALSE,TRUE,1.3612,3.2698,4.5856,3.2698,1.8,1.8
2026-07-01,rw_v1,IE,G47_NFOOD_X_G473,2026-03-01,121.6,1,2026-04-01,121.5261,120.303,122.3649,119.365,123.361,FALSE,FALSE,may-2026,2026-07-16T08:41:25Z,120.2,2026-08-02,-1.3261,1.3261,1.0905,FALSE,TRUE,2.0619,3.996,2.4739,3.996,-1.4,1.4
2026-07-01,rw_v1,IE,G47_NFOOD_X_G473,2026-03-01,121.6,2,2026-05-01,121.0265,119.6867,122.1754,118.0894,123.5175,FALSE,FALSE,may-2026,2026-07-16T08:41:25Z,121.7,2026-08-02,0.6735,0.6735,0.5539,TRUE,TRUE,2.4887,5.4281,2.4887,5.4281,0.1,0.1
2026-07-01,rw_v1,IE,G47_NFOOD_X_G473,2026-03-01,121.6,3,2026-06-01,120.8244,118.7692,122.0215,118.01220000000001,123.638,FALSE,FALSE,may-2026,2026-07-16T08:41:25Z,121.7,2026-08-02,0.8756,0.8756,0.7201,TRUE,TRUE,3.2523,5.6258,3.2523,5.6258,0.1,0.1
2026-07-01,rw_v1,IE,G47_NFOOD_X_G473,2026-03-01,121.6,4,2026-07-01,120.6508,118.6993,121.9512,118.1112,122.804,FALSE,FALSE,may-2026,2026-07-16T08:41:25Z,122.5,2026-09-12,1.8492,1.8492,1.5207,FALSE,TRUE,3.2519,4.6928,5.4471,4.6928,0.9,0.9
2026-07-01,rw_v1,IT,G47_FOOD,2026-03-01,93.1,1,2026-04-01,92.9015,92.3828,93.5965,91.9697,94.2099,FALSE,FALSE,may-2026,2026-07-16T08:41:25Z,92.8,2026-08-02,-0.1015,0.1015,0.109,TRUE,TRUE,1.2137,2.2402,1.2137,2.2402,-0.3,0.3
2026-07-01,rw_v1,IT,G47_FOOD,2026-03-01,93.1,2,2026-05-01,93.0014,92.2248,93.4156,91.5525,94.2434,FALSE,FALSE,may-2026,2026-07-16T08:41:25Z,92.9,2026-08-02,-0.1014,0.1014,0.1089,TRUE,TRUE,1.1908,2.6909,1.1908,2.6909,-0.2,0.2
2026-07-01,rw_v1,IT,G47_FOOD,2026-03-01,93.1,3,2026-06-01,92.7924,92.1988,93.5055,91.5966,94.2661,FALSE,FALSE,may-2026,2026-07-16T08:41:25Z,92.5,2026-09-12,-0.2924,0.2924,0.3141,TRUE,TRUE,1.3067,2.6695,1.3067,2.6695,-0.6,0.6
2026-07-01,rw_v1,IT,G47_FOOD,2026-03-01,93.1,4,2026-07-01,92.86,91.9629,93.6311,91.1222,94.2945,FALSE,FALSE,may-2026,2026-07-16T08:41:25Z,92.4,2026-09-12,-0.46,0.46,0.4941,TRUE,TRUE,1.6682,3.1723,1.6682,3.1723,-0.7,0.7
2026-07-01,rw_v1,IT,G47_NFOOD_X_G473,2026-03-01,98.9,1,2026-04-01,98.9276,98.4123,99.3457,98.1032,99.684,FALSE,FALSE,may-2026,2026-07-16T08:41:25Z,98.8,2026-08-02,-0.1276,0.1276,0.129,TRUE,TRUE,0.9334,1.5808,0.9334,1.5808,-0.1,0.1
2026-07-01,rw_v1,IT,G47_NFOOD_X_G473,2026-03-01,98.9,2,2026-05-01,98.8422,98.4231,99.2524,97.8966,101.3236,FALSE,FALSE,may-2026,2026-07-16T08:41:25Z,98.9,2026-08-02,0.0578,0.0578,0.0584,TRUE,TRUE,0.8293,3.427,0.8293,3.427,0,0
2026-07-01,rw_v1,IT,G47_NFOOD_X_G473,2026-03-01,98.9,3,2026-06-01,98.9188,98.3073,99.3276,97.7309,104.0788,FALSE,FALSE,may-2026,2026-07-16T08:41:25Z,99,2026-09-12,0.0812,0.0812,0.0821,TRUE,TRUE,1.0203,6.3479,1.0203,6.3479,0.1,0.1
2026-07-01,rw_v1,IT,G47_NFOOD_X_G473,2026-03-01,98.9,4,2026-07-01,98.8165,98.0649,99.4328,97.0905,102.9894,FALSE,FALSE,may-2026,2026-07-16T08:41:25Z,98.5,2026-09-12,-0.3165,0.3165,0.32,TRUE,TRUE,1.3679,5.8989,1.3679,5.8989,-0.4,0.4
2026-07-01,rw_v1,IT,G474,2026-03-01,135.8,1,2026-04-01,136.4554,135.7302,137.0891,135.2146,137.7688,FALSE,FALSE,may-2026,2026-07-16T08:41:25Z,136.7,2026-08-02,0.2446,0.2446,0.1801,TRUE,TRUE,1.3589,2.5542,1.3589,2.5542,0.9,0.9
2026-07-01,rw_v1,IT,G474,2026-03-01,135.8,2,2026-05-01,136.9221,136.2312,137.9743,135.5382,138.9545,FALSE,FALSE,may-2026,2026-07-16T08:41:25Z,136.9,2026-08-02,-0.0221,0.0221,0.0163,TRUE,TRUE,1.7431,3.4163,1.7431,3.4163,1.1,1.1
2026-07-01,rw_v1,IT,G474,2026-03-01,135.8,3,2026-06-01,137.461,136.6299,138.9183,135.5148,140.3553,FALSE,FALSE,may-2026,2026-07-16T08:41:25Z,135.6,2026-09-12,-1.861,1.861,1.3704,FALSE,TRUE,2.2884,4.8405,6.408,4.8405,-0.2,0.2
2026-07-01,rw_v1,IT,G474,2026-03-01,135.8,4,2026-07-01,138.078,136.8316,140.2099,135.5439,141.5509,FALSE,FALSE,may-2026,2026-07-16T08:41:25Z,135.9,2026-09-12,-2.178,2.178,1.6038,FALSE,TRUE,3.3783,6.007,7.1047,6.007,0.1,0.1
2026-07-01,rw_v1,IT,G475,2026-03-01,93.2,1,2026-04-01,93.1783,92.8079,93.4801,92.3478,94.0834,FALSE,FALSE,may-2026,2026-07-16T08:41:25Z,93.1,2026-08-02,-0.0783,0.0783,0.084,TRUE,TRUE,0.6722,1.7356,0.6722,1.7356,-0.1,0.1
2026-07-01,rw_v1,IT,G475,2026-03-01,93.2,2,2026-05-01,93.1139,92.5082,93.5882,91.9087,95.7904,FALSE,FALSE,may-2026,2026-07-16T08:41:25Z,92.9,2026-08-02,-0.2139,0.2139,0.2295,TRUE,TRUE,1.08,3.8817,1.08,3.8817,-0.3,0.3
2026-07-01,rw_v1,IT,G475,2026-03-01,93.2,3,2026-06-01,93.1108,92.163,93.6335,91.2154,95.0128,FALSE,FALSE,may-2026,2026-07-16T08:41:25Z,93.2,2026-09-12,0.0892,0.0892,0.0957,TRUE,TRUE,1.4705,3.7974,1.4705,3.7974,0,0
2026-07-01,rw_v1,IT,G475,2026-03-01,93.2,4,2026-07-01,93.1343,91.9104,93.7224,90.3242,94.9475,FALSE,FALSE,may-2026,2026-07-16T08:41:25Z,92.9,2026-09-12,-0.2343,0.2343,0.2514,TRUE,TRUE,1.812,4.6233,1.812,4.6233,-0.3,0.3
2026-07-01,rw_v1,IT,G476,2026-03-01,97.1,1,2026-04-01,97.0032,96.2,97.7032,95.5638,98.4702,FALSE,FALSE,may-2026,2026-07-16T08:41:25Z,97.2,2026-08-02,0.1968,0.1968,0.2027,TRUE,TRUE,1.5032,2.9064,1.5032,2.9064,0.1,0.1
2026-07-01,rw_v1,IT,G476,2026-03-01,97.1,2,2026-05-01,96.8981,96.2846,97.6986,95.7018,98.3187,FALSE,FALSE,may-2026,2026-07-16T08:41:25Z,97.5,2026-08-02,0.6019,0.6019,0.6199,TRUE,TRUE,1.414,2.6169,1.414,2.6169,0.4,0.4
2026-07-01,rw_v1,IT,G476,2026-03-01,97.1,3,2026-06-01,96.8158,96.2014,97.5854,95.1391,98.3769,FALSE,FALSE,may-2026,2026-07-16T08:41:25Z,97.4,2026-09-12,0.5842,0.5842,0.6016,TRUE,TRUE,1.384,3.2378,1.384,3.2378,0.3,0.3
2026-07-01,rw_v1,IT,G476,2026-03-01,97.1,4,2026-07-01,96.6731,95.7935,97.5284,95.1478,98.5465,FALSE,FALSE,may-2026,2026-07-16T08:41:25Z,96.8,2026-09-12,0.1269,0.1269,0.1307,TRUE,TRUE,1.7349,3.3987,1.7349,3.3987,-0.3,0.3
2026-07-01,rw_v1,IT,G477,2026-03-01,95.9,1,2026-04-01,95.7721,95.5911,95.902,95.2113,96.2675,FALSE,FALSE,may-2026,2026-07-16T08:41:25Z,95.7,2026-08-02,-0.0721,0.0721,0.0752,TRUE,TRUE,0.3109,1.0562,0.3109,1.0562,-0.2,0.2
2026-07-01,rw_v1,IT,G477,2026-03-01,95.9,2,2026-05-01,95.6603,95.3775,95.8208,95.1103,96.5828,FALSE,FALSE,may-2026,2026-07-16T08:41:25Z,95.6,2026-08-02,-0.0603,0.0603,0.0629,TRUE,TRUE,0.4433,1.4725,0.4433,1.4725,-0.3,0.3
2026-07-01,rw_v1,IT,G477,2026-03-01,95.9,3,2026-06-01,95.5016,95.1899,95.7146,94.9092,100.4206,FALSE,FALSE,may-2026,2026-07-16T08:41:25Z,95.5,2026-09-12,-0.0016,0.0016,0.0017,TRUE,TRUE,0.5247,5.5114,0.5247,5.5114,-0.4,0.4
2026-07-01,rw_v1,IT,G477,2026-03-01,95.9,4,2026-07-01,95.3052,94.9694,95.6116,94.4919,96.6048,FALSE,FALSE,may-2026,2026-07-16T08:41:25Z,95.3,2026-09-12,-0.0052,0.0052,0.0054,TRUE,TRUE,0.6422,2.1129,0.6422,2.1129,-0.6,0.6
2026-07-01,rw_v1,IT,G479,2026-03-01,107,1,2026-04-01,107.3788,106.5281,108.148,105.5872,108.8832,FALSE,FALSE,may-2026,2026-07-16T08:41:25Z,107.8,2026-08-02,0.4212,0.4212,0.3936,TRUE,TRUE,1.6199,3.296,1.6199,3.296,0.8,0.8
2026-07-01,rw_v1,IT,G479,2026-03-01,107,2,2026-05-01,107.6039,106.6458,108.6923,105.7913,109.9321,FALSE,FALSE,may-2026,2026-07-16T08:41:25Z,108.6,2026-08-02,0.9961,0.9961,0.9309,TRUE,TRUE,2.0465,4.1408,2.0465,4.1408,1.6,1.6
2026-07-01,rw_v1,IT,G479,2026-03-01,107,3,2026-06-01,108.0146,106.7293,109.2325,105.6357,110.9934,FALSE,FALSE,may-2026,2026-07-16T08:41:25Z,111.2,2026-09-12,3.1854,3.1854,2.977,FALSE,FALSE,2.5032,5.3577,10.3732,7.4237,4.2,4.2
2026-07-01,rw_v1,IT,G479,2026-03-01,107,4,2026-07-01,108.2997,106.6896,109.9237,105.5417,112.0588,FALSE,FALSE,may-2026,2026-07-16T08:41:25Z,109.1,2026-09-12,0.8003,0.8003,0.7479,TRUE,TRUE,3.2341,6.5171,3.2341,6.5171,2.1,2.1
2026-07-01,rw_v1,LT,G47_FOOD,2026-03-01,96.3,1,2026-04-01,96.3015,95.6848,96.8995,94.3888,97.7166,FALSE,FALSE,may-2026,2026-07-16T08:41:25Z,96.7,2026-08-02,0.3985,0.3985,0.4138,TRUE,TRUE,1.2147,3.3278,1.2147,3.3278,0.4,0.4
2026-07-01,rw_v1,LT,G47_FOOD,2026-03-01,96.3,2,2026-05-01,96.4015,95.3328,97.0041,94.0867,98.4099,FALSE,FALSE,may-2026,2026-07-16T08:41:25Z,97.6,2026-08-02,1.1985,1.1985,1.2445,FALSE,TRUE,1.6713,4.3232,4.0549,4.3232,1.3,1.3
2026-07-01,rw_v1,LT,G47_FOOD,2026-03-01,96.3,3,2026-06-01,96.4653,95.2092,97.2234,93.6551,99.6422,FALSE,FALSE,may-2026,2026-07-16T08:41:25Z,98.2,2026-08-02,1.7347,1.7347,1.8013,FALSE,TRUE,2.0142,5.9871,5.9206,5.9871,1.9,1.9
2026-07-01,rw_v1,LT,G47_FOOD,2026-03-01,96.3,4,2026-07-01,96.477,94.6248,97.4867,93.3496,99.5792,FALSE,FALSE,may-2026,2026-07-16T08:41:25Z,97.9,2026-09-12,1.423,1.423,1.4777,FALSE,TRUE,2.8619,6.2296,4.5151,6.2296,1.6,1.6
2026-07-01,rw_v1,LT,G47_NFOOD_X_G473,2026-03-01,129.6,1,2026-04-01,130.3472,129.1609,131.2993,126.9966,132.558,FALSE,FALSE,may-2026,2026-07-16T08:41:25Z,138,2026-08-02,7.6528,7.6528,5.9049,FALSE,FALSE,2.1384,5.5614,28.9412,59.9814,8.4,8.4
2026-07-01,rw_v1,LT,G47_NFOOD_X_G473,2026-03-01,129.6,2,2026-05-01,130.5902,129.2244,132.433,127.4299,134.4635,FALSE,FALSE,may-2026,2026-07-16T08:41:25Z,136,2026-08-02,5.4098,5.4098,4.1742,FALSE,FALSE,3.2086,7.0336,17.4766,22.3986,6.4,6.4
2026-07-01,rw_v1,LT,G47_NFOOD_X_G473,2026-03-01,129.6,3,2026-06-01,131.2826,129.1345,133.3294,127.588,135.6173,FALSE,FALSE,may-2026,2026-07-16T08:41:25Z,137.2,2026-08-02,5.9174,5.9174,4.5659,FALSE,FALSE,4.1949,8.0293,19.6773,23.8563,7.6,7.6
2026-07-01,rw_v1,LT,G47_NFOOD_X_G473,2026-03-01,129.6,4,2026-07-01,131.8117,129.5315,133.9404,126.8583,137.0579,FALSE,FALSE,may-2026,2026-07-16T08:41:25Z,137.6,2026-09-12,5.7883,5.7883,4.4663,FALSE,FALSE,4.4089,10.1996,19.0473,15.6206,8,8
2026-07-01,rw_v1,LT,G474,2026-03-01,71.3,1,2026-04-01,71.707,69.294,74.2818,64.7187,75.9071,FALSE,TRUE,may-2026,2026-07-16T08:41:26Z,78.2,2026-08-02,6.493,6.493,9.1066,FALSE,FALSE,4.9878,11.1884,20.6606,34.1174,6.9,6.9
2026-07-01,rw_v1,LT,G474,2026-03-01,71.3,2,2026-05-01,71.3762,66.9307,74.2689,62.0725,79.2222,FALSE,TRUE,may-2026,2026-07-16T08:41:26Z,77.1,2026-08-02,5.7238,5.7238,8.0278,FALSE,TRUE,7.3382,17.1497,18.6626,17.1497,5.8,5.8
2026-07-01,rw_v1,LT,G474,2026-03-01,71.3,3,2026-06-01,71.3993,65.7159,74.3974,59.7248,81.4365,FALSE,TRUE,may-2026,2026-07-16T08:41:26Z,77.6,2026-09-12,6.2007,6.2007,8.6966,FALSE,TRUE,8.6815,21.7117,21.4919,21.7117,6.3,6.3
2026-07-01,rw_v1,LT,G474,2026-03-01,71.3,4,2026-07-01,71.103,64.6233,74.7517,60.8357,77.3575,FALSE,TRUE,may-2026,2026-07-16T08:41:26Z,76.8,2026-10-07,5.697,5.697,7.9902,FALSE,TRUE,10.1284,16.5218,18.3216,16.5218,5.5,5.5
2026-07-01,rw_v1,LT,G475,2026-03-01,112.6,1,2026-04-01,112.6585,111.3079,114.3482,109.0336,116.0891,FALSE,FALSE,may-2026,2026-07-16T08:41:26Z,123.8,2026-08-02,11.1415,11.1415,9.8948,FALSE,FALSE,3.0403,7.0555,40.8475,84.1645,11.2,11.2
2026-07-01,rw_v1,LT,G475,2026-03-01,112.6,2,2026-05-01,112.9145,110.9454,115.3243,107.3887,119.0594,FALSE,FALSE,may-2026,2026-07-16T08:41:26Z,121.3,2026-08-02,8.3855,8.3855,7.4472,FALSE,FALSE,4.3789,11.6707,28.2817,34.0767,8.7,8.7
2026-07-01,rw_v1,LT,G475,2026-03-01,112.6,3,2026-06-01,112.9501,110.0057,115.5516,106.3135,120.0408,FALSE,FALSE,may-2026,2026-07-16T08:41:26Z,122.5,2026-09-12,9.5499,9.5499,8.4813,FALSE,FALSE,5.5459,13.7273,33.3395,38.3193,9.9,9.9
2026-07-01,rw_v1,LT,G475,2026-03-01,112.6,4,2026-07-01,113.006,109.6583,116.0057,106.51220000000001,121.7408,FALSE,FALSE,may-2026,2026-07-16T08:41:26Z,122.7,2026-10-07,9.694,9.694,8.6092,FALSE,FALSE,6.3474,15.2286,33.1246,24.8206,10.1,10.1
2026-07-01,rw_v1,LT,G476,2026-03-01,105.2,1,2026-04-01,105.1445,102.1876,107.8193,99.7757,113.1133,FALSE,TRUE,may-2026,2026-07-16T08:41:26Z,104.3,2026-08-02,-0.8445,0.8445,0.8028,TRUE,TRUE,5.6317,13.3376,5.6317,13.3376,-0.9,0.9
2026-07-01,rw_v1,LT,G476,2026-03-01,105.2,2,2026-05-01,105.7041,101.291,109.3921,98.2523,116.1626,FALSE,TRUE,may-2026,2026-07-16T08:41:26Z,100.8,2026-08-02,-4.9041,4.9041,4.6617,FALSE,TRUE,8.1011,17.9103,10.0651,17.9103,-4.4,4.4
2026-07-01,rw_v1,LT,G476,2026-03-01,105.2,3,2026-06-01,105.2804,99.5359,110.0039,95.7787,120.5681,FALSE,TRUE,may-2026,2026-07-16T08:41:26Z,104.3,2026-09-12,-0.9804,0.9804,0.9319,TRUE,TRUE,10.468,24.7894,10.468,24.7894,-0.9,0.9
2026-07-01,rw_v1,LT,G476,2026-03-01,105.2,4,2026-07-01,105.6842,97.5814,110.5126,94.0138,123.6259,FALSE,TRUE,may-2026,2026-07-16T08:41:26Z,104.3,2026-10-07,-1.3842,1.3842,1.3158,TRUE,TRUE,12.9312,29.6121,12.9312,29.6121,-0.9,0.9
2026-07-01,rw_v1,LT,G477,2026-03-01,135.2,1,2026-04-01,136.5448,133.5169,138.0988,131.3858,140.4815,FALSE,FALSE,may-2026,2026-07-16T08:41:26Z,138.9,2026-08-02,2.3552,2.3552,1.742,FALSE,TRUE,4.5819,9.0957,7.7867,9.0957,3.7,3.7
2026-07-01,rw_v1,LT,G477,2026-03-01,135.2,2,2026-05-01,136.8711,133.9577,138.6573,130.9564,142.8625,FALSE,FALSE,may-2026,2026-07-16T08:41:26Z,138.7,2026-08-02,1.8289,1.8289,1.3527,FALSE,TRUE,4.6996,11.9061,4.8704,11.9061,3.5,3.5
2026-07-01,rw_v1,LT,G477,2026-03-01,135.2,3,2026-06-01,136.6059,134.1365,139.1988,131.2682,146.1579,FALSE,FALSE,may-2026,2026-07-16T08:41:26Z,141,2026-09-12,4.3941,4.3941,3.2501,FALSE,TRUE,5.0623,14.8897,12.2671,14.8897,5.8,5.8
2026-07-01,rw_v1,LT,G477,2026-03-01,135.2,4,2026-07-01,137.2085,133.5591,140.4185,131.7972,148.789,FALSE,FALSE,may-2026,2026-07-16T08:41:26Z,141.7,2026-10-07,4.4915,4.4915,3.3221,FALSE,TRUE,6.8594,16.9918,11.9854,16.9918,6.5,6.5
2026-07-01,rw_v1,LT,G479,2026-03-01,159.8,1,2026-04-01,160.6306,158.0375,163.3159,156.531,167.1729,FALSE,TRUE,may-2026,2026-07-16T08:41:26Z,173.5,2026-08-02,12.8694,12.8694,8.0534,FALSE,FALSE,5.2784,10.6419,46.0148,73.9129,13.7,13.7
2026-07-01,rw_v1,LT,G479,2026-03-01,159.8,2,2026-05-01,161.5589,159.0196,165.6685,153.9656,171.7847,FALSE,TRUE,may-2026,2026-07-16T08:41:26Z,168.3,2026-08-02,6.7411,6.7411,4.2185,FALSE,TRUE,6.6489,17.8191,17.1749,17.8191,8.5,8.5
2026-07-01,rw_v1,LT,G479,2026-03-01,159.8,3,2026-06-01,163.2589,158.5567,169.1851,153.7216,178.2089,FALSE,TRUE,may-2026,2026-07-16T08:41:26Z,170.8,2026-09-12,7.5411,7.5411,4.7191,FALSE,TRUE,10.6284,24.4873,17.088,24.4873,11,11
2026-07-01,rw_v1,LT,G479,2026-03-01,159.8,4,2026-07-01,164.9833,158.7627,171.1378,154.6809,181.8533,FALSE,TRUE,may-2026,2026-07-16T08:41:26Z,163.3,2026-10-07,-1.6833,1.6833,1.0534,TRUE,TRUE,12.3751,27.1724,12.3751,27.1724,3.5,3.5
2026-07-01,rw_v1,LU,G47_FOOD,2026-03-01,100.6,1,2026-04-01,100.7626,99.233,102.6369,97.2411,104.9457,FALSE,FALSE,may-2026,2026-07-16T08:41:26Z,99.5,2026-08-02,-1.2626,1.2626,1.2551,TRUE,TRUE,3.4039,7.7046,3.4039,7.7046,-1.1,1.1
2026-07-01,rw_v1,LU,G47_FOOD,2026-03-01,100.6,2,2026-05-01,101.0023,98.6108,102.7014,96.0272,105.7014,FALSE,FALSE,may-2026,2026-07-16T08:41:26Z,103.6,2026-08-02,2.5977,2.5977,2.5822,FALSE,TRUE,4.0906,9.6742,7.685,9.6742,3,3
2026-07-01,rw_v1,LU,G47_FOOD,2026-03-01,100.6,3,2026-06-01,100.8513,99.2152,102.8832,96.3489,105.999,FALSE,FALSE,may-2026,2026-07-16T08:41:26Z,102.6,2026-08-02,1.7487,1.7487,1.7383,TRUE,TRUE,3.668,9.6501,3.668,9.6501,2,2
2026-07-01,rw_v1,LU,G47_FOOD,2026-03-01,100.6,4,2026-07-01,101.136,98.7281,103.3705,96.3075,107.0408,FALSE,FALSE,may-2026,2026-07-16T08:41:26Z,101.7,2026-09-12,0.564,0.564,0.5606,TRUE,TRUE,4.6424,10.7333,4.6424,10.7333,1.1,1.1
2026-07-01,rw_v1,LU,G47_NFOOD_X_G473,2026-03-01,190.6,1,2026-04-01,195.2174,191.4372,199.1096,186.8061,204.1848,FALSE,TRUE,may-2026,2026-07-16T08:41:26Z,191.9,2026-08-02,-3.3174,3.3174,1.7405,TRUE,TRUE,7.6724,17.3787,7.6724,17.3787,1.3,1.3
2026-07-01,rw_v1,LU,G47_NFOOD_X_G473,2026-03-01,190.6,2,2026-05-01,199.7572,192.8559,206.6457,188.3029,213.3391,FALSE,TRUE,may-2026,2026-07-16T08:41:26Z,194.3,2026-08-02,-5.4572,5.4572,2.8632,TRUE,TRUE,13.7898,25.0362,13.7898,25.0362,3.7,3.7
2026-07-01,rw_v1,LU,G47_NFOOD_X_G473,2026-03-01,190.6,3,2026-06-01,203.3216,197.2519,211.5558,192.2259,221.5142,FALSE,TRUE,may-2026,2026-07-16T08:41:26Z,193.9,2026-08-02,-9.4216,9.4216,4.9431,FALSE,TRUE,14.3039,29.2883,27.7115,29.2883,3.3,3.3
2026-07-01,rw_v1,LU,G47_NFOOD_X_G473,2026-03-01,190.6,4,2026-07-01,207.9913,199.4266,216.2024,194.0637,229.3053,FALSE,TRUE,may-2026,2026-07-16T08:41:26Z,191,2026-09-12,-16.9913,16.9913,8.9146,FALSE,FALSE,16.7758,35.2416,50.4822,65.8786,0.4,0.4
2026-07-01,rw_v1,LV,G47_FOOD,2026-03-01,91.4,1,2026-04-01,91.2752,90.2941,92.301,89.6524,93.5267,FALSE,FALSE,may-2026,2026-07-16T08:41:26Z,92.6,2026-08-02,1.3248,1.3248,1.4495,FALSE,TRUE,2.0069,3.8743,3.2029,3.8743,1.2,1.2
2026-07-01,rw_v1,LV,G47_FOOD,2026-03-01,91.4,2,2026-05-01,91.1271,90.1738,92.4043,89.0564,93.7143,FALSE,FALSE,may-2026,2026-07-16T08:41:26Z,92.7,2026-08-02,1.5729,1.5729,1.7209,FALSE,TRUE,2.2305,4.6579,3.4133,4.6579,1.3,1.3
2026-07-01,rw_v1,LV,G47_FOOD,2026-03-01,91.4,3,2026-06-01,91.0795,89.9374,92.2903,88.7642,93.8226,FALSE,FALSE,may-2026,2026-07-16T08:41:26Z,93.6,2026-08-02,2.5205,2.5205,2.7577,FALSE,TRUE,2.3529,5.0584,7.5917,5.0584,2.2,2.2
2026-07-01,rw_v1,LV,G47_FOOD,2026-03-01,91.4,4,2026-07-01,90.9394,89.6775,92.7969,88.0615,93.8285,FALSE,FALSE,may-2026,2026-07-16T08:41:26Z,93.7,2026-09-12,2.7606,2.7606,3.0204,FALSE,TRUE,3.1194,5.767,6.7318,5.767,2.3,2.3
2026-07-01,rw_v1,LV,G47_NFOOD_X_G473,2026-03-01,118.3,1,2026-04-01,118.2835,117.3442,120.0092,115.8447,122.1117,FALSE,FALSE,may-2026,2026-07-16T08:41:26Z,117.5,2026-08-02,-0.7835,0.7835,0.6623,TRUE,TRUE,2.665,6.267,2.665,6.267,-0.8,0.8
2026-07-01,rw_v1,LV,G47_NFOOD_X_G473,2026-03-01,118.3,2,2026-05-01,119.0533,117.1879,120.3794,115.1564,122.7132,FALSE,FALSE,may-2026,2026-07-16T08:41:26Z,118.4,2026-08-02,-0.6533,0.6533,0.5522,TRUE,TRUE,3.1915,7.5568,3.1915,7.5568,0.1,0.1
2026-07-01,rw_v1,LV,G47_NFOOD_X_G473,2026-03-01,118.3,3,2026-06-01,119.3578,116.79,121.3697,114.8548,123.1287,FALSE,FALSE,may-2026,2026-07-16T08:41:26Z,119,2026-08-02,-0.3578,0.3578,0.3025,TRUE,TRUE,4.5797,8.2739,4.5797,8.2739,0.7,0.7
2026-07-01,rw_v1,LV,G47_NFOOD_X_G473,2026-03-01,118.3,4,2026-07-01,119.3483,116.9276,121.4613,113.4158,123.9543,FALSE,FALSE,may-2026,2026-07-16T08:41:26Z,123.8,2026-09-12,4.4517,4.4517,3.7631,FALSE,TRUE,4.5337,10.5385,13.8885,10.5385,5.5,5.5
2026-07-01,rw_v1,ME,G47_FOOD,2026-03-01,124.5,1,2026-04-01,125.2286,122.9077,127.1045,120.3616,129.5059,FALSE,FALSE,may-2026,2026-07-16T08:41:26Z,123.6,2026-08-02,-1.6286,1.6286,1.3081,TRUE,TRUE,4.1968,9.1443,4.1968,9.1443,-0.9,0.9
2026-07-01,rw_v1,ME,G47_FOOD,2026-03-01,124.5,2,2026-05-01,125.9205,123.3456,127.7927,118.5694,131.9164,FALSE,FALSE,may-2026,2026-07-16T08:41:26Z,123.3,2026-08-02,-2.6205,2.6205,2.1048,FALSE,TRUE,4.4471,13.347,4.6295,13.347,-1.2,1.2
2026-07-01,rw_v1,ME,G47_FOOD,2026-03-01,124.5,3,2026-06-01,126.4074,123.4671,128.905,119.5425,134.253,FALSE,FALSE,may-2026,2026-07-16T08:41:26Z,127.4,2026-08-02,0.9926,0.9926,0.7973,TRUE,TRUE,5.4379,14.7105,5.4379,14.7105,2.9,2.9
2026-07-01,rw_v1,ME,G47_FOOD,2026-03-01,124.5,4,2026-07-01,126.996,124.77,129.7049,120.8431,133.7139,FALSE,FALSE,may-2026,2026-07-16T08:41:26Z,126.8,2026-09-12,-0.196,0.196,0.1574,TRUE,TRUE,4.9349,12.8708,4.9349,12.8708,2.3,2.3
2026-07-01,rw_v1,ME,G47_NFOOD_X_G473,2026-03-01,163,1,2026-04-01,164.1503,161.7337,166.2417,158.8257,170.2798,FALSE,FALSE,may-2026,2026-07-16T08:41:26Z,163.2,2026-08-02,-0.9503,0.9503,0.583,TRUE,TRUE,4.508,11.4541,4.508,11.4541,0.2,0.2
2026-07-01,rw_v1,ME,G47_NFOOD_X_G473,2026-03-01,163,2,2026-05-01,164.7353,162.0789,167.1463,158.8348,171.9507,FALSE,FALSE,may-2026,2026-07-16T08:41:26Z,164,2026-08-02,-0.7353,0.7353,0.4511,TRUE,TRUE,5.0674,13.1159,5.0674,13.1159,1,1
2026-07-01,rw_v1,ME,G47_NFOOD_X_G473,2026-03-01,163,3,2026-06-01,165.4554,162.846,168.5365,159.4729,173.3745,FALSE,FALSE,may-2026,2026-07-16T08:41:26Z,165.5,2026-08-02,0.0446,0.0446,0.0274,TRUE,TRUE,5.6905,13.9016,5.6905,13.9016,2.5,2.5
2026-07-01,rw_v1,ME,G47_NFOOD_X_G473,2026-03-01,163,4,2026-07-01,166.1697,162.3845,171.5656,159.6701,175.0955,FALSE,FALSE,may-2026,2026-07-16T08:41:26Z,161.8,2026-09-12,-4.3697,4.3697,2.6808,FALSE,TRUE,9.1811,15.4254,11.5191,15.4254,-1.2,1.2
2026-07-01,rw_v1,MK,G47_FOOD,2026-02-01,105.7,1,2026-03-01,106.2851,103.5952,108.2456,101.605,110.3553,FALSE,FALSE,may-2026,2026-07-16T08:41:26Z,104.7,2026-08-02,-1.5851,1.5851,1.4996,TRUE,TRUE,4.6504,8.7503,4.6504,8.7503,-1,1
2026-07-01,rw_v1,MK,G47_FOOD,2026-02-01,105.7,2,2026-04-01,106.0877,103.4716,108.539,100.5458,110.9888,FALSE,FALSE,may-2026,2026-07-16T08:41:26Z,105.6,2026-08-02,-0.4877,0.4877,0.4614,TRUE,TRUE,5.0674,10.443,5.0674,10.443,-0.1,0.1
2026-07-01,rw_v1,MK,G47_FOOD,2026-02-01,105.7,3,2026-05-01,105.833,103.9309,107.9525,100.3654,111.4053,FALSE,FALSE,may-2026,2026-07-16T08:41:26Z,102.9,2026-08-02,-2.933,2.933,2.7748,FALSE,TRUE,4.0216,11.0399,8.1452,11.0399,-2.8,2.8
2026-07-01,rw_v1,MK,G47_FOOD,2026-02-01,105.7,4,2026-06-01,105.9967,103.6112,108.7557,100.1105,111.1676,FALSE,FALSE,may-2026,2026-07-16T08:41:26Z,100.2,2026-09-12,-5.7967,5.7967,5.4841,FALSE,TRUE,5.1445,11.0571,18.7893,11.0571,-5.5,5.5
2026-07-01,rw_v1,MK,G47_FOOD,2026-02-01,105.7,5,2026-07-01,106.421,103.0972,108.6853,99.945,112.5964,FALSE,FALSE,may-2026,2026-07-16T08:41:26Z,98.1,2026-10-07,-8.321,8.321,7.8723,FALSE,FALSE,5.5881,12.6514,25.5769,31.1014,-7.6,7.6
2026-07-01,rw_v1,MK,G47_NFOOD_X_G473,2026-02-01,107,1,2026-03-01,107.5116,104.8675,110.0181,101.8479,112.5307,FALSE,TRUE,may-2026,2026-07-16T08:41:26Z,108.6,2026-08-02,1.0884,1.0884,1.0172,TRUE,TRUE,5.1506,10.6828,5.1506,10.6828,1.6,1.6
2026-07-01,rw_v1,MK,G47_NFOOD_X_G473,2026-02-01,107,2,2026-04-01,107.3762,104.9823,110.6856,102.4394,114.5059,FALSE,TRUE,may-2026,2026-07-16T08:41:26Z,106.4,2026-08-02,-0.9762,0.9762,0.9123,TRUE,TRUE,5.7033,12.0665,5.7033,12.0665,-0.6,0.6
2026-07-01,rw_v1,MK,G47_NFOOD_X_G473,2026-02-01,107,3,2026-05-01,107.866,104.3142,110.328,100.4743,115.6525,FALSE,TRUE,may-2026,2026-07-16T08:41:26Z,106,2026-08-02,-1.866,1.866,1.7439,TRUE,TRUE,6.0138,15.1782,6.0138,15.1782,-1,1
2026-07-01,rw_v1,MK,G47_NFOOD_X_G473,2026-02-01,107,4,2026-06-01,107.6586,104.2336,112.0338,101.3832,118.62,FALSE,TRUE,may-2026,2026-07-16T08:41:26Z,103.4,2026-09-12,-4.2586,4.2586,3.98,FALSE,TRUE,7.8002,17.2368,11.1346,17.2368,-3.6,3.6
2026-07-01,rw_v1,MK,G47_NFOOD_X_G473,2026-02-01,107,5,2026-07-01,108.8695,104.9292,112.8561,100.73,119.1423,FALSE,TRUE,may-2026,2026-07-16T08:41:26Z,104.3,2026-10-07,-4.5695,4.5695,4.2706,FALSE,TRUE,7.9269,18.4123,10.4437,18.4123,-2.7,2.7
2026-07-01,rw_v1,MT,G47_FOOD,2026-03-01,125.9,1,2026-04-01,126.608,125.0205,127.9194,123.9342,129.0882,FALSE,FALSE,may-2026,2026-07-16T08:41:26Z,124.7,2026-08-02,-1.908,1.908,1.5155,FALSE,TRUE,2.8989,5.154,4.1809,5.154,-1.2,1.2
2026-07-01,rw_v1,MT,G47_FOOD,2026-03-01,125.9,2,2026-05-01,127.1571,125.3591,128.8654,123.5922,130.5663,FALSE,FALSE,may-2026,2026-07-16T08:41:26Z,128,2026-08-02,0.8429,0.8429,0.6695,TRUE,TRUE,3.5063,6.9741,3.5063,6.9741,2.1,2.1
2026-07-01,rw_v1,MT,G47_FOOD,2026-03-01,125.9,3,2026-06-01,127.8644,125.4427,129.8714,123.6622,131.4175,FALSE,FALSE,may-2026,2026-07-16T08:41:26Z,127.8,2026-08-02,-0.0644,0.0644,0.0512,TRUE,TRUE,4.4287,7.7553,4.4287,7.7553,1.9,1.9
2026-07-01,rw_v1,MT,G47_FOOD,2026-03-01,125.9,4,2026-07-01,128.0277,125.9056,130.6677,123.7809,132.3793,FALSE,FALSE,may-2026,2026-07-16T08:41:26Z,128.6,2026-09-12,0.5723,0.5723,0.4546,TRUE,TRUE,4.7621,8.5984,4.7621,8.5984,2.7,2.7
2026-07-01,rw_v1,MT,G47_NFOOD_X_G473,2026-03-01,124.6,1,2026-04-01,124.9448,123.3538,127.151,121.4582,129.15,FALSE,FALSE,may-2026,2026-07-16T08:41:26Z,128.7,2026-08-02,3.7552,3.7552,3.0138,FALSE,TRUE,3.7972,7.6918,9.9932,7.6918,4.1,4.1
2026-07-01,rw_v1,MT,G47_NFOOD_X_G473,2026-03-01,124.6,2,2026-05-01,125.4548,123.7526,127.6652,121.7769,130.4151,FALSE,FALSE,may-2026,2026-07-16T08:41:26Z,129.3,2026-08-02,3.8452,3.8452,3.086,FALSE,TRUE,3.9126,8.6382,10.4518,8.6382,4.7,4.7
2026-07-01,rw_v1,MT,G47_NFOOD_X_G473,2026-03-01,124.6,3,2026-06-01,125.8358,123.9601,128.5485,122.4183,130.6446,FALSE,FALSE,may-2026,2026-07-16T08:41:26Z,128.7,2026-08-02,2.8642,2.8642,2.2987,FALSE,TRUE,4.5884,8.2263,5.1944,8.2263,4.1,4.1
2026-07-01,rw_v1,MT,G47_NFOOD_X_G473,2026-03-01,124.6,4,2026-07-01,126.5878,123.8577,128.7402,121.9777,131.7037,FALSE,FALSE,may-2026,2026-07-16T08:41:26Z,130.8,2026-09-12,4.2122,4.2122,3.3806,FALSE,TRUE,4.8825,9.726,13.1217,9.726,6.2,6.2
2026-07-01,rw_v1,NL,G47_FOOD,2026-03-01,88.9,1,2026-04-01,88.6165,88.008,89.4768,87.271,90.2393,FALSE,FALSE,may-2026,2026-07-16T08:41:26Z,89.2,2026-08-02,0.5835,0.5835,0.6564,TRUE,TRUE,1.4688,2.9683,1.4688,2.9683,0.3,0.3
2026-07-01,rw_v1,NL,G47_FOOD,2026-03-01,88.9,2,2026-05-01,88.6083,87.7879,89.4182,86.805,90.3526,FALSE,FALSE,may-2026,2026-07-16T08:41:26Z,89.1,2026-08-02,0.4917,0.4917,0.5531,TRUE,TRUE,1.6303,3.5476,1.6303,3.5476,0.2,0.2
2026-07-01,rw_v1,NL,G47_FOOD,2026-03-01,88.9,3,2026-06-01,88.4985,87.6617,89.6096,86.4882,90.7253,FALSE,FALSE,may-2026,2026-07-16T08:41:26Z,90,2026-08-02,1.5015,1.5015,1.689,FALSE,TRUE,1.9479,4.2371,3.5095,4.2371,1.1,1.1
2026-07-01,rw_v1,NL,G47_FOOD,2026-03-01,88.9,4,2026-07-01,88.5084,87.0756,89.4634,86.0787,91.0251,FALSE,FALSE,may-2026,2026-07-16T08:41:26Z,89.3,2026-09-12,0.7916,0.7916,0.8904,TRUE,TRUE,2.3878,4.9464,2.3878,4.9464,0.4,0.4
2026-07-01,rw_v1,NL,G47_NFOOD_X_G473,2026-03-01,112.9,1,2026-04-01,113.0816,112.1685,114.3811,110.6751,115.3703,FALSE,FALSE,may-2026,2026-07-16T08:41:26Z,112.6,2026-08-02,-0.4816,0.4816,0.4266,TRUE,TRUE,2.2126,4.6952,2.2126,4.6952,-0.3,0.3
2026-07-01,rw_v1,NL,G47_NFOOD_X_G473,2026-03-01,112.9,2,2026-05-01,113.2101,112.3131,114.3474,111.2753,116.2783,FALSE,FALSE,may-2026,2026-07-16T08:41:26Z,112.6,2026-08-02,-0.6101,0.6101,0.5404,TRUE,TRUE,2.0343,5.003,2.0343,5.003,-0.3,0.3
2026-07-01,rw_v1,NL,G47_NFOOD_X_G473,2026-03-01,112.9,3,2026-06-01,113.7137,112.1836,114.7404,110.3705,116.3279,FALSE,FALSE,may-2026,2026-07-16T08:41:26Z,112.7,2026-08-02,-1.0137,1.0137,0.8979,TRUE,TRUE,2.5568,5.9574,2.5568,5.9574,-0.2,0.2
2026-07-01,rw_v1,NL,G47_NFOOD_X_G473,2026-03-01,112.9,4,2026-07-01,113.8411,112.2873,114.9691,109.6645,117.6652,FALSE,FALSE,may-2026,2026-07-16T08:41:26Z,112.9,2026-09-12,-0.9411,0.9411,0.8336,TRUE,TRUE,2.6818,8.0007,2.6818,8.0007,0,0
2026-07-01,rw_v1,NL,G474,2026-03-01,103.8,1,2026-04-01,104.3674,101.4644,106.7902,98.2157,110.4492,FALSE,TRUE,may-2026,2026-07-16T08:41:26Z,104.4,2026-08-02,0.0326,0.0326,0.0314,TRUE,TRUE,5.3258,12.2335,5.3258,12.2335,0.6,0.6
2026-07-01,rw_v1,NL,G474,2026-03-01,103.8,2,2026-05-01,104.2094,101.3788,106.9231,98.4629,110.0659,FALSE,TRUE,may-2026,2026-07-16T08:41:26Z,101.6,2026-08-02,-2.6094,2.6094,2.5139,TRUE,TRUE,5.5443,11.603,5.5443,11.603,-2.2,2.2
2026-07-01,rw_v1,NL,G474,2026-03-01,103.8,3,2026-06-01,104.3614,101.3039,107.9893,95.5907,112.1008,FALSE,TRUE,may-2026,2026-07-16T08:41:26Z,109.7,2026-08-02,5.3386,5.3386,5.1432,FALSE,TRUE,6.6854,16.5101,13.5282,16.5101,5.9,5.9
2026-07-01,rw_v1,NL,G474,2026-03-01,103.8,4,2026-07-01,104.2766,101.3277,108.1045,94.8369,113.4219,FALSE,TRUE,may-2026,2026-07-16T08:41:26Z,108,2026-09-12,3.7234,3.7234,3.5871,TRUE,TRUE,6.7768,18.585,6.7768,18.585,4.2,4.2
2026-07-01,rw_v1,NL,G475,2026-03-01,95.6,1,2026-04-01,95.6401,94.1073,96.7673,92.9424,99.1453,FALSE,FALSE,may-2026,2026-07-16T08:41:26Z,95.2,2026-08-02,-0.4401,0.4401,0.4604,TRUE,TRUE,2.66,6.2029,2.66,6.2029,-0.4,0.4
2026-07-01,rw_v1,NL,G475,2026-03-01,95.6,2,2026-05-01,95.4973,93.8134,96.918,92.0325,100.0161,FALSE,FALSE,may-2026,2026-07-16T08:41:26Z,94.1,2026-08-02,-1.3973,1.3973,1.4616,TRUE,TRUE,3.1046,7.9836,3.1046,7.9836,-1.5,1.5
2026-07-01,rw_v1,NL,G475,2026-03-01,95.6,3,2026-06-01,95.7432,94.2178,97.2319,91.0255,100.8199,FALSE,FALSE,may-2026,2026-07-16T08:41:26Z,93.4,2026-08-02,-2.3432,2.3432,2.451,FALSE,TRUE,3.0141,9.7944,6.2853,9.7944,-2.2,2.2
2026-07-01,rw_v1,NL,G475,2026-03-01,95.6,4,2026-07-01,95.5884,93.7925,97.1775,90.148,101.2491,FALSE,FALSE,may-2026,2026-07-16T08:41:26Z,94.2,2026-09-12,-1.3884,1.3884,1.4523,TRUE,TRUE,3.385,11.1011,3.385,11.1011,-1.4,1.4
2026-07-01,rw_v1,NL,G476,2026-03-01,113.6,1,2026-04-01,113.3735,111.7151,115.7877,110.1124,118.1886,FALSE,FALSE,may-2026,2026-07-16T08:41:26Z,118.2,2026-08-02,4.8265,4.8265,4.2487,FALSE,FALSE,4.0726,8.0762,13.7218,8.1902,4.6,4.6
2026-07-01,rw_v1,NL,G476,2026-03-01,113.6,2,2026-05-01,113.573,111.7549,116,108.1325,119.8934,FALSE,FALSE,may-2026,2026-07-16T08:41:26Z,115.4,2026-08-02,1.827,1.827,1.6083,TRUE,TRUE,4.2451,11.7609,4.2451,11.7609,1.8,1.8
2026-07-01,rw_v1,NL,G476,2026-03-01,113.6,3,2026-06-01,113.5098,111.1036,116.7696,106.5258,120.0284,FALSE,FALSE,may-2026,2026-07-16T08:41:26Z,112,2026-08-02,-1.5098,1.5098,1.329,TRUE,TRUE,5.666,13.5026,5.666,13.5026,-1.6,1.6
2026-07-01,rw_v1,NL,G476,2026-03-01,113.6,4,2026-07-01,113.9494,110.2148,117.229,106.6505,121.1866,FALSE,FALSE,may-2026,2026-07-16T08:41:26Z,115.7,2026-09-12,1.7506,1.7506,1.541,TRUE,TRUE,7.0142,14.5361,7.0142,14.5361,2.1,2.1
2026-07-01,rw_v1,NL,G477,2026-03-01,116.6,1,2026-04-01,116.6674,115.1421,119.1302,112.8164,120.8019,FALSE,FALSE,may-2026,2026-07-16T08:41:26Z,115.2,2026-08-02,-1.4674,1.4674,1.2585,TRUE,TRUE,3.9881,7.9855,3.9881,7.9855,-1.4,1.4
2026-07-01,rw_v1,NL,G477,2026-03-01,116.6,2,2026-05-01,116.6703,115.236,119.2056,112.4969,121.3378,FALSE,FALSE,may-2026,2026-07-16T08:41:26Z,114.7,2026-08-02,-1.9703,1.9703,1.6898,FALSE,TRUE,3.9696,8.8409,6.1136,8.8409,-1.9,1.9
2026-07-01,rw_v1,NL,G477,2026-03-01,116.6,3,2026-06-01,117.2154,114.4966,118.8915,111.3926,123.2771,FALSE,FALSE,may-2026,2026-07-16T08:41:26Z,114.3,2026-08-02,-2.9154,2.9154,2.5003,FALSE,TRUE,4.3949,11.8845,5.1813,11.8845,-2.3,2.3
2026-07-01,rw_v1,NL,G477,2026-03-01,116.6,4,2026-07-01,116.8251,114.6364,119.3611,110.7224,123.1701,FALSE,FALSE,may-2026,2026-07-16T08:41:26Z,116.9,2026-09-12,0.0749,0.0749,0.0642,TRUE,TRUE,4.7247,12.4477,4.7247,12.4477,0.3,0.3
2026-07-01,rw_v1,NL,G479,2026-03-01,116.8,1,2026-04-01,117.1514,115.8881,118.5725,114.9531,120.0261,FALSE,FALSE,may-2026,2026-07-16T08:41:26Z,117,2026-08-02,-0.1514,0.1514,0.1296,TRUE,TRUE,2.6844,5.073,2.6844,5.073,0.2,0.2
2026-07-01,rw_v1,NL,G479,2026-03-01,116.8,2,2026-05-01,117.8559,116.4778,119.2315,114.579,120.7879,FALSE,FALSE,may-2026,2026-07-16T08:41:26Z,119,2026-08-02,1.1441,1.1441,0.9795,TRUE,TRUE,2.7537,6.2089,2.7537,6.2089,2.2,2.2
2026-07-01,rw_v1,NL,G479,2026-03-01,116.8,3,2026-06-01,118.3552,116.5493,120.1111,113.9036,121.6139,FALSE,FALSE,may-2026,2026-07-16T08:41:26Z,119.6,2026-08-02,1.2448,1.2448,1.0658,TRUE,TRUE,3.5618,7.7103,3.5618,7.7103,2.8,2.8
2026-07-01,rw_v1,NL,G479,2026-03-01,116.8,4,2026-07-01,119.0639,116.9492,120.6337,113.9614,122.7901,FALSE,FALSE,may-2026,2026-07-16T08:41:26Z,116.2,2026-09-12,-2.8639,2.8639,2.452,FALSE,TRUE,3.6845,8.8287,6.6813,8.8287,-0.6,0.6
2026-07-01,rw_v1,NO,G47_FOOD,2026-03-01,89.3,1,2026-04-01,89.3311,88.5538,89.8684,87.3822,91.0169,FALSE,FALSE,may-2026,2026-07-16T08:41:26Z,90.7,2026-08-02,1.3689,1.3689,1.5329,FALSE,TRUE,1.3146,3.6347,4.641,3.6347,1.4,1.4
2026-07-01,rw_v1,NO,G47_FOOD,2026-03-01,89.3,2,2026-05-01,89.2512,88.6102,89.8481,86.7089,90.9145,FALSE,FALSE,may-2026,2026-07-16T08:41:26Z,89.1,2026-08-02,-0.1512,0.1512,0.1693,TRUE,TRUE,1.2379,4.2056,1.2379,4.2056,-0.2,0.2
2026-07-01,rw_v1,NO,G47_FOOD,2026-03-01,89.3,3,2026-06-01,89.1362,88.4732,90.0186,85.7144,91.055,FALSE,FALSE,may-2026,2026-07-16T08:41:26Z,90.2,2026-08-02,1.0638,1.0638,1.1913,FALSE,TRUE,1.5454,5.3406,2.271,5.3406,0.9,0.9
2026-07-01,rw_v1,NO,G47_FOOD,2026-03-01,89.3,4,2026-07-01,89.1591,88.0479,89.9127,85.6235,91.2085,FALSE,FALSE,may-2026,2026-07-16T08:41:26Z,89.5,2026-09-12,0.3409,0.3409,0.3817,TRUE,TRUE,1.8648,5.585,1.8648,5.585,0.2,0.2
2026-07-01,rw_v1,NO,G47_NFOOD_X_G473,2026-03-01,105.8,1,2026-04-01,106.1488,105.0881,107.1509,102.8021,108.0377,FALSE,FALSE,may-2026,2026-07-16T08:41:26Z,106.4,2026-08-02,0.2512,0.2512,0.2374,TRUE,TRUE,2.0628,5.2356,2.0628,5.2356,0.6,0.6
2026-07-01,rw_v1,NO,G47_NFOOD_X_G473,2026-03-01,105.8,2,2026-05-01,106.4521,104.6616,107.8006,102.1153,108.9792,FALSE,FALSE,may-2026,2026-07-16T08:41:26Z,102.6,2026-08-02,-3.8521,3.8521,3.6409,FALSE,TRUE,3.139,6.8639,11.3854,6.8639,-3.2,3.2
2026-07-01,rw_v1,NO,G47_NFOOD_X_G473,2026-03-01,105.8,3,2026-06-01,106.6255,104.5357,108.0549,102.0426,109.0918,FALSE,FALSE,may-2026,2026-07-16T08:41:26Z,105.1,2026-08-02,-1.5255,1.5255,1.4419,TRUE,TRUE,3.5192,7.0492,3.5192,7.0492,-0.7,0.7
2026-07-01,rw_v1,NO,G47_NFOOD_X_G473,2026-03-01,105.8,4,2026-07-01,106.5883,104.8792,108.6762,102.5422,109.7708,FALSE,FALSE,may-2026,2026-07-16T08:41:26Z,105.5,2026-09-12,-1.0883,1.0883,1.0286,TRUE,TRUE,3.797,7.2286,3.797,7.2286,-0.3,0.3
2026-07-01,rw_v1,NO,G474,2026-03-01,123,1,2026-04-01,123.0126,119.9189,126.6115,117.1787,131.2726,FALSE,FALSE,may-2026,2026-07-16T08:41:26Z,116.1,2026-08-02,-6.9126,6.9126,5.62,FALSE,FALSE,6.6926,14.0939,21.9682,24.8809,-6.9,6.9
2026-07-01,rw_v1,NO,G474,2026-03-01,123,2,2026-05-01,123.5866,119.9678,127.618,115.6141,132.6126,FALSE,FALSE,may-2026,2026-07-16T08:41:26Z,110,2026-08-02,-13.5866,13.5866,11.046,FALSE,FALSE,7.6502,16.9985,47.5214,73.1395,-13,13
2026-07-01,rw_v1,NO,G474,2026-03-01,123,3,2026-06-01,124.108,119.3336,128.172,115.1594,135.0514,FALSE,FALSE,may-2026,2026-07-16T08:41:26Z,110.1,2026-08-02,-14.008,14.008,11.3886,FALSE,FALSE,8.8384,19.892,45.7728,70.486,-12.9,12.9
2026-07-01,rw_v1,NO,G474,2026-03-01,123,4,2026-07-01,124.0552,120.0409,129.747,116.808,134.1527,FALSE,FALSE,may-2026,2026-07-16T08:41:26Z,107.2,2026-09-12,-16.8552,16.8552,13.7034,FALSE,FALSE,9.7061,17.3447,61.0697,113.4247,-15.8,15.8
2026-07-01,rw_v1,NO,G475,2026-03-01,84,1,2026-04-01,83.9176,82.8392,85.2804,80.7104,86.7083,FALSE,FALSE,may-2026,2026-07-16T08:41:26Z,85.7,2026-08-02,1.7824,1.7824,2.1219,FALSE,TRUE,2.4412,5.9979,4.1196,5.9979,1.7,1.7
2026-07-01,rw_v1,NO,G475,2026-03-01,84,2,2026-05-01,83.9343,82.0052,85.6343,79.1948,87.1247,FALSE,FALSE,may-2026,2026-07-16T08:41:26Z,84.6,2026-08-02,0.6657,0.6657,0.7925,TRUE,TRUE,3.6291,7.9299,3.6291,7.9299,0.6,0.6
2026-07-01,rw_v1,NO,G475,2026-03-01,84,3,2026-06-01,83.8346,81.1559,85.5289,78.7579,87.2532,FALSE,FALSE,may-2026,2026-07-16T08:41:26Z,86,2026-08-02,2.1654,2.1654,2.5779,FALSE,TRUE,4.373,8.4953,6.2574,8.4953,2,2
2026-07-01,rw_v1,NO,G475,2026-03-01,84,4,2026-07-01,83.7711,80.7688,85.4331,77.4194,88.2093,FALSE,FALSE,may-2026,2026-07-16T08:41:26Z,85.2,2026-09-12,1.4289,1.4289,1.7011,TRUE,TRUE,4.6643,10.7899,4.6643,10.7899,1.2,1.2
2026-07-01,rw_v1,NO,G476,2026-03-01,94.7,1,2026-04-01,94.9339,92.3671,97.6992,89.1836,101.143,FALSE,FALSE,may-2026,2026-07-16T08:41:26Z,97,2026-08-02,2.0661,2.0661,2.1817,TRUE,TRUE,5.3321,11.9594,5.3321,11.9594,2.3,2.3
2026-07-01,rw_v1,NO,G476,2026-03-01,94.7,2,2026-05-01,95.0566,92.3035,97.3902,88.9872,100.1638,FALSE,FALSE,may-2026,2026-07-16T08:41:26Z,90.3,2026-08-02,-4.7566,4.7566,5.0228,FALSE,TRUE,5.0867000000000004,11.1766,13.1007,11.1766,-4.4,4.4
2026-07-01,rw_v1,NO,G476,2026-03-01,94.7,3,2026-06-01,94.4266,91.1896,98.8664,85.8175,103.1902,FALSE,FALSE,may-2026,2026-07-16T08:41:26Z,93.7,2026-08-02,-0.7266,0.7266,0.7673,TRUE,TRUE,7.6768,17.3727,7.6768,17.3727,-1,1
2026-07-01,rw_v1,NO,G476,2026-03-01,94.7,4,2026-07-01,95.1783,90.9034,98.0719,87.263,101.4229,FALSE,FALSE,may-2026,2026-07-16T08:41:26Z,93.9,2026-09-12,-1.2783,1.2783,1.3498000000000001,TRUE,TRUE,7.1685,14.1599,7.1685,14.1599,-0.8,0.8
2026-07-01,rw_v1,NO,G477,2026-03-01,125.7,1,2026-04-01,126.2923,124.7334,127.5161,122.7631,129.2751,FALSE,FALSE,may-2026,2026-07-16T08:41:26Z,124.8,2026-08-02,-1.4923,1.4923,1.1872,TRUE,TRUE,2.7827,6.512,2.7827,6.512,-0.9,0.9
2026-07-01,rw_v1,NO,G477,2026-03-01,125.7,2,2026-05-01,126.3366,124.2405,128.7433,122.0686,131.0088,FALSE,FALSE,may-2026,2026-07-16T08:41:26Z,121.6,2026-08-02,-4.7366,4.7366,3.7682,FALSE,FALSE,4.5028,8.9402,15.0648,13.6262,-4.1,4.1
2026-07-01,rw_v1,NO,G477,2026-03-01,125.7,3,2026-06-01,126.752,124.6277,129.0142,122.1652,132.3758,FALSE,FALSE,may-2026,2026-07-16T08:41:26Z,120.7,2026-08-02,-6.052,6.052,4.8146,FALSE,FALSE,4.3865,10.2106,20.0973,24.8626,-5,5
2026-07-01,rw_v1,NO,G477,2026-03-01,125.7,4,2026-07-01,127.0558,125.0376,129.1095,120.5868,134.2445,FALSE,FALSE,may-2026,2026-07-16T08:41:26Z,122.4,2026-09-12,-4.6558,4.6558,3.7039,FALSE,TRUE,4.0719,13.6577,14.6223,13.6577,-3.3,3.3
2026-07-01,rw_v1,NO,G479,2026-03-01,119.3,1,2026-04-01,119.9897,118.3175,121.6614,117.1531,123.58,FALSE,FALSE,may-2026,2026-07-16T08:41:26Z,119.9,2026-08-02,-0.0897,0.0897,0.0752,TRUE,TRUE,3.3439,6.4269,3.3439,6.4269,0.6,0.6
2026-07-01,rw_v1,NO,G479,2026-03-01,119.3,2,2026-05-01,120.6873,118.58,122.4803,116.0592,125.6687,FALSE,FALSE,may-2026,2026-07-16T08:41:26Z,120,2026-08-02,-0.6873,0.6873,0.5761,TRUE,TRUE,3.9003,9.6095,3.9003,9.6095,0.7,0.7
2026-07-01,rw_v1,NO,G479,2026-03-01,119.3,3,2026-06-01,121.2806,119.1814,123.1243,115.496,128.416,FALSE,FALSE,may-2026,2026-07-16T08:41:26Z,122.3,2026-08-02,1.0194,1.0194,0.8545,TRUE,TRUE,3.9429,12.92,3.9429,12.92,3,3
2026-07-01,rw_v1,NO,G479,2026-03-01,119.3,4,2026-07-01,121.7589,119.0376,124.3457,115.6814,131.5835,FALSE,FALSE,may-2026,2026-07-16T08:41:26Z,125,2026-09-12,3.2411,3.2411,2.7168,FALSE,TRUE,5.3081,15.9021,7.9253,15.9021,5.7,5.7
2026-07-01,rw_v1,PL,G47_FOOD,2026-03-01,102.1,1,2026-04-01,102.1078,101.0432,103.3765,99.2787,104.6301,FALSE,FALSE,may-2026,2026-07-16T08:41:26Z,100.2,2026-08-02,-1.9078,1.9078,1.8686,FALSE,TRUE,2.3333,5.3514,5.7061,5.3514,-1.9,1.9
2026-07-01,rw_v1,PL,G47_FOOD,2026-03-01,102.1,2,2026-05-01,102.0407,100.4068,103.3867,98.1341,105.1144,FALSE,FALSE,may-2026,2026-07-16T08:41:26Z,99.5,2026-08-02,-2.5407,2.5407,2.4884,FALSE,TRUE,2.9799,6.9803,6.6071,6.9803,-2.6,2.6
2026-07-01,rw_v1,PL,G47_FOOD,2026-03-01,102.1,3,2026-06-01,101.9365,100.2032,103.7569,96.8368,105.5372,FALSE,FALSE,may-2026,2026-07-16T08:41:26Z,101.7,2026-08-02,-0.2365,0.2365,0.2316,TRUE,TRUE,3.5537,8.7004,3.5537,8.7004,-0.4,0.4
2026-07-01,rw_v1,PL,G47_FOOD,2026-03-01,102.1,4,2026-07-01,101.5084,99.7079,103.7942,97.2097,105.7516,FALSE,FALSE,may-2026,2026-07-16T08:41:26Z,101.5,2026-09-12,-0.0084,0.0084,0.0082,TRUE,TRUE,4.0863,8.5419,4.0863,8.5419,-0.6,0.6
2026-07-01,rw_v1,PL,G47_NFOOD_X_G473,2026-03-01,122.1,1,2026-04-01,122.6022,121.659,123.3143,120.5086,124.6081,FALSE,FALSE,may-2026,2026-07-16T08:41:26Z,118.1,2026-08-02,-4.5022,4.5022,3.6873,FALSE,FALSE,1.6553,4.0995,15.8913,28.1855,-4,4
2026-07-01,rw_v1,PL,G47_NFOOD_X_G473,2026-03-01,122.1,2,2026-05-01,123.0962,122.0152,124.1063,120.4474,125.128,FALSE,FALSE,may-2026,2026-07-16T08:41:26Z,121.2,2026-08-02,-1.8962,1.8962,1.553,FALSE,TRUE,2.0911,4.6806,5.3519,4.6806,-0.9,0.9
2026-07-01,rw_v1,PL,G47_NFOOD_X_G473,2026-03-01,122.1,3,2026-06-01,123.5073,122.3098,124.4768,121.0679,125.9952,FALSE,FALSE,may-2026,2026-07-16T08:41:26Z,122.3,2026-08-02,-1.2073,1.2073,0.9888,FALSE,TRUE,2.167,4.9273,2.2062,4.9273,0.2,0.2
2026-07-01,rw_v1,PL,G47_NFOOD_X_G473,2026-03-01,122.1,4,2026-07-01,123.821,122.7639,125.3109,120.6481,127.2582,FALSE,FALSE,may-2026,2026-07-16T08:41:26Z,121.2,2026-09-12,-2.621,2.621,2.1466,FALSE,TRUE,2.547,6.6101,8.8026,6.6101,-0.9,0.9
2026-07-01,rw_v1,PL,G474,2026-03-01,111.5,1,2026-04-01,112.8785,108.002,116.0755,105.437,118.5244,FALSE,TRUE,may-2026,2026-07-16T08:41:26Z,114.8,2026-08-02,1.9215,1.9215,1.7233,TRUE,TRUE,8.0735,13.0874,8.0735,13.0874,3.3,3.3
2026-07-01,rw_v1,PL,G474,2026-03-01,111.5,2,2026-05-01,113.8937,109.2058,116.9298,104.6577,119.6853,FALSE,TRUE,may-2026,2026-07-16T08:41:26Z,144.5,2026-08-02,30.6063,30.6063,27.4496,FALSE,FALSE,7.724,15.0276,118.0048,263.1746,33,33
2026-07-01,rw_v1,PL,G474,2026-03-01,111.5,3,2026-06-01,112.2873,107.4073,118.4344,103.3785,121.9098,FALSE,TRUE,may-2026,2026-07-16T08:41:26Z,151.9,2026-09-12,39.6127,39.6127,35.5271,FALSE,FALSE,11.0271,18.5313,144.8895,318.4333,40.4,40.4
2026-07-01,rw_v1,PL,G474,2026-03-01,111.5,4,2026-07-01,111.9456,109.7629,117.5393,104.6004,124.1975,FALSE,TRUE,may-2026,2026-07-16T08:41:26Z,108.3,2026-10-07,-3.6456,3.6456,3.2696,FALSE,TRUE,7.7764,19.5971,13.628,19.5971,-3.2,3.2
2026-07-01,rw_v1,PL,G475,2026-03-01,94.9,1,2026-04-01,94.7512,93.8586,96.0367,93.4229,97.6483,FALSE,FALSE,may-2026,2026-07-16T08:41:26Z,91.4,2026-08-02,-3.3512,3.3512,3.5313,FALSE,FALSE,2.1781,4.2254,12.0125,24.4544,-3.5,3.5
2026-07-01,rw_v1,PL,G475,2026-03-01,94.9,2,2026-05-01,95.4221,94.6945,96.2524,93.2098,96.9847,FALSE,FALSE,may-2026,2026-07-16T08:41:26Z,93.2,2026-08-02,-2.2221,2.2221,2.3415,FALSE,FALSE,1.5579,3.7749,7.5359,3.8729,-1.7,1.7
2026-07-01,rw_v1,PL,G475,2026-03-01,94.9,3,2026-06-01,95.6462,94.5779,96.8205,93.9615,97.4805,FALSE,FALSE,may-2026,2026-07-16T08:41:26Z,96.2,2026-09-12,0.5538,0.5538,0.5836,TRUE,TRUE,2.2426,3.519,2.2426,3.519,1.3,1.3
2026-07-01,rw_v1,PL,G475,2026-03-01,94.9,4,2026-07-01,96.173,94.9324,97.1547,93.8369,98.2781,FALSE,FALSE,may-2026,2026-07-16T08:41:26Z,95.7,2026-10-07,-0.473,0.473,0.4984,TRUE,TRUE,2.2223,4.4412,2.2223,4.4412,0.8,0.8
2026-07-01,rw_v1,PL,G476,2026-03-01,89,1,2026-04-01,88.6072,87.8867,89.5138,87.2797,90.4779,FALSE,FALSE,may-2026,2026-07-16T08:41:26Z,87.3,2026-08-02,-1.3072,1.3072,1.4688,FALSE,TRUE,1.6271,3.1982,3.9739,3.1982,-1.7,1.7
2026-07-01,rw_v1,PL,G476,2026-03-01,89,2,2026-05-01,88.0827,87.4782,89.1589,86.5566,93.5372,FALSE,FALSE,may-2026,2026-07-16T08:41:26Z,98.4,2026-08-02,10.3173,10.3173,11.5925,FALSE,FALSE,1.6807,6.9806,38.6451,55.6086,9.4,9.4
2026-07-01,rw_v1,PL,G476,2026-03-01,89,3,2026-06-01,88.0297,86.5078,88.6141,85.8104,94.5084,FALSE,FALSE,may-2026,2026-07-16T08:41:26Z,98.1,2026-09-12,10.0703,10.0703,11.3149,FALSE,FALSE,2.1063,8.698,40.0499,44.614,9.1,9.1
2026-07-01,rw_v1,PL,G476,2026-03-01,89,4,2026-07-01,87.1989,85.9387,88.387,84.9084,94.3631,FALSE,FALSE,may-2026,2026-07-16T08:41:26Z,98.5,2026-10-07,11.3011,11.3011,12.6979,FALSE,FALSE,2.4483,9.4547,42.9003,50.8237,9.5,9.5
2026-07-01,rw_v1,PL,G477,2026-03-01,134.6,1,2026-04-01,134.9773,133.7952,135.9035,131.9567,137.5016,FALSE,FALSE,may-2026,2026-07-16T08:41:26Z,120.9,2026-08-02,-14.0773,14.0773,10.4586,FALSE,FALSE,2.1083,5.5449,53.6891,116.1119,-13.7,13.7
2026-07-01,rw_v1,PL,G477,2026-03-01,134.6,2,2026-05-01,135.6022,133.9638,136.7373,131.8824,137.5026,FALSE,FALSE,may-2026,2026-07-16T08:41:26Z,123.3,2026-08-02,-12.3022,12.3022,9.1398,FALSE,FALSE,2.7735,5.6202,45.4287,91.4442,-11.3,11.3
2026-07-01,rw_v1,PL,G477,2026-03-01,134.6,3,2026-06-01,135.854,133.6002,136.8851,131.4167,138.0766,FALSE,FALSE,may-2026,2026-07-16T08:41:26Z,122.9,2026-09-12,-12.954,12.954,9.6241,FALSE,FALSE,3.2849,6.6599,46.0857,91.8269,-11.7,11.7
2026-07-01,rw_v1,PL,G477,2026-03-01,134.6,4,2026-07-01,135.7396,133.4607,137.3099,130.3368,138.7964,FALSE,FALSE,may-2026,2026-07-16T08:41:26Z,125.2,2026-10-07,-10.5396,10.5396,7.8303,FALSE,FALSE,3.8492,8.4596,36.892,59.8276,-9.4,9.4
2026-07-01,rw_v1,PL,G479,2026-03-01,113.3,1,2026-04-01,113.0682,111.7054,114.6454,110.6385,115.2843,FALSE,FALSE,may-2026,2026-07-16T08:41:26Z,101.2,2026-08-02,-11.8682,11.8682,10.475,FALSE,FALSE,2.94,4.6458,44.9616,99.0308,-12.1,12.1
2026-07-01,rw_v1,PL,G479,2026-03-01,113.3,2,2026-05-01,112.9798,111.0563,114.5104,109.2833,116.1666,FALSE,FALSE,may-2026,2026-07-16T08:41:26Z,111,2026-08-02,-1.9798,1.9798,1.7474,FALSE,TRUE,3.4541,6.8833,3.6793,6.8833,-2.3,2.3
2026-07-01,rw_v1,PL,G479,2026-03-01,113.3,3,2026-06-01,112.7388,110.3165,114.4955,105.8101,116.8816,FALSE,FALSE,may-2026,2026-07-16T08:41:26Z,104.9,2026-09-12,-7.8388,7.8388,6.9186,FALSE,FALSE,4.179,11.0715,25.845,20.1725,-8.4,8.4
2026-07-01,rw_v1,PL,G479,2026-03-01,113.3,4,2026-07-01,112.902,109.352,115.2081,106.2009,116.3464,FALSE,FALSE,may-2026,2026-07-16T08:41:26Z,105.8,2026-10-07,-7.102,7.102,6.2683,FALSE,FALSE,5.8561,10.1455,20.0641,14.1545,-7.5,7.5
2026-07-01,rw_v1,PT,G47_FOOD,2026-03-01,112.5,1,2026-04-01,112.9367,112.1011,113.6651,111.0665,114.395,FALSE,FALSE,may-2026,2026-07-16T08:41:26Z,112.4,2026-08-02,-0.5367,0.5367,0.4771,TRUE,TRUE,1.564,3.3285,1.564,3.3285,-0.1,0.1
2026-07-01,rw_v1,PT,G47_FOOD,2026-03-01,112.5,2,2026-05-01,113.2271,112.1525,113.95,111.1733,115.0145,FALSE,FALSE,may-2026,2026-07-16T08:41:26Z,112.8,2026-08-02,-0.4271,0.4271,0.3796,TRUE,TRUE,1.7975,3.8412,1.7975,3.8412,0.3,0.3
2026-07-01,rw_v1,PT,G47_FOOD,2026-03-01,112.5,3,2026-06-01,113.3639,112.25,114.5244,111.0664,115.5945,FALSE,FALSE,may-2026,2026-07-16T08:41:26Z,112.7,2026-08-02,-0.6639,0.6639,0.5901,TRUE,TRUE,2.2744,4.5281,2.2744,4.5281,0.2,0.2
2026-07-01,rw_v1,PT,G47_FOOD,2026-03-01,112.5,4,2026-07-01,113.7772,112.4057,114.9586,111.2363,115.739,FALSE,FALSE,may-2026,2026-07-16T08:41:26Z,113.7,2026-09-12,-0.0772,0.0772,0.0686,TRUE,TRUE,2.5529,4.5027,2.5529,4.5027,1.2,1.2
2026-07-01,rw_v1,PT,G47_NFOOD_X_G473,2026-03-01,131.3,1,2026-04-01,131.963,130.429,133.4799,128.9202,135.129,FALSE,FALSE,may-2026,2026-07-16T08:41:26Z,132,2026-08-02,0.037,0.037,0.0282,TRUE,TRUE,3.0509,6.2088,3.0509,6.2088,0.7,0.7
2026-07-01,rw_v1,PT,G47_NFOOD_X_G473,2026-03-01,131.3,2,2026-05-01,132.2158,130.2268,134.2253,128.9388,135.8113,FALSE,FALSE,may-2026,2026-07-16T08:41:26Z,133,2026-08-02,0.7842,0.7842,0.5973,TRUE,TRUE,3.9985,6.8725,3.9985,6.8725,1.7,1.7
2026-07-01,rw_v1,PT,G47_NFOOD_X_G473,2026-03-01,131.3,3,2026-06-01,132.6139,130.8213,134.7573,129.068,138.1933,FALSE,FALSE,may-2026,2026-07-16T08:41:26Z,134.3,2026-08-02,1.6861,1.6861,1.2842,TRUE,TRUE,3.936,9.1253,3.936,9.1253,3,3
2026-07-01,rw_v1,PT,G47_NFOOD_X_G473,2026-03-01,131.3,4,2026-07-01,133.1427,131.3072,134.5892,128.928,138.6635,FALSE,FALSE,may-2026,2026-07-16T08:41:26Z,133.3,2026-09-12,0.1573,0.1573,0.1198,TRUE,TRUE,3.282,9.7355,3.282,9.7355,2,2
2026-07-01,rw_v1,PT,G474,2026-03-01,157.6,1,2026-04-01,158.5963,155.3377,162.1295,151.2267,166.7702,FALSE,FALSE,may-2026,2026-07-16T08:41:26Z,164.2,2026-08-02,5.6037,5.6037,3.5556,FALSE,TRUE,6.7918,15.5435,15.0738,15.5435,6.6,6.6
2026-07-01,rw_v1,PT,G474,2026-03-01,157.6,2,2026-05-01,159.2933,156.497,164.0068,151.9237,168.9442,FALSE,FALSE,may-2026,2026-07-16T08:41:26Z,155.8,2026-08-02,-3.4933,3.4933,2.2166,FALSE,TRUE,7.5098,17.0205,10.2978,17.0205,-1.8,1.8
2026-07-01,rw_v1,PT,G474,2026-03-01,157.6,3,2026-06-01,159.9339,156.8755,165.3257,152.1066,171.3211,FALSE,FALSE,may-2026,2026-07-16T08:41:26Z,174.7,2026-08-02,14.7661,14.7661,9.3694,FALSE,FALSE,8.4502,19.2145,45.9474,53.0035,17.1,17.1
2026-07-01,rw_v1,PT,G474,2026-03-01,157.6,4,2026-07-01,161.3185,157.4473,166.3966,153.4049,172.2854,FALSE,FALSE,may-2026,2026-07-16T08:41:26Z,163.5,2026-09-12,2.1815,2.1815,1.3842,TRUE,TRUE,8.9493,18.8805,8.9493,18.8805,5.9,5.9
2026-07-01,rw_v1,PT,G475,2026-03-01,122.1,1,2026-04-01,122.6701,120.7156,124.0189,118.7931,126.6884,FALSE,FALSE,may-2026,2026-07-16T08:41:26Z,125.2,2026-08-02,2.5299,2.5299,2.072,FALSE,TRUE,3.3033,7.8953,8.0277,7.8953,3.1,3.1
2026-07-01,rw_v1,PT,G475,2026-03-01,122.1,2,2026-05-01,123.0495,121.0254,124.9207,117.7317,127.3796,FALSE,FALSE,may-2026,2026-07-16T08:41:26Z,122.6,2026-08-02,-0.4495,0.4495,0.3681,TRUE,TRUE,3.8953,9.6479,3.8953,9.6479,0.5,0.5
2026-07-01,rw_v1,PT,G475,2026-03-01,122.1,3,2026-06-01,123.0611,120.9442,125.2796,117.796,127.8817,FALSE,FALSE,may-2026,2026-07-16T08:41:26Z,126.8,2026-08-02,3.7389,3.7389,3.0622,FALSE,TRUE,4.3354,10.0857,10.417,10.0857,4.7,4.7
2026-07-01,rw_v1,PT,G475,2026-03-01,122.1,4,2026-07-01,123.2998,120.6955,125.7488,118.4464,128.4658,FALSE,FALSE,may-2026,2026-07-16T08:41:26Z,125.5,2026-09-12,2.2002,2.2002,1.802,TRUE,TRUE,5.0533,10.0194,5.0533,10.0194,3.4,3.4
2026-07-01,rw_v1,PT,G476,2026-03-01,139.3,1,2026-04-01,140.4309,135.9874,143.653,132.5699,148.476,FALSE,TRUE,may-2026,2026-07-16T08:41:26Z,132.6,2026-08-02,-7.8309,7.8309,5.6216,FALSE,TRUE,7.6656,15.9061,21.2152,15.9061,-6.7,6.7
2026-07-01,rw_v1,PT,G476,2026-03-01,139.3,2,2026-05-01,140.6019,136.6415,144.4539,129.695,150.0379,FALSE,TRUE,may-2026,2026-07-16T08:41:26Z,133.3,2026-08-02,-7.3019,7.3019,5.2419,FALSE,TRUE,7.8124,20.3429,21.1784,20.3429,-6,6
2026-07-01,rw_v1,PT,G476,2026-03-01,139.3,3,2026-06-01,141.7919,137.289,146.5618,129.202,151.039,FALSE,TRUE,may-2026,2026-07-16T08:41:26Z,138.6,2026-08-02,-3.1919,3.1919,2.2914,TRUE,TRUE,9.2728,21.837,9.2728,21.837,-0.7,0.7
2026-07-01,rw_v1,PT,G476,2026-03-01,139.3,4,2026-07-01,143.0653,135.7625,146.7677,129.3069,152.5272,FALSE,TRUE,may-2026,2026-07-16T08:41:26Z,139.5,2026-09-12,-3.5653,3.5653,2.5594,TRUE,TRUE,11.0052,23.2203,11.0052,23.2203,0.2,0.2
2026-07-01,rw_v1,PT,G477,2026-03-01,131.3,1,2026-04-01,132.2272,130.0337,134.2036,127.6528,136.2387,FALSE,FALSE,may-2026,2026-07-16T08:41:26Z,132.2,2026-08-02,-0.0272,0.0272,0.0207,TRUE,TRUE,4.1699,8.5859,4.1699,8.5859,0.9,0.9
2026-07-01,rw_v1,PT,G477,2026-03-01,131.3,2,2026-05-01,132.3284,129.7489,134.652,126.9684,137.9018,FALSE,FALSE,may-2026,2026-07-16T08:41:26Z,133.8,2026-08-02,1.4716,1.4716,1.1208,TRUE,TRUE,4.9031,10.9334,4.9031,10.9334,2.5,2.5
2026-07-01,rw_v1,PT,G477,2026-03-01,131.3,3,2026-06-01,132.9824,130.2785,134.9677,127.439,137.8005,FALSE,FALSE,may-2026,2026-07-16T08:41:26Z,133.2,2026-08-02,0.2176,0.2176,0.1657,TRUE,TRUE,4.6892,10.3615,4.6892,10.3615,1.9,1.9
2026-07-01,rw_v1,PT,G477,2026-03-01,131.3,4,2026-07-01,133.2344,130.8161,135.2558,127.2497,139.6546,FALSE,FALSE,may-2026,2026-07-16T08:41:26Z,133.7,2026-09-12,0.4656,0.4656,0.3546,TRUE,TRUE,4.4397,12.4049,4.4397,12.4049,2.4,2.4
2026-07-01,rw_v1,PT,G479,2026-03-01,117.1,1,2026-04-01,117.3826,114.2414,120.8695,110.3878,126.6632,FALSE,TRUE,may-2026,2026-07-16T08:41:26Z,114.5,2026-08-02,-2.8826,2.8826,2.4617,TRUE,TRUE,6.6281,16.2754,6.6281,16.2754,-2.6,2.6
2026-07-01,rw_v1,PT,G479,2026-03-01,117.1,2,2026-05-01,117.9167,115.0715,122.3172,109.2308,128.9094,FALSE,TRUE,may-2026,2026-07-16T08:41:26Z,121,2026-08-02,3.0833,3.0833,2.633,TRUE,TRUE,7.2457,19.6786,7.2457,19.6786,3.9,3.9
2026-07-01,rw_v1,PT,G479,2026-03-01,117.1,3,2026-06-01,118.5451,114.358,124.455,107.1,130.7049,FALSE,TRUE,may-2026,2026-07-16T08:41:26Z,122.9,2026-08-02,4.3549,4.3549,3.719,TRUE,TRUE,10.097,23.6049,10.097,23.6049,5.8,5.8
2026-07-01,rw_v1,PT,G479,2026-03-01,117.1,4,2026-07-01,120.8184,114.2815,125.7454,109.5775,131.207,FALSE,TRUE,may-2026,2026-07-16T08:41:26Z,103.4,2026-09-12,-17.4184,17.4184,14.8748,FALSE,FALSE,11.4639,21.6295,54.9899,83.4045,-13.7,13.7
2026-07-01,rw_v1,RO,G47_FOOD,2026-03-01,103.7,1,2026-04-01,103.9669,102.8587,104.8264,101.3966,105.9743,FALSE,FALSE,may-2026,2026-07-16T08:41:26Z,102.4,2026-08-02,-1.5669,1.5669,1.511,FALSE,TRUE,1.9677,4.5777,3.8025,4.5777,-1.3,1.3
2026-07-01,rw_v1,RO,G47_FOOD,2026-03-01,103.7,2,2026-05-01,103.9416,102.7395,104.976,101.0921,106.5025,FALSE,FALSE,may-2026,2026-07-16T08:41:26Z,104.7,2026-08-02,0.7584,0.7584,0.7313,TRUE,TRUE,2.2365,5.4104,2.2365,5.4104,1,1
2026-07-01,rw_v1,RO,G47_FOOD,2026-03-01,103.7,3,2026-06-01,103.8095,102.6773,105.5366,101.172,106.8895,FALSE,FALSE,may-2026,2026-07-16T08:41:26Z,101.8,2026-09-12,-2.0095,2.0095,1.9378,FALSE,TRUE,2.8593,5.7175,6.3685,5.7175,-1.9,1.9
2026-07-01,rw_v1,RO,G47_FOOD,2026-03-01,103.7,4,2026-07-01,104.2989,102.2431,105.7475,100.5084,107.2771,FALSE,FALSE,may-2026,2026-07-16T08:41:26Z,102.7,2026-09-12,-1.5989,1.5989,1.5419,TRUE,TRUE,3.5044,6.7687,3.5044,6.7687,-1,1
2026-07-01,rw_v1,RO,G47_NFOOD_X_G473,2026-03-01,120.4,1,2026-04-01,120.8831,119.5989,122.1009,117.8569,123.5171,FALSE,FALSE,may-2026,2026-07-16T08:41:26Z,119.2,2026-08-02,-1.6831,1.6831,1.3979,FALSE,TRUE,2.502,5.6602,4.0976,5.6602,-1.2,1.2
2026-07-01,rw_v1,RO,G47_NFOOD_X_G473,2026-03-01,120.4,2,2026-05-01,121.3198,119.7395,122.8738,118.2087,124.3883,FALSE,FALSE,may-2026,2026-07-16T08:41:26Z,121.9,2026-08-02,0.5802,0.5802,0.4819,TRUE,TRUE,3.1343,6.1796,3.1343,6.1796,1.5,1.5
2026-07-01,rw_v1,RO,G47_NFOOD_X_G473,2026-03-01,120.4,3,2026-06-01,121.6493,119.4734,123.7877,116.8492,126.0632,FALSE,FALSE,may-2026,2026-07-16T08:41:26Z,120.5,2026-09-12,-1.1493,1.1493,0.9546,TRUE,TRUE,4.3143,9.214,4.3143,9.214,0.1,0.1
2026-07-01,rw_v1,RO,G47_NFOOD_X_G473,2026-03-01,120.4,4,2026-07-01,121.8163,119.8964,124.4231,116.7235,126.6425,FALSE,FALSE,may-2026,2026-07-16T08:41:26Z,120.4,2026-09-12,-1.4163,1.4163,1.1763,TRUE,TRUE,4.5267,9.919,4.5267,9.919,0,0
2026-07-01,rw_v1,RO,G474,2026-03-01,102.5,1,2026-04-01,102.6809,99.2568,104.8933,97.1286,110.6952,FALSE,TRUE,may-2026,2026-07-16T08:41:26Z,107.2,2026-08-02,4.5191,4.5191,4.4089,FALSE,TRUE,5.6365,13.5666,14.8633,13.5666,4.7,4.7
2026-07-01,rw_v1,RO,G474,2026-03-01,102.5,2,2026-05-01,101.8293,98.3935,107.1435,92.9726,112.0626,FALSE,TRUE,may-2026,2026-07-16T08:41:26Z,106.5,2026-08-02,4.6707,4.6707,4.5568,TRUE,TRUE,8.75,19.09,8.75,19.09,4,4
2026-07-01,rw_v1,RO,G474,2026-03-01,102.5,3,2026-06-01,101.2866,97.353,107.6426,91.9513,113.0087,FALSE,TRUE,may-2026,2026-07-16T08:41:26Z,103.4,2026-09-12,2.1134,2.1134,2.0619,TRUE,TRUE,10.2896,21.0574,10.2896,21.0574,0.9,0.9
2026-07-01,rw_v1,RO,G474,2026-03-01,102.5,4,2026-07-01,100.8239,96.8451,108.0259,90.8953,110.0584,FALSE,TRUE,may-2026,2026-07-16T08:41:26Z,108.5,2026-09-12,7.6761,7.6761,7.4889,FALSE,TRUE,11.1808,19.1631,13.0772,19.1631,6,6
2026-07-01,rw_v1,RO,G475,2026-03-01,98,1,2026-04-01,98.0923,97.3974,98.8938,95.8935,99.6893,FALSE,FALSE,may-2026,2026-07-16T08:41:26Z,98.8,2026-08-02,0.7077,0.7077,0.7221,TRUE,TRUE,1.4964,3.7958,1.4964,3.7958,0.8,0.8
2026-07-01,rw_v1,RO,G475,2026-03-01,98,2,2026-05-01,98.261,96.6226,99.592,92.2371,100.3098,FALSE,FALSE,may-2026,2026-07-16T08:41:26Z,99.1,2026-08-02,0.839,0.839,0.8561,TRUE,TRUE,2.9694,8.0727,2.9694,8.0727,1.1,1.1
2026-07-01,rw_v1,RO,G475,2026-03-01,98,3,2026-06-01,98.0984,95.3971,100.008,91.1373,101.3264,FALSE,FALSE,may-2026,2026-07-16T08:41:26Z,96.9,2026-09-12,-1.1984,1.1984,1.2229,TRUE,TRUE,4.6109,10.1891,4.6109,10.1891,-1.1,1.1
2026-07-01,rw_v1,RO,G475,2026-03-01,98,4,2026-07-01,97.8957,95.5226,100.7105,90.5198,101.6779,FALSE,FALSE,may-2026,2026-07-16T08:41:26Z,98.2,2026-09-12,0.3043,0.3043,0.3105,TRUE,TRUE,5.1879,11.1581,5.1879,11.1581,0.2,0.2
2026-07-01,rw_v1,RO,G476,2026-03-01,113.8,1,2026-04-01,112.2559,109.8086,115.5886,108.2997,120.0335,FALSE,TRUE,may-2026,2026-07-16T08:41:26Z,110.1,2026-08-02,-2.1559,2.1559,1.8945,TRUE,TRUE,5.78,11.7338,5.78,11.7338,-3.7,3.7
2026-07-01,rw_v1,RO,G476,2026-03-01,113.8,2,2026-05-01,111.9148,107.2849,116.547,105.3089,121.1848,FALSE,TRUE,may-2026,2026-07-16T08:41:26Z,115.5,2026-08-02,3.5852,3.5852,3.1504,TRUE,TRUE,9.2621,15.8759,9.2621,15.8759,1.7,1.7
2026-07-01,rw_v1,RO,G476,2026-03-01,113.8,3,2026-06-01,111.0964,107.6592,117.0104,103.9182,119.5191,FALSE,TRUE,may-2026,2026-07-16T08:41:26Z,115.7,2026-09-12,4.6036,4.6036,4.0453,TRUE,TRUE,9.3512,15.6009,9.3512,15.6009,1.9,1.9
2026-07-01,rw_v1,RO,G476,2026-03-01,113.8,4,2026-07-01,111.865,106.7652,115.824,102.6296,120.1461,FALSE,TRUE,may-2026,2026-07-16T08:41:26Z,114.9,2026-09-12,3.035,3.035,2.667,TRUE,TRUE,9.0588,17.5165,9.0588,17.5165,1.1,1.1
2026-07-01,rw_v1,RO,G477,2026-03-01,142.6,1,2026-04-01,143.197,141.4635,144.4441,139.8189,147.0396,FALSE,FALSE,may-2026,2026-07-16T08:41:26Z,143.9,2026-08-02,0.703,0.703,0.493,TRUE,TRUE,2.9806,7.2207,2.9806,7.2207,1.3,1.3
2026-07-01,rw_v1,RO,G477,2026-03-01,142.6,2,2026-05-01,143.9993,141.5951,146.0949,137.7181,148.9414,FALSE,FALSE,may-2026,2026-07-16T08:41:26Z,144.9,2026-08-02,0.9007,0.9007,0.6316,TRUE,TRUE,4.4998,11.2233,4.4998,11.2233,2.3,2.3
2026-07-01,rw_v1,RO,G477,2026-03-01,142.6,3,2026-06-01,144.7468,141.2549,147.4395,134.7073,151.1616,FALSE,FALSE,may-2026,2026-07-16T08:41:26Z,141,2026-09-12,-3.7468,3.7468,2.6275,FALSE,TRUE,6.1846,16.4543,7.2042,16.4543,-1.6,1.6
2026-07-01,rw_v1,RO,G477,2026-03-01,142.6,4,2026-07-01,145.2219,139.5689,150.9005,132.4237,152.8627,FALSE,FALSE,may-2026,2026-07-16T08:41:26Z,139.5,2026-09-12,-5.7219,5.7219,4.0126,FALSE,TRUE,11.3316,20.439,11.6072,20.439,-3.1,3.1
2026-07-01,rw_v1,RO,G479,2026-03-01,110.3,1,2026-04-01,110.6616,109.2755,111.9954,107.1088,114.3845,FALSE,FALSE,may-2026,2026-07-16T08:41:26Z,111.6,2026-08-02,0.9384,0.9384,0.8508,TRUE,TRUE,2.7199,7.2757,2.7199,7.2757,1.3,1.3
2026-07-01,rw_v1,RO,G479,2026-03-01,110.3,2,2026-05-01,110.8765,109.3773,112.5656,107.0823,115.4984,FALSE,FALSE,may-2026,2026-07-16T08:41:26Z,112.8,2026-08-02,1.9235,1.9235,1.7439,FALSE,TRUE,3.1883,8.4161,4.1259,8.4161,2.5,2.5
2026-07-01,rw_v1,RO,G479,2026-03-01,110.3,3,2026-06-01,110.9224,109.548,113.3716,106.9575,116.7512,FALSE,FALSE,may-2026,2026-07-16T08:41:26Z,113.8,2026-09-12,2.8776,2.8776,2.6089,FALSE,TRUE,3.8236,9.7937,5.5372,9.7937,3.5,3.5
2026-07-01,rw_v1,RO,G479,2026-03-01,110.3,4,2026-07-01,110.811,109.189,114.5594,105.9872,118.9434,FALSE,FALSE,may-2026,2026-07-16T08:41:26Z,113,2026-09-12,2.189,2.189,1.9846,TRUE,TRUE,5.3704,12.9562,5.3704,12.9562,2.7,2.7
2026-07-01,rw_v1,RS,G47_FOOD,2026-03-01,115.3,1,2026-04-01,115.6264,114.8193,116.3372,113.9692,117.7592,FALSE,FALSE,may-2026,2026-07-16T08:41:26Z,112.2,2026-08-02,-3.4264,3.4264,2.9717,FALSE,FALSE,1.5179,3.79,11.9951,21.482,-3.1,3.1
2026-07-01,rw_v1,RS,G47_FOOD,2026-03-01,115.3,2,2026-05-01,115.7087,114.7323,117.1075,113.6024,118.9538,FALSE,FALSE,may-2026,2026-07-16T08:41:26Z,114.4,2026-08-02,-1.3087,1.3087,1.135,FALSE,TRUE,2.3752,5.3514,3.7044,5.3514,-0.9,0.9
2026-07-01,rw_v1,RS,G47_FOOD,2026-03-01,115.3,3,2026-06-01,116.4477,114.695,117.5613,112.9162,119.1773,FALSE,FALSE,may-2026,2026-07-16T08:41:26Z,112.9,2026-08-02,-3.5477,3.5477,3.0769,FALSE,FALSE,2.8663,6.2611,10.0463,6.4231,-2.4,2.4
2026-07-01,rw_v1,RS,G47_FOOD,2026-03-01,115.3,4,2026-07-01,116.6284,115.0662,118.6938,113.1418,119.72,FALSE,FALSE,may-2026,2026-07-16T08:41:26Z,115.4,2026-09-12,-1.2284,1.2284,1.0654,TRUE,TRUE,3.6276,6.5782,3.6276,6.5782,0.1,0.1
2026-07-01,rw_v1,RS,G47_NFOOD_X_G473,2026-03-01,132.5,1,2026-04-01,132.7933,131.8563,134.2188,130.6552,136.0391,FALSE,FALSE,may-2026,2026-07-16T08:41:26Z,124.8,2026-08-02,-7.9933,7.9933,6.0327,FALSE,FALSE,2.3625,5.3839,30.5877,63.9359,-7.7,7.7
2026-07-01,rw_v1,RS,G47_NFOOD_X_G473,2026-03-01,132.5,2,2026-05-01,133.7299,132.0216,135.2022,130.7402,137.3906,FALSE,FALSE,may-2026,2026-07-16T08:41:26Z,126.9,2026-08-02,-6.8299,6.8299,5.1546,FALSE,FALSE,3.1806,6.6504,23.667,45.0524,-5.6,5.6
2026-07-01,rw_v1,RS,G47_NFOOD_X_G473,2026-03-01,132.5,3,2026-06-01,134.4499,132.5752,136.2556,130.1273,137.8524,FALSE,FALSE,may-2026,2026-07-16T08:41:26Z,123.8,2026-08-02,-10.6499,10.6499,8.0377,FALSE,FALSE,3.6804,7.7251,38.7812,70.9981,-8.7,8.7
2026-07-01,rw_v1,RS,G47_NFOOD_X_G473,2026-03-01,132.5,4,2026-07-01,135.2919,133.194,137.3764,130.4185,138.7631,FALSE,FALSE,may-2026,2026-07-16T08:41:26Z,128.4,2026-09-12,-6.8919,6.8919,5.2014,FALSE,FALSE,4.1824,8.3446,23.3584,28.5296,-4.1,4.1
2026-07-01,rw_v1,SE,G47_NFOOD_X_G473,2026-03-01,102.2,1,2026-04-01,102.4545,101.1811,103.3318,100.3253,104.5069,FALSE,FALSE,may-2026,2026-07-16T08:41:26Z,101,2026-08-02,-1.4545,1.4545,1.4232,FALSE,TRUE,2.1507,4.1816,2.8751,4.1816,-1.2,1.2
2026-07-01,rw_v1,SE,G47_NFOOD_X_G473,2026-03-01,102.2,2,2026-05-01,102.2864,101.1607,103.9727,99.8633,105.2108,FALSE,FALSE,may-2026,2026-07-16T08:41:26Z,101.1,2026-08-02,-1.1864,1.1864,1.1609,FALSE,TRUE,2.812,5.3475,3.0548,5.3475,-1.1,1.1
2026-07-01,rw_v1,SE,G47_NFOOD_X_G473,2026-03-01,102.2,3,2026-06-01,102.5414,101.0217,104.2227,99.5685,105.5539,FALSE,FALSE,may-2026,2026-07-16T08:41:26Z,102.5,2026-08-02,-0.0414,0.0414,0.0405,TRUE,TRUE,3.201,5.9854,3.201,5.9854,0.3,0.3
2026-07-01,rw_v1,SE,G47_NFOOD_X_G473,2026-03-01,102.2,4,2026-07-01,102.5799,100.8979,104.1284,99.8015,106.32,FALSE,FALSE,may-2026,2026-07-16T08:41:26Z,103.6,2026-09-12,1.0201,1.0201,0.9981,TRUE,TRUE,3.2305,6.5185,3.2305,6.5185,1.4,1.4
2026-07-01,rw_v1,SE,G474,2026-03-01,117.7,1,2026-04-01,118.3055,116.3612,120.016,114.3121,122.4792,FALSE,FALSE,may-2026,2026-07-16T08:41:26Z,113.1,2026-08-02,-5.2055,5.2055,4.4227,FALSE,FALSE,3.6548,8.1671,16.6996,20.2881,-4.6,4.6
2026-07-01,rw_v1,SE,G474,2026-03-01,117.7,2,2026-05-01,118.5842,116.4918,121.4395,113.8108,123.6016,FALSE,FALSE,may-2026,2026-07-16T08:41:26Z,122.2,2026-08-02,3.6158,3.6158,3.072,FALSE,TRUE,4.9477,9.7908,7.9897,9.7908,4.5,4.5
2026-07-01,rw_v1,SE,G474,2026-03-01,117.7,3,2026-06-01,119.262,116.5529,122.4034,114.6797,125.0419,FALSE,FALSE,may-2026,2026-07-16T08:41:26Z,121.5,2026-08-02,2.238,2.238,1.9014,TRUE,TRUE,5.8505,10.3622,5.8505,10.3622,3.8,3.8
2026-07-01,rw_v1,SE,G474,2026-03-01,117.7,4,2026-07-01,120.1725,116.4332,123.5891,113.27,126.718,FALSE,FALSE,may-2026,2026-07-16T08:41:26Z,123.3,2026-09-12,3.1275,3.1275,2.6572,TRUE,TRUE,7.1559,13.448,7.1559,13.448,5.6,5.6
2026-07-01,rw_v1,SE,G475,2026-03-01,83.5,1,2026-04-01,83.6133,82.2383,84.7104,80.9221,85.6589,FALSE,FALSE,may-2026,2026-07-16T08:41:26Z,85,2026-08-02,1.3867,1.3867,1.6607,FALSE,TRUE,2.4721,4.7368,3.6305,4.7368,1.5,1.5
2026-07-01,rw_v1,SE,G475,2026-03-01,83.5,2,2026-05-01,83.9479,81.0333,85.3074,79.1434,86.409,FALSE,FALSE,may-2026,2026-07-16T08:41:26Z,84.9,2026-08-02,0.9521,0.9521,1.1402,TRUE,TRUE,4.2741,7.2656,4.2741,7.2656,1.4,1.4
2026-07-01,rw_v1,SE,G475,2026-03-01,83.5,3,2026-06-01,83.2711,80.9035,85.4059,78.7959,86.6655,FALSE,FALSE,may-2026,2026-07-16T08:41:26Z,86.1,2026-08-02,2.8289,2.8289,3.3879,FALSE,TRUE,4.5024,7.8696,7.2788,7.8696,2.6,2.6
2026-07-01,rw_v1,SE,G475,2026-03-01,83.5,4,2026-07-01,83.1958,80.7139,85.5025,78.0991,87.0649,FALSE,FALSE,may-2026,2026-07-16T08:41:26Z,85.5,2026-09-12,2.3042,2.3042,2.7595,TRUE,TRUE,4.7886,8.9658,4.7886,8.9658,2,2
2026-07-01,rw_v1,SE,G476,2026-03-01,91.5,1,2026-04-01,91.6568,89.2106,93.681,86.4817,95.3712,FALSE,FALSE,may-2026,2026-07-16T08:41:26Z,88.6,2026-08-02,-3.0568,3.0568,3.3408,FALSE,TRUE,4.4704,8.8895,6.9128,8.8895,-2.9,2.9
2026-07-01,rw_v1,SE,G476,2026-03-01,91.5,2,2026-05-01,91.5502,87.9273,94.1181,86.0712,96.3836,FALSE,FALSE,may-2026,2026-07-16T08:41:26Z,88.8,2026-08-02,-2.7502,2.7502,3.0057,TRUE,TRUE,6.1908,10.3124,6.1908,10.3124,-2.7,2.7
2026-07-01,rw_v1,SE,G476,2026-03-01,91.5,3,2026-06-01,91.1799,88.7,93.921,86.0437,95.6585,FALSE,FALSE,may-2026,2026-07-16T08:41:26Z,88.9,2026-08-02,-2.2799,2.2799,2.4917,TRUE,TRUE,5.221,9.6148,5.221,9.6148,-2.6,2.6
2026-07-01,rw_v1,SE,G476,2026-03-01,91.5,4,2026-07-01,91.6718,88.4885,93.7853,85.9302,96.1937,FALSE,FALSE,may-2026,2026-07-16T08:41:26Z,92.2,2026-09-12,0.5282,0.5282,0.5773,TRUE,TRUE,5.2968,10.2635,5.2968,10.2635,0.7,0.7
2026-07-01,rw_v1,SE,G477,2026-03-01,107.1,1,2026-04-01,107.2371,106.2639,108.8341,104.3473,110.5475,FALSE,FALSE,may-2026,2026-07-16T08:41:26Z,105.8,2026-08-02,-1.4371,1.4371,1.3418,FALSE,TRUE,2.5702,6.2002,4.4258,6.2002,-1.3,1.3
2026-07-01,rw_v1,SE,G477,2026-03-01,107.1,2,2026-05-01,107.4492,106.3124,108.8996,103.3113,111.2518,FALSE,FALSE,may-2026,2026-07-16T08:41:26Z,105.5,2026-08-02,-1.9492,1.9492,1.82,FALSE,TRUE,2.5872,7.9405,5.8368,7.9405,-1.6,1.6
2026-07-01,rw_v1,SE,G477,2026-03-01,107.1,3,2026-06-01,107.7484,105.8031,109.3307,103.227,111.6568,FALSE,FALSE,may-2026,2026-07-16T08:41:26Z,105.2,2026-08-02,-2.5484,2.5484,2.3795,FALSE,TRUE,3.5276,8.4298,5.94,8.4298,-1.9,1.9
2026-07-01,rw_v1,SE,G477,2026-03-01,107.1,4,2026-07-01,107.4579,105.889,109.1898,103.2899,111.6459,FALSE,FALSE,may-2026,2026-07-16T08:41:26Z,107.9,2026-09-12,0.4421,0.4421,0.4128,TRUE,TRUE,3.3008,8.356,3.3008,8.356,0.8,0.8
2026-07-01,rw_v1,SI,G47_FOOD,2026-03-01,99.5,1,2026-04-01,99.7121,98.374,100.9708,97.0795,101.5113,FALSE,FALSE,may-2026,2026-07-16T08:41:26Z,100.7,2026-08-02,0.9879,0.9879,0.9929,TRUE,TRUE,2.5968,4.4318,2.5968,4.4318,1.2,1.2
2026-07-01,rw_v1,SI,G47_FOOD,2026-03-01,99.5,2,2026-05-01,99.6679,98.2868,100.6984,96.9131,102.0481,FALSE,FALSE,may-2026,2026-07-16T08:41:26Z,100,2026-08-02,0.3321,0.3321,0.3338,TRUE,TRUE,2.4116,5.135,2.4116,5.135,0.5,0.5
2026-07-01,rw_v1,SI,G47_FOOD,2026-03-01,99.5,3,2026-06-01,99.8052,98.531,100.6412,97.1017,101.8282,FALSE,FALSE,may-2026,2026-07-16T08:41:26Z,101.1,2026-08-02,1.2948,1.2948,1.3013,FALSE,TRUE,2.1102,4.7265,3.9454,4.7265,1.6,1.6
2026-07-01,rw_v1,SI,G47_FOOD,2026-03-01,99.5,4,2026-07-01,99.6874,98.3981,101.1959,96.3302,102.1498,FALSE,FALSE,may-2026,2026-07-16T08:41:26Z,99.6,2026-09-12,-0.0874,0.0874,0.0878,TRUE,TRUE,2.7978,5.8196,2.7978,5.8196,0.1,0.1
2026-07-01,rw_v1,SI,G47_NFOOD_X_G473,2026-03-01,106.6,1,2026-04-01,106.7463,105.8445,107.7197,105.1574,108.6578,FALSE,FALSE,may-2026,2026-07-16T08:41:26Z,106.3,2026-08-02,-0.4463,0.4463,0.4187,TRUE,TRUE,1.8752,3.5004,1.8752,3.5004,-0.3,0.3
2026-07-01,rw_v1,SI,G47_NFOOD_X_G473,2026-03-01,106.6,2,2026-05-01,106.7752,105.7016,108.0153,104.4109,109.2821,FALSE,FALSE,may-2026,2026-07-16T08:41:26Z,106.1,2026-08-02,-0.6752,0.6752,0.6334,TRUE,TRUE,2.3137,4.8712,2.3137,4.8712,-0.5,0.5
2026-07-01,rw_v1,SI,G47_NFOOD_X_G473,2026-03-01,106.6,3,2026-06-01,107.1002,105.8299,108.2681,104.1425,109.3189,FALSE,FALSE,may-2026,2026-07-16T08:41:26Z,106.1,2026-08-02,-1.0002,1.0002,0.9383,TRUE,TRUE,2.4382,5.1764,2.4382,5.1764,-0.5,0.5
2026-07-01,rw_v1,SI,G47_NFOOD_X_G473,2026-03-01,106.6,4,2026-07-01,107.3202,106.0827,108.4119,103.9785,109.6963,FALSE,FALSE,may-2026,2026-07-16T08:41:26Z,108.1,2026-09-12,0.7798,0.7798,0.7315,TRUE,TRUE,2.3292,5.7178,2.3292,5.7178,1.5,1.5
2026-07-01,rw_v1,SK,G47_FOOD,2026-03-01,96.7,1,2026-04-01,96.4967,95.3772,97.2337,94.3397,98.1775,FALSE,FALSE,may-2026,2026-07-16T08:41:26Z,96.5,2026-08-02,0.0033,0.0033,0.0034,TRUE,TRUE,1.8565,3.8378,1.8565,3.8378,-0.2,0.2
2026-07-01,rw_v1,SK,G47_FOOD,2026-03-01,96.7,2,2026-05-01,96.0907,94.7719,97.3004,93.421,98.458,FALSE,FALSE,may-2026,2026-07-16T08:41:26Z,96.2,2026-08-02,0.1093,0.1093,0.113,TRUE,TRUE,2.5285,5.037,2.5285,5.037,-0.5,0.5
2026-07-01,rw_v1,SK,G47_FOOD,2026-03-01,96.7,3,2026-06-01,96.1252,94.2503,97.0892,92.6728,98.0662,FALSE,FALSE,may-2026,2026-07-16T08:41:26Z,96.3,2026-09-12,0.1748,0.1748,0.1808,TRUE,TRUE,2.8389,5.3934,2.8389,5.3934,-0.4,0.4
2026-07-01,rw_v1,SK,G47_FOOD,2026-03-01,96.7,4,2026-07-01,95.4254,93.592,97.2799,92.059,98.1474,FALSE,FALSE,may-2026,2026-07-16T08:41:26Z,97.2,2026-09-12,1.7746,1.7746,1.8352,TRUE,TRUE,3.6879,6.0884,3.6879,6.0884,0.5,0.5
2026-07-01,rw_v1,SK,G47_NFOOD_X_G473,2026-03-01,109.6,1,2026-04-01,110.2882,108.6162,111.8932,106.3679,113.7348,FALSE,TRUE,may-2026,2026-07-16T08:41:26Z,108.8,2026-08-02,-1.4882,1.4882,1.3578,TRUE,TRUE,3.277,7.3669,3.277,7.3669,-0.8,0.8
2026-07-01,rw_v1,SK,G47_NFOOD_X_G473,2026-03-01,109.6,2,2026-05-01,110.4269,107.7947,112.4751,105.353,116.3999,FALSE,TRUE,may-2026,2026-07-16T08:41:26Z,108.3,2026-08-02,-2.1269,2.1269,1.9406,TRUE,TRUE,4.6804,11.0469,4.6804,11.0469,-1.3,1.3
2026-07-01,rw_v1,SK,G47_NFOOD_X_G473,2026-03-01,109.6,3,2026-06-01,110.5767,107.4483,114.137,104.3658,116.7832,FALSE,TRUE,may-2026,2026-07-16T08:41:26Z,108.8,2026-09-12,-1.7767,1.7767,1.6211,TRUE,TRUE,6.6887,12.4174,6.6887,12.4174,-0.8,0.8
2026-07-01,rw_v1,SK,G47_NFOOD_X_G473,2026-03-01,109.6,4,2026-07-01,110.422,107.0513,114.2767,102.2238,119.5166,FALSE,TRUE,may-2026,2026-07-16T08:41:26Z,107.8,2026-09-12,-2.622,2.622,2.3923,TRUE,TRUE,7.2254,17.2928,7.2254,17.2928,-1.8,1.8
2026-07-01,rw_v1,TR,G47_FOOD,2026-02-01,162.1,1,2026-03-01,163.1545,162.2379,164.0557,161.1732,165.272,FALSE,FALSE,may-2026,2026-07-16T08:41:26Z,163.4,2026-08-02,0.2455,0.2455,0.1514,TRUE,TRUE,1.8178,4.0988,1.8178,4.0988,1.3,1.3
2026-07-01,rw_v1,TR,G47_FOOD,2026-02-01,162.1,2,2026-04-01,164.1604,163.1247,165.4142,161.6752,166.892,FALSE,FALSE,may-2026,2026-07-16T08:41:26Z,164.2,2026-08-02,0.0396,0.0396,0.0244,TRUE,TRUE,2.2895,5.2168,2.2895,5.2168,2.1,2.1
2026-07-01,rw_v1,TR,G47_FOOD,2026-02-01,162.1,3,2026-05-01,165.1289,164.0677,166.7262,162.2065,168.4229,FALSE,FALSE,may-2026,2026-07-16T08:41:26Z,166.7,2026-08-02,1.5711,1.5711,0.9692,TRUE,TRUE,2.6585,6.2164,2.6585,6.2164,4.6,4.6
2026-07-01,rw_v1,TR,G47_FOOD,2026-02-01,162.1,4,2026-06-01,166.2449,164.9273,168.0478,162.7292,169.4936,FALSE,FALSE,may-2026,2026-07-16T08:41:26Z,162.5,2026-09-12,-3.7449,3.7449,2.3102,FALSE,FALSE,3.1205,6.7644,12.8297,9.0564,0.4,0.4
2026-07-01,rw_v1,TR,G47_FOOD,2026-02-01,162.1,5,2026-07-01,167.4601,165.9316,169.0583,162.9549,170.9682,FALSE,FALSE,may-2026,2026-07-16T08:41:26Z,163.9,2026-09-12,-3.5601,3.5601,2.1962,FALSE,TRUE,3.1267,8.0133,11.2531,8.0133,1.8,1.8
2026-07-01,rw_v1,TR,G47_NFOOD_X_G473,2026-02-01,247.3,1,2026-03-01,249.8239,247.5251,252.4529,244.6045,255.367,FALSE,FALSE,may-2026,2026-07-16T08:41:26Z,256.2,2026-08-02,6.3761,6.3761,2.5783,FALSE,FALSE,4.9278,10.7625,19.9162,19.0925,8.9,8.9
2026-07-01,rw_v1,TR,G47_NFOOD_X_G473,2026-02-01,247.3,2,2026-04-01,251.8838,249.1652,255.6836,243.7882,259.3306,FALSE,FALSE,may-2026,2026-07-16T08:41:26Z,250.4,2026-08-02,-1.4838,1.4838,0.6,TRUE,TRUE,6.5184,15.5424,6.5184,15.5424,3.1,3.1
2026-07-01,rw_v1,TR,G47_NFOOD_X_G473,2026-02-01,247.3,3,2026-05-01,254.3108,250.3143,259.5198,245.3073,263.2484,FALSE,FALSE,may-2026,2026-07-16T08:41:26Z,257.6,2026-08-02,3.2892,3.2892,1.33,TRUE,TRUE,9.2055,17.9411,9.2055,17.9411,10.3,10.3
2026-07-01,rw_v1,TR,G47_NFOOD_X_G473,2026-02-01,247.3,4,2026-06-01,256.2807,252.2612,262.4811,247.1442,267.4245,FALSE,FALSE,may-2026,2026-07-16T08:41:26Z,257.7,2026-09-12,1.4193,1.4193,0.5739,TRUE,TRUE,10.2199,20.2803,10.2199,20.2803,10.4,10.4
2026-07-01,rw_v1,TR,G47_NFOOD_X_G473,2026-02-01,247.3,5,2026-07-01,258.5537,253.6531,265.1785,249.1201,271.6699,FALSE,FALSE,may-2026,2026-07-16T08:41:26Z,257.1,2026-09-12,-1.4537,1.4537,0.5878,TRUE,TRUE,11.5254,22.5498,11.5254,22.5498,9.8,9.8
2026-07-01,rw_v1,TR,G474,2026-02-01,337.3,1,2026-03-01,340.8802,336.7788,344.0258,329.9139,353.196,FALSE,FALSE,may-2026,2026-07-16T08:41:26Z,341.5,2026-08-02,0.6198,0.6198,0.1838,TRUE,TRUE,7.247,23.2821,7.247,23.2821,4.2,4.2
2026-07-01,rw_v1,TR,G474,2026-02-01,337.3,2,2026-04-01,345.4742,338.8523,349.9166,332.3073,359.9687,FALSE,FALSE,may-2026,2026-07-16T08:41:26Z,345.5,2026-08-02,0.0258,0.0258,0.0076,TRUE,TRUE,11.0643,27.6614,11.0643,27.6614,8.2,8.2
2026-07-01,rw_v1,TR,G474,2026-02-01,337.3,3,2026-05-01,347.0184,341.5969,356.1083,330.743,369.3984,FALSE,FALSE,may-2026,2026-07-16T08:41:26Z,356.5,2026-08-02,9.4816,9.4816,2.811,FALSE,TRUE,14.5114,38.6554,16.0782,38.6554,19.2,19.2
2026-07-01,rw_v1,TR,G474,2026-02-01,337.3,4,2026-06-01,351.5163,343.8083,362.0816,334.8435,371.0839,FALSE,FALSE,may-2026,2026-07-16T08:41:26Z,337.7,2026-09-12,-13.8163,13.8163,4.0961,FALSE,TRUE,18.2733,36.2404,42.7065,36.2404,0.4,0.4
2026-07-01,rw_v1,TR,G474,2026-02-01,337.3,5,2026-07-01,354.3926,345.3256,366.1564,340.0222,380.4787,FALSE,FALSE,may-2026,2026-07-16T08:41:26Z,338.9,2026-09-12,-15.4926,15.4926,4.5931,FALSE,FALSE,20.8308,40.4565,46.5332,51.6785,1.6,1.6
2026-07-01,rw_v1,TR,G475,2026-02-01,172.2,1,2026-03-01,173.8862,170.6036,177.0732,165.2371,180.0286,FALSE,TRUE,may-2026,2026-07-16T08:41:26Z,173.3,2026-08-02,-0.5862,0.5862,0.3404,TRUE,TRUE,6.4696,14.7915,6.4696,14.7915,1.1,1.1
2026-07-01,rw_v1,TR,G475,2026-02-01,172.2,2,2026-04-01,174.8949,169.5622,179.3701,163.6395,182.813,FALSE,TRUE,may-2026,2026-07-16T08:41:26Z,173.7,2026-08-02,-1.1949,1.1949,0.6939,TRUE,TRUE,9.8079,19.1735,9.8079,19.1735,1.5,1.5
2026-07-01,rw_v1,TR,G475,2026-02-01,172.2,3,2026-05-01,175.6404,168.9307,180.7035,164.4053,186.1382,FALSE,TRUE,may-2026,2026-07-16T08:41:26Z,176.3,2026-08-02,0.6596,0.6596,0.383,TRUE,TRUE,11.7728,21.7329,11.7728,21.7329,4.1,4.1
2026-07-01,rw_v1,TR,G475,2026-02-01,172.2,4,2026-06-01,175.807,169.8648,182.2831,164.0594,188.6486,FALSE,TRUE,may-2026,2026-07-16T08:41:26Z,166.2,2026-09-12,-9.607,9.607,5.579,FALSE,TRUE,12.4183,24.5892,27.0775,24.5892,-6,6
2026-07-01,rw_v1,TR,G475,2026-02-01,172.2,5,2026-07-01,176.7199,171.1399,183.6164,163.3359,189.9711,FALSE,TRUE,may-2026,2026-07-16T08:41:26Z,164.9,2026-09-12,-11.8199,11.8199,6.8641,FALSE,TRUE,12.4765,26.6352,37.4361,26.6352,-7.3,7.3
2026-07-01,rw_v1,TR,G476,2026-02-01,212.6,1,2026-03-01,213.8857,211.9828,216.7419,209.7472,219.6072,FALSE,FALSE,may-2026,2026-07-16T08:41:26Z,218.4,2026-08-02,4.5143,4.5143,2.1234,FALSE,TRUE,4.7591,9.86,11.3915,9.86,5.8,5.8
2026-07-01,rw_v1,TR,G476,2026-02-01,212.6,2,2026-04-01,215.6921,212.417,219.7401,208.8816,223.9348,FALSE,FALSE,may-2026,2026-07-16T08:41:26Z,220.9,2026-08-02,5.2079,5.2079,2.4496000000000002,FALSE,TRUE,7.3231,15.0532,11.9627,15.0532,8.3,8.3
2026-07-01,rw_v1,TR,G476,2026-02-01,212.6,3,2026-05-01,217.705,214.2662,221.3071,209.3394,228.0632,FALSE,FALSE,may-2026,2026-07-16T08:41:26Z,222.3,2026-08-02,4.595,4.595,2.1613,FALSE,TRUE,7.0409,18.7238,11.0125,18.7238,9.7,9.7
2026-07-01,rw_v1,TR,G476,2026-02-01,212.6,4,2026-06-01,219.1322,215.2806,224.3124,210.4956,230.2403,FALSE,FALSE,may-2026,2026-07-16T08:41:26Z,220.1,2026-09-12,0.9678,0.9678,0.4552,TRUE,TRUE,9.0318,19.7447,9.0318,19.7447,7.5,7.5
2026-07-01,rw_v1,TR,G476,2026-02-01,212.6,5,2026-07-01,219.7118,215.9262,227.8986,210.7608,233.797,FALSE,FALSE,may-2026,2026-07-16T08:41:26Z,227.2,2026-09-12,7.4882,7.4882,3.5222,TRUE,TRUE,11.9724,23.0362,11.9724,23.0362,14.6,14.6
2026-07-01,rw_v1,TR,G477,2026-02-01,267.5,1,2026-03-01,270.5316,267.9056,273.1554,264.2542,277.3145,FALSE,FALSE,may-2026,2026-07-16T08:41:26Z,283.9,2026-08-02,13.3684,13.3684,4.9975,FALSE,FALSE,5.2498,13.0603,48.2282,78.9153,16.4,16.4
2026-07-01,rw_v1,TR,G477,2026-02-01,267.5,2,2026-04-01,272.6091,269.6682,277.4489,264.6898,283.0192,FALSE,FALSE,may-2026,2026-07-16T08:41:26Z,270.1,2026-08-02,-2.5091,2.5091,0.938,TRUE,TRUE,7.7807,18.3294,7.7807,18.3294,2.6,2.6
2026-07-01,rw_v1,TR,G477,2026-02-01,267.5,3,2026-05-01,274.7827,271.2979,280.3565,268.5861,287.4677,FALSE,FALSE,may-2026,2026-07-16T08:41:26Z,279.3,2026-08-02,4.5173,4.5173,1.6887,TRUE,TRUE,9.0586,18.8816,9.0586,18.8816,11.8,11.8
2026-07-01,rw_v1,TR,G477,2026-02-01,267.5,4,2026-06-01,277.335,273.6393,285.6068,270.5194,289.948,FALSE,FALSE,may-2026,2026-07-16T08:41:26Z,289.1,2026-09-12,11.765,11.765,4.3981,FALSE,TRUE,11.9675,19.4286,25.9403,19.4286,21.6,21.6
2026-07-01,rw_v1,TR,G477,2026-02-01,267.5,5,2026-07-01,280.2245,275.8869,287.427,271.814,294.1577,FALSE,FALSE,may-2026,2026-07-16T08:41:26Z,287,2026-09-12,6.7755,6.7755,2.5329,TRUE,TRUE,11.5401,22.3437,11.5401,22.3437,19.5,19.5
2026-07-01,rw_v1,TR,G479,2026-02-01,261.3,1,2026-03-01,263.9127,262.8399,265.3912,260.1592,270.1198,FALSE,FALSE,may-2026,2026-07-16T08:41:26Z,262.5,2026-08-02,-1.4127,1.4127,0.5406,FALSE,TRUE,2.5513,9.9606,3.9109,9.9606,1.2,1.2
2026-07-01,rw_v1,TR,G479,2026-02-01,261.3,2,2026-04-01,267.0777,265.3461,268.8461,264.1507,272.1643,FALSE,FALSE,may-2026,2026-07-16T08:41:26Z,265.4,2026-08-02,-1.6777,1.6777,0.6421,TRUE,TRUE,3.5,8.0136,3.5,8.0136,4.1,4.1
2026-07-01,rw_v1,TR,G479,2026-02-01,261.3,3,2026-05-01,269.8179,267.4125,272.561,265.4497,277.6214,FALSE,FALSE,may-2026,2026-07-16T08:41:26Z,268.2,2026-08-02,-1.6179,1.6179,0.6192,TRUE,TRUE,5.1485,12.1717,5.1485,12.1717,6.9,6.9
2026-07-01,rw_v1,TR,G479,2026-02-01,261.3,4,2026-06-01,272.7289,269.8357,276.3621,267.9467,282.3941,FALSE,FALSE,may-2026,2026-07-16T08:41:26Z,279.1,2026-09-12,6.3711,6.3711,2.4382,FALSE,TRUE,6.5264,14.4474,17.478,14.4474,17.8,17.8
2026-07-01,rw_v1,TR,G479,2026-02-01,261.3,5,2026-07-01,275.3521,271.8996,280.469,269.9617,286.7079,FALSE,FALSE,may-2026,2026-07-16T08:41:26Z,281.8,2026-09-12,6.4479,6.4479,2.4676,FALSE,TRUE,8.5694,16.7462,13.8934,16.7462,20.5,20.5
2026-08-01,rw_v1,AL,G47,2026-05-01,122.4,1,2026-06-01,122.75,121.535,124.3494,119.9072,125.9447,FALSE,FALSE,aug-2026,2026-08-02T19:48:31Z,133.9,2026-09-12,11.15,11.15,9.1095,FALSE,FALSE,2.8144,6.0375,41.0168,85.5905,11.5,11.5
2026-08-01,rw_v1,AT,G47,2026-05-01,97.6,1,2026-06-01,97.5684,96.6639,98.5899,95.2827,99.4884,FALSE,FALSE,aug-2026,2026-08-02T19:48:31Z,97.5,2026-09-12,-0.0684,0.0684,0.0701,TRUE,TRUE,1.926,4.2057,1.926,4.2057,-0.1,0.1
2026-08-01,rw_v1,AT,G47,2026-05-01,97.6,2,2026-07-01,97.5348,96.5374,98.4605,95.1786,99.5996,FALSE,FALSE,aug-2026,2026-08-02T19:48:31Z,98.1,2026-09-12,0.5652,0.5652,0.5791,TRUE,TRUE,1.9231,4.421,1.9231,4.421,0.5,0.5
2026-08-01,rw_v1,AT,G47,2026-05-01,97.6,3,2026-08-01,97.4556,96.5098,98.8725,95.4654,99.5247,FALSE,FALSE,aug-2026,2026-08-02T19:48:31Z,97.2,2026-10-07,-0.2556,0.2556,0.2619,TRUE,TRUE,2.3627,4.0593,2.3627,4.0593,-0.4,0.4
2026-08-01,rw_v1,BE,G47,2026-06-01,93.4,1,2026-07-01,93.3956,92.6136,94.2123,91.5269,95.0159,FALSE,FALSE,aug-2026,2026-08-02T19:48:31Z,94.2,2026-09-12,0.8044,0.8044,0.8612,TRUE,TRUE,1.5987,3.489,1.5987,3.489,0.8,0.8
2026-08-01,rw_v1,BE,G47,2026-06-01,93.4,2,2026-08-01,93.5458,92.5609,94.252,90.9788,95.1977,FALSE,FALSE,aug-2026,2026-08-02T19:48:31Z,94,2026-10-07,0.4542,0.4542,0.4863,TRUE,TRUE,1.6911,4.2189,1.6911,4.2189,0.6,0.6
2026-08-01,rw_v1,BG,G47,2026-06-01,129.1,1,2026-07-01,129.6697,129.0524,130.376,128.2712,131.0572,FALSE,FALSE,aug-2026,2026-08-02T19:48:31Z,128.8,2026-09-12,-0.8697,0.8697,0.6737,FALSE,TRUE,1.3236,2.786,2.3332,2.786,-0.3,0.3
2026-08-01,rw_v1,BG,G47,2026-06-01,129.1,2,2026-08-01,130.1832,129.4023,130.9256,128.7869,131.9444,FALSE,FALSE,aug-2026,2026-08-02T19:48:31Z,129,2026-10-07,-1.1832,1.1832,0.9165,FALSE,TRUE,1.5233,3.1575,3.1325,3.1575,-0.1,0.1
2026-08-01,rw_v1,CH,G47,2026-06-01,102.7,1,2026-07-01,102.6946,102.1364,103.4071,100.3664,104.4118,FALSE,FALSE,aug-2026,2026-08-02T19:48:31Z,103.2,2026-09-12,0.5054,0.5054,0.4921,TRUE,TRUE,1.2707,4.0454,1.2707,4.0454,0.5,0.5
2026-08-01,rw_v1,CH,G47,2026-06-01,102.7,2,2026-08-01,102.8572,101.7897,103.4958,100.8118,104.639,FALSE,FALSE,aug-2026,2026-08-02T19:48:31Z,104,2026-10-07,1.1428,1.1428,1.1128,FALSE,TRUE,1.7061,3.8272,3.7229,3.8272,1.3,1.3
2026-08-01,rw_v1,CY,G47,2026-06-01,131.3,1,2026-07-01,131.6667,130.9104,132.763,129.8114,133.9101,FALSE,FALSE,aug-2026,2026-08-02T19:48:31Z,134.3,2026-09-12,2.6333,2.6333,2.0056,FALSE,FALSE,1.8526,4.0987,8.0006,7.9977,3,3
2026-08-01,rw_v1,CY,G47,2026-06-01,131.3,2,2026-08-01,132.4531,131.1375,133.4583,130.1557,134.5031,FALSE,FALSE,aug-2026,2026-08-02T19:48:31Z,134.7,2026-10-07,2.2469,2.2469,1.7113,FALSE,FALSE,2.3208,4.3474,7.2876,6.3164,3.4,3.4
2026-08-01,rw_v1,CZ,G47,2026-05-01,103.2,1,2026-06-01,103.2248,102.605,103.9127,101.8859,104.8087,FALSE,FALSE,aug-2026,2026-08-02T19:48:31Z,103.1,2026-09-12,-0.1248,0.1248,0.1209,TRUE,TRUE,1.3077,2.9228,1.3077,2.9228,-0.1,0.1
2026-08-01,rw_v1,CZ,G47,2026-05-01,103.2,2,2026-07-01,103.4371,102.6043,104.2242,101.2892,105.1009,FALSE,FALSE,aug-2026,2026-08-02T19:48:31Z,103.7,2026-09-12,0.2629,0.2629,0.2547,TRUE,TRUE,1.6199,3.8117,1.6199,3.8117,0.5,0.5
2026-08-01,rw_v1,DE,G47,2026-05-01,101.9,1,2026-06-01,101.9258,101.1705,102.9002,100.0696,104.2265,FALSE,FALSE,aug-2026,2026-08-02T19:48:31Z,101.8,2026-09-12,-0.1258,0.1258,0.1235,TRUE,TRUE,1.7297,4.1569,1.7297,4.1569,-0.1,0.1
2026-08-01,rw_v1,DE,G47,2026-05-01,101.9,2,2026-07-01,101.9018,101.0843,102.9503,100.0964,104.4475,FALSE,FALSE,aug-2026,2026-08-02T19:48:31Z,98.3,2026-09-12,-3.6018,3.6018,3.5346,FALSE,FALSE,1.866,4.3511,13.0032,22.3151,-3.6,3.6
2026-08-01,rw_v1,DE,G47,2026-05-01,101.9,3,2026-08-01,102.2545,101.1899,103.298,99.7829,104.5375,FALSE,FALSE,aug-2026,2026-08-02T19:48:31Z,99.9,2026-10-07,-2.3545,2.3545,2.3106,FALSE,TRUE,2.1081,4.7546,7.2677,4.7546,-2,2
2026-08-01,rw_v1,EE,G47,2026-06-01,94.1,1,2026-07-01,94.1337,93.0861,95.0252,92.1872,96.1088,FALSE,FALSE,aug-2026,2026-08-02T19:48:31Z,95,2026-09-12,0.8663,0.8663,0.9206,TRUE,TRUE,1.9391,3.9216,1.9391,3.9216,0.9,0.9
2026-08-01,rw_v1,EE,G47,2026-06-01,94.1,2,2026-08-01,94.1786,92.8346,95.0978,92.1418,96.7666,FALSE,FALSE,aug-2026,2026-08-02T19:48:31Z,96.4,2026-10-07,2.2214,2.2214,2.3607,FALSE,TRUE,2.2632,4.6248,7.472,4.6248,2.3,2.3
2026-08-01,rw_v1,EL,G47,2026-05-01,105.2,1,2026-06-01,105.5599,103.4323,107.5438,101.2361,108.9478,FALSE,FALSE,aug-2026,2026-08-02T19:48:31Z,103.6,2026-09-12,-1.9599,1.9599,1.863,TRUE,TRUE,4.1115,7.7117000000000004,4.1115,7.7117000000000004,-1.6,1.6
2026-08-01,rw_v1,EL,G47,2026-05-01,105.2,2,2026-07-01,105.5632,103.4951,107.43,101.4729,110.1824,FALSE,FALSE,aug-2026,2026-08-02T19:48:31Z,105,2026-10-07,-0.5632,0.5632,0.5354,TRUE,TRUE,3.9349,8.7095,3.9349,8.7095,-0.2,0.2
2026-08-01,rw_v1,ES,G47,2026-06-01,112.6,1,2026-07-01,112.8154,112.2387,113.5222,111.4292,114.3298,FALSE,FALSE,aug-2026,2026-08-02T19:48:31Z,111.5,2026-09-12,-1.3154,1.3154,1.1682,FALSE,TRUE,1.2835,2.9006,4.2383,2.9006,-1.1,1.1
2026-08-01,rw_v1,ES,G47,2026-06-01,112.6,2,2026-08-01,112.9547,112.2235,113.6727,111.5849,114.4134,FALSE,FALSE,aug-2026,2026-08-02T19:48:31Z,111.6,2026-10-07,-1.3547,1.3547,1.2031,FALSE,TRUE,1.4492,2.8285,3.9432,2.8285,-1,1
2026-08-01,rw_v1,FI,G47,2026-06-01,93.8,1,2026-07-01,93.7771,93.0952,94.5035,92.1,95.0197,FALSE,FALSE,aug-2026,2026-08-02T19:48:31Z,94.2,2026-09-12,0.4229,0.4229,0.4509,TRUE,TRUE,1.4083,2.9197,1.4083,2.9197,0.4,0.4
2026-08-01,rw_v1,FI,G47,2026-06-01,93.8,2,2026-08-01,93.8153,92.8842,94.6034,92.074700000000007,95.298,FALSE,FALSE,aug-2026,2026-08-02T19:48:31Z,94.9,2026-10-07,1.0847,1.0847,1.1564,FALSE,TRUE,1.7192,3.2233,2.9056,3.2233,1.1,1.1
2026-08-01,rw_v1,FR,G47,2026-06-01,107.7,1,2026-07-01,107.8736,107.1738,108.3959,106.1582,109.1683,FALSE,FALSE,aug-2026,2026-08-02T19:48:31Z,109.7,2026-09-12,1.8264,1.8264,1.6958,FALSE,FALSE,1.2221,3.0101,6.4385,8.3271,2,2
2026-08-01,rw_v1,FR,G47,2026-06-01,107.7,2,2026-08-01,107.9481,107.3661,108.6481,106.63,109.6122,FALSE,FALSE,aug-2026,2026-08-02T19:48:31Z,108.6,2026-10-07,0.6519,0.6519,0.6053,TRUE,TRUE,1.282,2.9822,1.282,2.9822,0.9,0.9
2026-08-01,rw_v1,HR,G47,2026-06-01,118.1,1,2026-07-01,118.6074,117.6254,119.3793,116.4667,120.4652,FALSE,FALSE,aug-2026,2026-08-02T19:48:31Z,119.7,2026-09-12,1.0926,1.0926,0.9251,FALSE,TRUE,1.7539,3.9985,3.0367,3.9985,1.6,1.6
2026-08-01,rw_v1,HR,G47,2026-06-01,118.1,2,2026-08-01,118.8556,117.6841,119.8337,116.462,121.1168,FALSE,FALSE,aug-2026,2026-08-02T19:48:31Z,119.8,2026-10-07,0.9444,0.9444,0.7997,TRUE,TRUE,2.1496,4.6548,2.1496,4.6548,1.7,1.7
2026-08-01,rw_v1,HU,G47,2026-05-01,106.8,1,2026-06-01,107.074,106.2853,107.6062,105.5262,108.3233,FALSE,FALSE,aug-2026,2026-08-02T19:48:31Z,106.3,2026-09-12,-0.774,0.774,0.7247,TRUE,TRUE,1.3209,2.7971,1.3209,2.7971,-0.5,0.5
2026-08-01,rw_v1,HU,G47,2026-05-01,106.8,2,2026-07-01,107.2361,106.5279,108.0252,105.3253,108.8492,FALSE,FALSE,aug-2026,2026-08-02T19:48:31Z,107.4,2026-09-12,0.1639,0.1639,0.1535,TRUE,TRUE,1.4973,3.5239,1.4973,3.5239,0.6,0.6
2026-08-01,rw_v1,HU,G47,2026-05-01,106.8,3,2026-08-01,107.3775,106.7348,108.2584,104.7404,109.2936,FALSE,FALSE,aug-2026,2026-08-02T19:48:31Z,106.3,2026-10-07,-1.0775,1.0775,1.0089,FALSE,TRUE,1.5236,4.5532,3.2628,4.5532,-0.5,0.5
2026-08-01,rw_v1,IE,G47,2026-06-01,111.6,1,2026-07-01,111.4656,111.1029,112.2015,110.1938,112.6696,FALSE,FALSE,aug-2026,2026-08-02T19:48:31Z,112.7,2026-09-12,1.2344,1.2344,1.1061,FALSE,FALSE,1.0986,2.4758,3.0926,2.7798,1.1,1.1
2026-08-01,rw_v1,IE,G47,2026-06-01,111.6,2,2026-08-01,111.4135,110.721,112.1049,109.6077,112.6887,FALSE,FALSE,aug-2026,2026-08-02T19:48:31Z,113.1,2026-10-07,1.6865,1.6865,1.5112,FALSE,FALSE,1.3839,3.081,5.3643,7.194,1.5,1.5
2026-08-01,rw_v1,IT,G47,2026-05-01,98,1,2026-06-01,97.9785,97.5375,98.4204,96.9882,99.1035,FALSE,FALSE,aug-2026,2026-08-02T19:48:31Z,97.9,2026-09-12,-0.0785,0.0785,0.0801,TRUE,TRUE,0.8829,2.1153,0.8829,2.1153,-0.1,0.1
2026-08-01,rw_v1,IT,G47,2026-05-01,98,2,2026-07-01,98.0055,97.4684,98.4372,96.8735,99.7557,FALSE,FALSE,aug-2026,2026-08-02T19:48:31Z,97.6,2026-09-12,-0.4055,0.4055,0.4138,TRUE,TRUE,0.9688,2.8822,0.9688,2.8822,-0.4,0.4
2026-08-01,rw_v1,IT,G47,2026-05-01,98,3,2026-08-01,97.972,97.4093,98.4422,96.697,100.8577,FALSE,FALSE,aug-2026,2026-08-02T19:48:31Z,97.6,2026-10-07,-0.372,0.372,0.3796,TRUE,TRUE,1.0329,4.1607,1.0329,4.1607,-0.4,0.4
2026-08-01,rw_v1,LT,G47,2026-06-01,114.2,1,2026-07-01,114.6133,113.5544,115.3335,112.7973,116.8024,FALSE,FALSE,aug-2026,2026-08-02T19:48:31Z,115.4,2026-09-12,0.7867,0.7867,0.6889,FALSE,TRUE,1.7791,4.0051,2.0451,4.0051,1.2,1.2
2026-08-01,rw_v1,LT,G47,2026-06-01,114.2,2,2026-08-01,114.9515,113.5183,115.9632,112.2508,117.5298,FALSE,FALSE,aug-2026,2026-08-02T19:48:31Z,115.3,2026-10-07,0.3485,0.3485,0.3052,TRUE,TRUE,2.4449,5.279,2.4449,5.279,1.1,1.1
2026-08-01,rw_v1,LU,G47,2026-06-01,144.3,1,2026-07-01,146.8456,144.5368,149.1862,141.4598,151.6682,FALSE,FALSE,aug-2026,2026-08-02T19:48:31Z,143.5,2026-09-12,-3.3456,3.3456,2.3185,FALSE,TRUE,4.6494,10.2084,8.7966,10.2084,-0.8,0.8
2026-08-01,rw_v1,LU,G47,2026-06-01,144.3,2,2026-08-01,149.5223,145.0053,153.6269,140.7333,156.847,FALSE,FALSE,aug-2026,2026-08-02T19:48:31Z,127.9,2026-10-07,-21.6223,21.6223,14.9843,FALSE,FALSE,8.6216,16.1137,77.0428,144.4467,-16.4,16.4
2026-08-01,rw_v1,LV,G47,2026-06-01,107.1,1,2026-07-01,107.1769,106.2743,108.0932,105.2129,109.8991,FALSE,FALSE,aug-2026,2026-08-02T19:48:31Z,110.5,2026-09-12,3.3231,3.3231,3.1028,FALSE,FALSE,1.8189,4.6862,11.4461,10.6952,3.4,3.4
2026-08-01,rw_v1,LV,G47,2026-06-01,107.1,2,2026-08-01,107.447,106.2025,108.525,104.59,109.8663,FALSE,FALSE,aug-2026,2026-08-02T19:48:31Z,108.3,2026-10-07,0.853,0.853,0.7965,TRUE,TRUE,2.3225,5.2763,2.3225,5.2763,1.2,1.2
2026-08-01,rw_v1,ME,G47,2026-06-01,144.2,1,2026-07-01,144.7914,143.2963,146.8277,140.7964,149.3793,FALSE,FALSE,aug-2026,2026-08-02T19:48:31Z,143.1,2026-09-12,-1.6914,1.6914,1.173,FALSE,TRUE,3.5314,8.5829,4.3166,8.5829,-1.1,1.1
2026-08-01,rw_v1,ME,G47,2026-06-01,144.2,2,2026-08-01,145.5022,143.5621,147.846,140.9935,150.7434,FALSE,FALSE,aug-2026,2026-08-02T19:48:31Z,142.5,2026-10-07,-3.0022,3.0022,2.082,FALSE,TRUE,4.2839,9.7499,8.5323,9.7499,-1.7,1.7
2026-08-01,rw_v1,MK,G47,2026-05-01,110.5,1,2026-06-01,111.0012,109.0037,113.0685,106.3303,114.9812,FALSE,FALSE,aug-2026,2026-08-02T19:48:31Z,107.3,2026-09-12,-3.7012,3.7012,3.3495,FALSE,TRUE,4.0648,8.6509,10.8796,8.6509,-3.2,3.2
2026-08-01,rw_v1,MK,G47,2026-05-01,110.5,2,2026-07-01,111.1003,108.8378,113.4737,106.8417,116.5048,FALSE,FALSE,aug-2026,2026-08-02T19:48:31Z,107.3,2026-10-07,-3.8003,3.8003,3.4392,FALSE,TRUE,4.6359,9.6631,10.7871,9.6631,-3.2,3.2
2026-08-01,rw_v1,MT,G47,2026-06-01,127.8,1,2026-07-01,128.1819,127.4163,129.4331,126.3025,130.6991,FALSE,FALSE,aug-2026,2026-08-02T19:48:31Z,130,2026-09-12,1.8181,1.8181,1.4226,FALSE,TRUE,2.0168,4.3966,4.2844,4.3966,2.2,2.2
2026-08-01,rw_v1,MT,G47,2026-06-01,127.8,2,2026-08-01,128.708,127.766,130.0136,126.3239,131.5615,FALSE,FALSE,aug-2026,2026-08-02T19:48:31Z,126.9,2026-10-07,-1.808,1.808,1.4147,FALSE,TRUE,2.2476,5.2376,5.7116,5.2376,-0.9,0.9
2026-08-01,rw_v1,NL,G47,2026-06-01,102.9,1,2026-07-01,103.0022,102.2391,103.6843,101.3594,104.393,FALSE,FALSE,aug-2026,2026-08-02T19:48:31Z,103,2026-09-12,-0.0022,0.0022,0.0021,TRUE,TRUE,1.4452,3.0336,1.4452,3.0336,0.1,0.1
2026-08-01,rw_v1,NL,G47,2026-06-01,102.9,2,2026-08-01,102.9758,102.3133,103.8825,101.3792,104.6766,FALSE,FALSE,aug-2026,2026-08-02T19:48:31Z,103.3,2026-10-07,0.3242,0.3242,0.3151,TRUE,TRUE,1.5692,3.2974,1.5692,3.2974,0.4,0.4
2026-08-01,rw_v1,NO,G47,2026-06-01,95.6,1,2026-07-01,95.7288,94.8324,96.3055,93.8501,97.2024,FALSE,FALSE,aug-2026,2026-08-02T19:48:31Z,94.8,2026-09-12,-0.9288,0.9288,0.9715,FALSE,TRUE,1.4731,3.3523,1.6027,3.3523,-0.8,0.8
2026-08-01,rw_v1,NO,G47,2026-06-01,95.6,2,2026-08-01,95.695,94.7341,96.6019,93.4097,97.3835,FALSE,FALSE,aug-2026,2026-08-02T19:48:31Z,95.5,2026-10-07,-0.195,0.195,0.204,TRUE,TRUE,1.8678,3.9738,1.8678,3.9738,-0.1,0.1
2026-08-01,rw_v1,PL,G47,2026-06-01,115.5,1,2026-07-01,115.7571,114.9723,116.5647,113.8922,117.7633,FALSE,FALSE,aug-2026,2026-08-02T19:48:31Z,114.2,2026-09-12,-1.5571,1.5571,1.3481,FALSE,TRUE,1.5924,3.8711,4.6816,3.8711,-1.3,1.3
2026-08-01,rw_v1,PL,G47,2026-06-01,115.5,2,2026-08-01,116.0042,115.013,117.0639,114.2421,118.2284,FALSE,FALSE,aug-2026,2026-08-02T19:48:31Z,113.4,2026-10-07,-2.6042,2.6042,2.2547,FALSE,FALSE,2.0509,3.9863,8.5029,12.4073,-2.1,2.1
2026-08-01,rw_v1,PT,G47,2026-06-01,120.8,1,2026-07-01,121.2365,120.3189,122.0991,119.0278,123.3279,FALSE,FALSE,aug-2026,2026-08-02T19:48:31Z,120.4,2026-09-12,-0.8365,0.8365,0.6925,TRUE,TRUE,1.7802,4.3001,1.7802,4.3001,-0.4,0.4
2026-08-01,rw_v1,PT,G47,2026-06-01,120.8,2,2026-08-01,121.507,120.4536,122.5321,119.4685,123.952,FALSE,FALSE,aug-2026,2026-08-02T19:48:31Z,119.1,2026-10-07,-2.407,2.407,1.9925,FALSE,FALSE,2.0785,4.4835,7.4929,8.1685,-1.7,1.7
2026-08-01,rw_v1,RO,G47,2026-05-01,112.2,1,2026-06-01,112.507,111.6493,113.4623,110.457,114.3803,FALSE,FALSE,aug-2026,2026-08-02T19:48:31Z,110.3,2026-09-12,-2.207,2.207,1.967,FALSE,FALSE,1.813,3.9233,7.2102,5.4933,-1.9,1.9
2026-08-01,rw_v1,RO,G47,2026-05-01,112.2,2,2026-07-01,112.7795,111.6833,113.9142,110.5118,114.8032,FALSE,FALSE,aug-2026,2026-08-02T19:48:31Z,111.2,2026-09-12,-1.5795,1.5795,1.4078,FALSE,TRUE,2.2309,4.2914,4.1641,4.2914,-1,1
2026-08-01,rw_v1,RO,G47,2026-05-01,112.2,3,2026-08-01,113.0553,111.7063,114.1688,109.9107,115.482,FALSE,FALSE,aug-2026,2026-08-02T19:48:31Z,113.7,2026-10-07,0.6447,0.6447,0.5746,TRUE,TRUE,2.4625,5.5713,2.4625,5.5713,1.5,1.5
2026-08-01,rw_v1,RS,G47,2026-06-01,119.2,1,2026-07-01,119.5073,118.6254,120.6421,117.6063,121.5836,FALSE,FALSE,aug-2026,2026-08-02T19:48:31Z,120.9,2026-09-12,1.3927,1.3927,1.1684,FALSE,TRUE,2.0167,3.9773,3.0483,3.9773,1.7,1.7
2026-08-01,rw_v1,RS,G47,2026-06-01,119.2,2,2026-08-01,119.8837,118.4084,121.6571,117.6764,122.5949,FALSE,FALSE,aug-2026,2026-08-02T19:48:31Z,121.8,2026-10-07,1.9163,1.9163,1.6076,FALSE,TRUE,3.2487,4.9185,3.8203,4.9185,2.6,2.6
2026-08-01,rw_v1,SE,G47,2026-06-01,102,1,2026-07-01,102.1914,101.6615,102.7283,100.9105,103.3933,TRUE,FALSE,aug-2026,2026-08-02T19:48:31Z,102.1,2026-09-12,-0.0914,0.0914,0.0896,TRUE,TRUE,1.0668,2.4828,1.0668,2.4828,0.1,0.1
2026-08-01,rw_v1,SE,G47,2026-06-01,102,2,2026-08-01,102.3755,101.707,102.9962,100.8557,103.848,TRUE,FALSE,aug-2026,2026-08-02T19:48:31Z,104,2026-10-07,1.6245,1.6245,1.5926,FALSE,FALSE,1.2892,2.9923,5.3044,4.5123,2,2
2026-08-01,rw_v1,SI,G47,2026-06-01,103.1,1,2026-07-01,103.19,101.7955,104.315,100.6157,105.6057,FALSE,FALSE,aug-2026,2026-08-02T19:48:31Z,104.6,2026-09-12,1.41,1.41,1.3676,FALSE,TRUE,2.5195,4.99,3.6595,4.99,1.5,1.5
2026-08-01,rw_v1,SI,G47,2026-06-01,103.1,2,2026-08-01,102.9489,101.2186,104.5995,99.9129,106.9902,FALSE,FALSE,aug-2026,2026-08-02T19:48:31Z,105.6,2026-10-07,2.6511,2.6511,2.5714,FALSE,TRUE,3.3809,7.0773,7.3829,7.0773,2.5,2.5
2026-08-01,rw_v1,SK,G47,2026-05-01,102.8,1,2026-06-01,103.0497,102.2698,103.9076,100.9081,105.0073,FALSE,FALSE,aug-2026,2026-08-02T19:48:31Z,102.8,2026-09-12,-0.2497,0.2497,0.2429,TRUE,TRUE,1.6378,4.0992,1.6378,4.0992,0,0
2026-08-01,rw_v1,SK,G47,2026-05-01,102.8,2,2026-07-01,103.1922,101.794,104.1245,100.3463,105.3235,FALSE,FALSE,aug-2026,2026-08-02T19:48:31Z,103,2026-09-12,-0.1922,0.1922,0.187,TRUE,TRUE,2.3305,4.9772,2.3305,4.9772,0.2,0.2
2026-08-01,rw_v1,SK,G47,2026-05-01,102.8,3,2026-08-01,103.2399,101.8723,104.3132,99.8023,106.0512,FALSE,FALSE,aug-2026,2026-08-02T19:48:31Z,104.1,2026-10-07,0.8601,0.8601,0.8367,TRUE,TRUE,2.4409,6.2489,2.4409,6.2489,1.3,1.3
2026-08-01,rw_v1,TR,G47,2026-05-01,206.2,1,2026-06-01,208.1256,206.4673,209.5638,204.0491,211.2323,FALSE,FALSE,aug-2026,2026-08-02T19:48:31Z,205,2026-09-12,-3.1256,3.1256,1.5158,FALSE,TRUE,3.0965,7.1832,8.9657,7.1832,-1.2,1.2
2026-08-01,rw_v1,TR,G47,2026-05-01,206.2,2,2026-07-01,209.6311,207.3952,211.4716,205.3619,214.2749,FALSE,FALSE,aug-2026,2026-08-02T19:48:31Z,205.5,2026-09-12,-4.1311,4.1311,2.0034,FALSE,TRUE,4.0764,8.913,11.6572,8.913,-0.7,0.7
2026-08-01,rw_v1,EA21,G47,2026-05-01,104.4,1,2026-06-01,104.5041,104.0787,104.9395,103.4795,105.6488,FALSE,FALSE,aug-2026,2026-08-02T19:48:31Z,104.8,2026-09-12,0.2959,0.2959,0.2834,TRUE,TRUE,0.8608,2.1693,0.8608,2.1693,0.4,0.4
2026-08-01,rw_v1,EA21,G47,2026-05-01,104.4,2,2026-07-01,104.6049,104.159,105.045,103.3924,105.7467,FALSE,FALSE,aug-2026,2026-08-02T19:48:31Z,104.2,2026-09-12,-0.4049,0.4049,0.3878,TRUE,TRUE,0.886,2.3543,0.886,2.3543,-0.2,0.2
2026-08-01,rw_v1,EA21,G47,2026-05-01,104.4,3,2026-08-01,104.8221,104.0525,105.3494,103.3131,106.0294,FALSE,FALSE,aug-2026,2026-08-02T19:48:31Z,104.3,2026-10-07,-0.5221,0.5221,0.5001,TRUE,TRUE,1.2969,2.7163,1.2969,2.7163,-0.1,0.1
2026-08-01,rw_v1,AL,G47_FOOD,2026-05-01,119.5,1,2026-06-01,120.0902,118.6784,121.056,115.7113,122.8199,FALSE,FALSE,aug-2026,2026-08-02T19:48:32Z,128.2,2026-09-12,8.1098,8.1098,6.7864,FALSE,FALSE,2.3776,7.1086,30.9536,60.9096,8.7,8.7
2026-08-01,rw_v1,AL,G47_NFOOD_X_G473,2026-05-01,120.6,1,2026-06-01,120.921,118.8969,123.07470000000001,117.0334,124.9812,FALSE,FALSE,aug-2026,2026-08-02T19:48:32Z,130.9,2026-09-12,9.979,9.979,8.2745,FALSE,FALSE,4.1778,7.9478,35.479,67.1358,10.3,10.3
2026-08-01,rw_v1,AL,G474,2026-03-01,118.3,1,2026-04-01,117.9978,110.8954,125.3669,102.1457,133.4394,FALSE,TRUE,aug-2026,2026-08-02T19:48:32Z,133.5,2026-10-07,15.5022,15.5022,13.1041,FALSE,FALSE,14.4715,31.2937,47.0039,31.8997,15.2,15.2
2026-08-01,rw_v1,AL,G474,2026-03-01,118.3,2,2026-05-01,118.3803,110.2016,126.3103,102.4562,136.2696,FALSE,TRUE,aug-2026,2026-08-02T19:48:32Z,121.8,2026-10-07,3.4197,3.4197,2.8907,TRUE,TRUE,16.1087,33.8134,16.1087,33.8134,3.5,3.5
2026-08-01,rw_v1,AL,G474,2026-03-01,118.3,3,2026-06-01,118.5206,112.5909,125.8538,100.8426,133.529,FALSE,TRUE,aug-2026,2026-08-02T19:48:32Z,116.4,2026-10-07,-2.1206,2.1206,1.7926,TRUE,TRUE,13.2629,32.6864,13.2629,32.6864,-1.9,1.9
2026-08-01,rw_v1,AL,G475,2026-03-01,123.2,1,2026-04-01,123.8511,120.5206,126.0817,116.8545,129.9389,FALSE,FALSE,aug-2026,2026-08-02T19:48:32Z,131.7,2026-10-07,7.8489,7.8489,6.3709,FALSE,FALSE,5.5611,13.0844,28.034300000000002,30.6954,8.5,8.5
2026-08-01,rw_v1,AL,G475,2026-03-01,123.2,2,2026-05-01,123.3546,120.8593,127.5226,117.296,130.6854,FALSE,FALSE,aug-2026,2026-08-02T19:48:32Z,123.5,2026-10-07,0.1454,0.1454,0.118,TRUE,TRUE,6.6633,13.3894,6.6633,13.3894,0.3,0.3
2026-08-01,rw_v1,AL,G475,2026-03-01,123.2,3,2026-06-01,124.167,119.817,128.2909,117.4251,131.0489,FALSE,FALSE,aug-2026,2026-08-02T19:48:32Z,130,2026-10-07,5.833,5.833,4.7346,FALSE,TRUE,8.4739,13.6238,15.3103,13.6238,6.8,6.8
2026-08-01,rw_v1,AL,G476,2026-03-01,104,1,2026-04-01,103.9794,98.9238,110.8683,87.121,117.9816,FALSE,TRUE,aug-2026,2026-08-02T19:48:32Z,103.9,2026-10-07,-0.0794,0.0794,0.0763,TRUE,TRUE,11.9445,30.8606,11.9445,30.8606,-0.1,0.1
2026-08-01,rw_v1,AL,G476,2026-03-01,104,2,2026-05-01,104.6507,97.56,112.3289,86.1422,121.1021,FALSE,TRUE,aug-2026,2026-08-02T19:48:32Z,102.4,2026-10-07,-2.2507,2.2507,2.1641,TRUE,TRUE,14.7689,34.9599,14.7689,34.9599,-1.6,1.6
2026-08-01,rw_v1,AL,G476,2026-03-01,104,3,2026-06-01,104.0515,96.888,112.5855,88.5971,121.8046,FALSE,TRUE,aug-2026,2026-08-02T19:48:32Z,102.9,2026-10-07,-1.1515,1.1515,1.1072,TRUE,TRUE,15.6975,33.2075,15.6975,33.2075,-1.1,1.1
2026-08-01,rw_v1,AT,G47_FOOD,2026-05-01,100.2,1,2026-06-01,100.1981,98.8819,101.5368,97.6387,103.005,FALSE,FALSE,aug-2026,2026-08-02T19:48:32Z,100.8,2026-09-12,0.6019,0.6019,0.6007,TRUE,TRUE,2.6549,5.3663,2.6549,5.3663,0.6,0.6
2026-08-01,rw_v1,AT,G47_FOOD,2026-05-01,100.2,2,2026-07-01,100.3504,99.0556,101.214,97.6083,103.3716,FALSE,FALSE,aug-2026,2026-08-02T19:48:32Z,101,2026-09-12,0.6496,0.6496,0.6483,TRUE,TRUE,2.1584,5.7633,2.1584,5.7633,0.8,0.8
2026-08-01,rw_v1,AT,G47_FOOD,2026-05-01,100.2,3,2026-08-01,100.5394,99.0339,101.835,97.5113,103.078,FALSE,FALSE,aug-2026,2026-08-02T19:48:32Z,100.4,2026-10-07,-0.1394,0.1394,0.1391,TRUE,TRUE,2.8011,5.5667,2.8011,5.5667,0.2,0.2
2026-08-01,rw_v1,AT,G47_NFOOD_X_G473,2026-05-01,97.1,1,2026-06-01,96.906,95.8471,98.2673,94.5497,99.1236,FALSE,FALSE,aug-2026,2026-08-02T19:48:32Z,96.5,2026-09-12,-0.406,0.406,0.4181,TRUE,TRUE,2.4202,4.5739,2.4202,4.5739,-0.6,0.6
2026-08-01,rw_v1,AT,G47_NFOOD_X_G473,2026-05-01,97.1,2,2026-07-01,97.0125,96.0073,97.8637,93.3441,100.0578,FALSE,FALSE,aug-2026,2026-08-02T19:48:32Z,96.6,2026-09-12,-0.4125,0.4125,0.4248,TRUE,TRUE,1.8564,6.7137,1.8564,6.7137,-0.5,0.5
2026-08-01,rw_v1,AT,G47_NFOOD_X_G473,2026-05-01,97.1,3,2026-08-01,96.9367,95.4799,98.3268,93.4344,100.3415,FALSE,FALSE,aug-2026,2026-08-02T19:48:32Z,96,2026-10-07,-0.9367,0.9367,0.9647,TRUE,TRUE,2.8469,6.9071,2.8469,6.9071,-1.1,1.1
2026-08-01,rw_v1,AT,G474,2026-05-01,98.4,1,2026-06-01,97.9465,96.5837,99.497,95.6829,100.4365,FALSE,FALSE,aug-2026,2026-08-02T19:48:32Z,103.2,2026-09-12,5.2535,5.2535,5.3389,FALSE,FALSE,2.9133,4.7536,17.7253,32.3886,4.8,4.8
2026-08-01,rw_v1,AT,G474,2026-05-01,98.4,2,2026-07-01,97.6733,95.8848,98.8489,95.1186,100.6984,FALSE,FALSE,aug-2026,2026-08-02T19:48:32Z,101.2,2026-10-07,3.5267,3.5267,3.584,FALSE,FALSE,2.9641,5.5798,12.3685,10.5958,2.8,2.8
2026-08-01,rw_v1,AT,G475,2026-05-01,79.7,1,2026-06-01,79.3886,78.1358,80.3579,77.2135,81.4054,FALSE,FALSE,aug-2026,2026-08-02T19:48:32Z,78.8,2026-09-12,-0.5886,0.5886,0.7385,TRUE,TRUE,2.2221,4.1919,2.2221,4.1919,-0.9,0.9
2026-08-01,rw_v1,AT,G475,2026-05-01,79.7,2,2026-07-01,79.3107,77.5461,80.2681,75.0834,81.7903,FALSE,FALSE,aug-2026,2026-08-02T19:48:32Z,78.1,2026-10-07,-1.2107,1.2107,1.5191,TRUE,TRUE,2.722,6.7069,2.722,6.7069,-1.6,1.6
2026-08-01,rw_v1,AT,G476,2026-05-01,100.4,1,2026-06-01,99.2286,98.5463,100.4547,97.1234,102.8453,FALSE,FALSE,aug-2026,2026-08-02T19:48:32Z,99.3,2026-09-12,0.0714,0.0714,0.0711,TRUE,TRUE,1.9084,5.7219,1.9084,5.7219,-1.1,1.1
2026-08-01,rw_v1,AT,G476,2026-05-01,100.4,2,2026-07-01,98.9888,96.4809,101.5239,94.0628,103.0143,FALSE,FALSE,aug-2026,2026-08-02T19:48:32Z,100.3,2026-10-07,1.3112,1.3112,1.306,TRUE,TRUE,5.043,8.9515,5.043,8.9515,-0.1,0.1
2026-08-01,rw_v1,AT,G477,2026-05-01,106.3,1,2026-06-01,106.1713,105.1246,107.3075,103.8427,108.514,FALSE,FALSE,aug-2026,2026-08-02T19:48:32Z,105.5,2026-09-12,-0.6713,0.6713,0.6315,TRUE,TRUE,2.1829,4.6713,2.1829,4.6713,-0.8,0.8
2026-08-01,rw_v1,AT,G477,2026-05-01,106.3,2,2026-07-01,105.9741,104.8129,106.766,104.1016,108.5417,FALSE,FALSE,aug-2026,2026-08-02T19:48:32Z,106.3,2026-10-07,0.3259,0.3259,0.3066,TRUE,TRUE,1.9531,4.4401,1.9531,4.4401,0,0
2026-08-01,rw_v1,AT,G479,2026-05-01,86.2,1,2026-06-01,86.0386,84.4762,87.784,83.2647,89.5207,FALSE,FALSE,aug-2026,2026-08-02T19:48:32Z,85.4,2026-09-12,-0.6386,0.6386,0.7408,TRUE,TRUE,3.3078,6.256,3.3078,6.256,-0.8,0.8
2026-08-01,rw_v1,AT,G479,2026-05-01,86.2,2,2026-07-01,86.1886,83.7094,87.9455,81.7147,90.7552,FALSE,FALSE,aug-2026,2026-08-02T19:48:32Z,83.5,2026-10-07,-2.6886,2.6886,3.119,FALSE,TRUE,4.2361,9.0405,5.0737,9.0405,-2.7,2.7
2026-08-01,rw_v1,BE,G47_FOOD,2026-06-01,88.4,1,2026-07-01,88.3072,87.0311,89.3223,86.1503,90.2995,FALSE,FALSE,aug-2026,2026-08-02T19:48:32Z,88.2,2026-09-12,-0.1072,0.1072,0.1213,TRUE,TRUE,2.2912,4.1492000000000004,2.2912,4.1492000000000004,-0.2,0.2
2026-08-01,rw_v1,BE,G47_FOOD,2026-06-01,88.4,2,2026-08-01,88.2758,86.8857,89.2944,85.7855,90.0299,FALSE,FALSE,aug-2026,2026-08-02T19:48:32Z,89.8,2026-10-07,1.5242,1.5242,1.7242,FALSE,TRUE,2.4087,4.2444,4.4311,4.2444,1.4,1.4
2026-08-01,rw_v1,BE,G47_NFOOD_X_G473,2026-06-01,98.7,1,2026-07-01,98.6254,97.4719,100.1272,96.1366,101.3008,FALSE,FALSE,aug-2026,2026-08-02T19:48:32Z,98.9,2026-09-12,0.2746,0.2746,0.2782,TRUE,TRUE,2.6553,5.1642,2.6553,5.1642,0.2,0.2
2026-08-01,rw_v1,BE,G47_NFOOD_X_G473,2026-06-01,98.7,2,2026-08-01,98.7615,97.6933,100.1719,95.8535,102.4563,FALSE,FALSE,aug-2026,2026-08-02T19:48:32Z,99.2,2026-10-07,0.4385,0.4385,0.4443,TRUE,TRUE,2.4786,6.6028,2.4786,6.6028,0.5,0.5
2026-08-01,rw_v1,BE,G474,2026-06-01,138.4,1,2026-07-01,139.2156,136.3924,141.5499,131.9384,146.5205,FALSE,FALSE,aug-2026,2026-08-02T19:48:32Z,138,2026-09-12,-1.2156,1.2156,0.8783,TRUE,TRUE,5.1575,14.5821,5.1575,14.5821,-0.4,0.4
2026-08-01,rw_v1,BE,G474,2026-06-01,138.4,2,2026-08-01,139.4721,137.0087,143.6378,133.2226,146.3652,FALSE,FALSE,aug-2026,2026-08-02T19:48:32Z,130.9,2026-10-07,-8.5721,8.5721,6.1937,FALSE,FALSE,6.6291,13.1426,31.0639,36.3686,-7.5,7.5
2026-08-01,rw_v1,BE,G475,2026-06-01,88.6,1,2026-07-01,88.5094,86.9637,89.8459,85.2334,91.9802,FALSE,FALSE,aug-2026,2026-08-02T19:48:32Z,86.7,2026-09-12,-1.8094,1.8094,2.0422,FALSE,TRUE,2.8822,6.7468,3.937,6.7468,-1.9,1.9
2026-08-01,rw_v1,BE,G475,2026-06-01,88.6,2,2026-08-01,88.3677,86.9019,89.8576,85.1026,91.6775,FALSE,FALSE,aug-2026,2026-08-02T19:48:32Z,84.8,2026-10-07,-3.5677,3.5677,4.0267,FALSE,FALSE,2.9557,6.5749,11.3633,9.6009,-3.8,3.8
2026-08-01,rw_v1,BE,G476,2026-06-01,92.3,1,2026-07-01,91.9851,90.3064,93.5385,88.1836,96.1873,FALSE,FALSE,aug-2026,2026-08-02T19:48:32Z,93,2026-09-12,1.0149,1.0149,1.0996,TRUE,TRUE,3.2321,8.0037,3.2321,8.0037,0.7,0.7
2026-08-01,rw_v1,BE,G476,2026-06-01,92.3,2,2026-08-01,92.0108,90.0996,94.0832,88.9016,96.1374,FALSE,FALSE,aug-2026,2026-08-02T19:48:32Z,94.4,2026-10-07,2.3892,2.3892,2.5885,FALSE,TRUE,3.9836,7.2358,5.2508,7.2358,2.1,2.1
2026-08-01,rw_v1,BE,G477,2026-06-01,98,1,2026-07-01,98.0182,96.4567,99.5954,94.2316,101.1683,FALSE,FALSE,aug-2026,2026-08-02T19:48:32Z,99.6,2026-09-12,1.5818,1.5818,1.6141,FALSE,TRUE,3.1387,6.9367,3.1571,6.9367,1.6,1.6
2026-08-01,rw_v1,BE,G477,2026-06-01,98,2,2026-08-01,98.1218,96.591,99.9009,93.7398,101.5865,FALSE,FALSE,aug-2026,2026-08-02T19:48:32Z,103.3,2026-10-07,5.1782,5.1782,5.2839,FALSE,FALSE,3.3099,7.8467,16.9063,24.9817,5.3,5.3
2026-08-01,rw_v1,BE,G479,2026-06-01,119.1,1,2026-07-01,119.6441,116.5984,121.8523,113.6675,124.2713,FALSE,FALSE,aug-2026,2026-08-02T19:48:32Z,115.9,2026-09-12,-3.7441,3.7441,3.1437,FALSE,TRUE,5.2539,10.6038,8.0475,10.6038,-3.2,3.2
2026-08-01,rw_v1,BE,G479,2026-06-01,119.1,2,2026-08-01,119.7749,117.1507,122.993,114.0536,125.521,FALSE,FALSE,aug-2026,2026-08-02T19:48:32Z,109.9,2026-10-07,-9.8749,9.8749,8.2913,FALSE,FALSE,5.8423,11.4674,34.8451,53.0034,-9.2,9.2
2026-08-01,rw_v1,BG,G47_FOOD,2026-06-01,110,1,2026-07-01,110.1166,109.3075,111.1479,107.8403,112.4836,FALSE,FALSE,aug-2026,2026-08-02T19:48:32Z,113.8,2026-09-12,3.6834,3.6834,3.3485,FALSE,FALSE,1.8404,4.6433,12.4488,17.8073,3.8,3.8
2026-08-01,rw_v1,BG,G47_FOOD,2026-06-01,110,2,2026-08-01,110.4419,108.853,111.8611,107.5847,113.8607,FALSE,FALSE,aug-2026,2026-08-02T19:48:32Z,113.6,2026-10-07,3.1581,3.1581,2.871,FALSE,TRUE,3.0081,6.276,9.9637,6.276,3.6,3.6
2026-08-01,rw_v1,BG,G47_NFOOD_X_G473,2026-06-01,141.6,1,2026-07-01,142.4611,141.3277,143.7347,140.1979,145.0449,FALSE,FALSE,aug-2026,2026-08-02T19:48:32Z,138.4,2026-09-12,-4.0611,4.0611,2.868,FALSE,FALSE,2.407,4.847,14.1178,22.826,-3.2,3.2
2026-08-01,rw_v1,BG,G47_NFOOD_X_G473,2026-06-01,141.6,2,2026-08-01,143.1449,142.3481,144.4643,140.744,147.46,FALSE,FALSE,aug-2026,2026-08-02T19:48:32Z,137.3,2026-10-07,-5.8449,5.8449,4.1278,FALSE,FALSE,2.1162,6.716,22.3086,41.156,-4.3,4.3
2026-08-01,rw_v1,CH,G47_FOOD,2026-06-01,96.3,1,2026-07-01,96.2844,95.4065,97.0229,94.3275,98.6319,FALSE,FALSE,aug-2026,2026-08-02T19:48:32Z,95.5,2026-09-12,-0.7844,0.7844,0.8145,TRUE,TRUE,1.6164,4.3044,1.6164,4.3044,-0.8,0.8
2026-08-01,rw_v1,CH,G47_FOOD,2026-06-01,96.3,2,2026-08-01,96.2981,95.2702,97.3804,94.3127,99.4264,FALSE,FALSE,aug-2026,2026-08-02T19:48:32Z,96.2,2026-10-07,-0.0981,0.0981,0.1019,TRUE,TRUE,2.1102,5.1137,2.1102,5.1137,-0.1,0.1
2026-08-01,rw_v1,CH,G47_NFOOD_X_G473,2026-06-01,107.7,1,2026-07-01,107.9064,106.7175,108.8258,105.0202,110.0506,FALSE,FALSE,aug-2026,2026-08-02T19:48:32Z,108.6,2026-09-12,0.6936,0.6936,0.644,TRUE,TRUE,2.1083,5.0304,2.1083,5.0304,0.9,0.9
2026-08-01,rw_v1,CH,G47_NFOOD_X_G473,2026-06-01,107.7,2,2026-08-01,107.919,106.5573,109.2173,105.4256,110.2841,FALSE,FALSE,aug-2026,2026-08-02T19:48:32Z,109.6,2026-10-07,1.681,1.681,1.5608,FALSE,TRUE,2.66,4.8585,4.1908,4.8585,1.9,1.9
2026-08-01,rw_v1,CH,G474,2026-06-01,155.5,1,2026-07-01,156.7899,154.3417,158.8751,150.9957,162.2306,FALSE,FALSE,aug-2026,2026-08-02T19:48:32Z,150.8,2026-09-12,-5.9899,5.9899,3.852,FALSE,FALSE,4.5334,11.2349,18.7002,13.1919,-4.7,4.7
2026-08-01,rw_v1,CH,G474,2026-06-01,155.5,2,2026-08-01,157.5406,155.043,159.9325,151.7346,163.1042,FALSE,FALSE,aug-2026,2026-08-02T19:48:32Z,143.8,2026-10-07,-13.7406,13.7406,8.8364,FALSE,FALSE,4.8895,11.3696,49.8615,90.7156,-11.7,11.7
2026-08-01,rw_v1,CH,G475,2026-06-01,90.5,1,2026-07-01,90.3636,88.4386,91.6353,85.4822,93.3236,FALSE,FALSE,aug-2026,2026-08-02T19:48:32Z,91.6,2026-09-12,1.2364,1.2364,1.3662,TRUE,TRUE,3.1967,7.8414,3.1967,7.8414,1.1,1.1
2026-08-01,rw_v1,CH,G475,2026-06-01,90.5,2,2026-08-01,89.9016,87.8281,91.7186,84.4242,94.2245,FALSE,FALSE,aug-2026,2026-08-02T19:48:32Z,93.1,2026-10-07,3.1984,3.1984,3.5341,FALSE,TRUE,3.8905,9.8003,9.4161,9.8003,2.6,2.6
2026-08-01,rw_v1,CH,G476,2026-06-01,105.3,1,2026-07-01,105.016,104.0433,106.4489,101.8223,108.4038,FALSE,FALSE,aug-2026,2026-08-02T19:48:32Z,104.1,2026-09-12,-0.916,0.916,0.8699,TRUE,TRUE,2.4056,6.5815,2.4056,6.5815,-1.2,1.2
2026-08-01,rw_v1,CH,G476,2026-06-01,105.3,2,2026-08-01,105.284,103.6709,106.8337,101.3751,109.6204,FALSE,FALSE,aug-2026,2026-08-02T19:48:32Z,105.1,2026-10-07,-0.184,0.184,0.1747,TRUE,TRUE,3.1628,8.2453,3.1628,8.2453,-0.2,0.2
2026-08-01,rw_v1,CH,G477,2026-06-01,111,1,2026-07-01,111.0741,109.1234,112.9691,106.8641,115.4541,FALSE,FALSE,aug-2026,2026-08-02T19:48:32Z,113.3,2026-09-12,2.2259,2.2259,2.0053,FALSE,TRUE,3.8457,8.59,5.1693,8.59,2.3,2.3
2026-08-01,rw_v1,CH,G477,2026-06-01,111,2,2026-08-01,111.1482,108.8378,113.3685,107.2814,114.9093,FALSE,FALSE,aug-2026,2026-08-02T19:48:32Z,115.7,2026-10-07,4.5518,4.5518,4.1007,FALSE,FALSE,4.5307,7.6279,13.8567,15.5349,4.7,4.7
2026-08-01,rw_v1,CY,G47_FOOD,2026-06-01,124,1,2026-07-01,124.5539,123.0389,125.9556,121.4368,127.2763,FALSE,FALSE,aug-2026,2026-08-02T19:48:32Z,125.8,2026-09-12,1.2461,1.2461,1.0049,TRUE,TRUE,2.9167,5.8395,2.9167,5.8395,1.8,1.8
2026-08-01,rw_v1,CY,G47_FOOD,2026-06-01,124,2,2026-08-01,124.9335,123.1496,126.6195,122.0944,128.3903,FALSE,FALSE,aug-2026,2026-08-02T19:48:32Z,128.4,2026-10-07,3.4665,3.4665,2.7956,FALSE,FALSE,3.4699,6.2959,10.5919,6.3929,4.4,4.4
2026-08-01,rw_v1,CY,G47_NFOOD_X_G473,2026-06-01,145.5,1,2026-07-01,146.3575,144.9039,147.5448,143.3952,148.6722,FALSE,FALSE,aug-2026,2026-08-02T19:48:32Z,150.3,2026-09-12,3.9425,3.9425,2.7096,FALSE,FALSE,2.6409,5.277,13.6617,21.555,4.8,4.8
2026-08-01,rw_v1,CY,G47_NFOOD_X_G473,2026-06-01,145.5,2,2026-08-01,146.975,145.6991,148.6944,143.567,150.2214,FALSE,FALSE,aug-2026,2026-08-02T19:48:32Z,148.6,2026-10-07,1.625,1.625,1.1168,TRUE,TRUE,2.9953,6.6544,2.9953,6.6544,3.1,3.1
2026-08-01,rw_v1,CZ,G47_FOOD,2026-05-01,94,1,2026-06-01,93.8117,92.9623,94.7058,92.228,95.7525,FALSE,FALSE,aug-2026,2026-08-02T19:48:32Z,93.6,2026-09-12,-0.2117,0.2117,0.2252,TRUE,TRUE,1.7435,3.5245,1.7435,3.5245,-0.4,0.4
2026-08-01,rw_v1,CZ,G47_FOOD,2026-05-01,94,2,2026-07-01,93.9851,92.6003,94.7344,91.7882,95.4206,FALSE,FALSE,aug-2026,2026-08-02T19:48:32Z,94,2026-09-12,0.0149,0.0149,0.0159,TRUE,TRUE,2.1341,3.6324,2.1341,3.6324,0,0
2026-08-01,rw_v1,CZ,G47_NFOOD_X_G473,2026-05-01,107.5,1,2026-06-01,107.7166,106.9167,108.8234,105.5665,109.6531,FALSE,FALSE,aug-2026,2026-08-02T19:48:32Z,107.3,2026-09-12,-0.4166,0.4166,0.3875,TRUE,TRUE,1.9067,4.0866,1.9067,4.0866,-0.2,0.2
2026-08-01,rw_v1,CZ,G47_NFOOD_X_G473,2026-05-01,107.5,2,2026-07-01,107.9839,106.8896,109.078,105.0849,110.146,FALSE,FALSE,aug-2026,2026-08-02T19:48:32Z,108,2026-09-12,0.0161,0.0161,0.015,TRUE,TRUE,2.1884,5.0611,2.1884,5.0611,0.5,0.5
2026-08-01,rw_v1,CZ,G474,2026-05-01,87.1,1,2026-06-01,87.1726,85.5247,89.0268,82.9654,90.867,FALSE,FALSE,aug-2026,2026-08-02T19:48:32Z,88.8,2026-09-12,1.6274,1.6274,1.8684,TRUE,TRUE,3.5021,7.9016,3.5021,7.9016,1.7,1.7
2026-08-01,rw_v1,CZ,G474,2026-05-01,87.1,2,2026-07-01,87.131,84.8997,89.6507,81.8931,92.0468,FALSE,FALSE,aug-2026,2026-08-02T19:48:32Z,89.4,2026-09-12,2.269,2.269,2.6051,TRUE,TRUE,4.751,10.1537,4.751,10.1537,2.3,2.3
2026-08-01,rw_v1,CZ,G475,2026-05-01,86.7,1,2026-06-01,86.5997,85.2107,88.1263,83.3049,89.4513,FALSE,FALSE,aug-2026,2026-08-02T19:48:32Z,85.6,2026-09-12,-0.9997,0.9997,1.1531,TRUE,TRUE,2.9156,6.1464,2.9156,6.1464,-1.1,1.1
2026-08-01,rw_v1,CZ,G475,2026-05-01,86.7,2,2026-07-01,86.4401,84.2365,88.2936,82.1543,90.6882,FALSE,FALSE,aug-2026,2026-08-02T19:48:32Z,85.2,2026-09-12,-1.2401,1.2401,1.4303,TRUE,TRUE,4.0571,8.5339,4.0571,8.5339,-1.5,1.5
2026-08-01,rw_v1,CZ,G476,2026-05-01,100.4,1,2026-06-01,100.3001,99.1384,101.479,97.0356,103.3873,FALSE,FALSE,aug-2026,2026-08-02T19:48:32Z,98.5,2026-09-12,-1.8001,1.8001,1.7929,FALSE,TRUE,2.3406,6.3517,4.8942,6.3517,-1.9,1.9
2026-08-01,rw_v1,CZ,G476,2026-05-01,100.4,2,2026-07-01,100.421,98.7295,101.7675,94.7605,103.0771,FALSE,FALSE,aug-2026,2026-08-02T19:48:32Z,99.5,2026-09-12,-0.921,0.921,0.9173,TRUE,TRUE,3.038,8.3166,3.038,8.3166,-0.9,0.9
2026-08-01,rw_v1,CZ,G477,2026-05-01,110,1,2026-06-01,110.2493,109.0505,111.1033,107.1493,112.837,FALSE,FALSE,aug-2026,2026-08-02T19:48:32Z,109.1,2026-09-12,-1.1493,1.1493,1.0448,TRUE,TRUE,2.0528,5.6877,2.0528,5.6877,-0.9,0.9
2026-08-01,rw_v1,CZ,G477,2026-05-01,110,2,2026-07-01,110.4148,108.9807,111.4712,107.1445,113.0668,FALSE,FALSE,aug-2026,2026-08-02T19:48:32Z,110.8,2026-09-12,0.3852,0.3852,0.3502,TRUE,TRUE,2.4905,5.9223,2.4905,5.9223,0.8,0.8
2026-08-01,rw_v1,CZ,G479,2026-05-01,122.6,1,2026-06-01,123.1441,122.0133,124.4988,120.0642,126.0426,FALSE,FALSE,aug-2026,2026-08-02T19:48:32Z,123.8,2026-09-12,0.6559,0.6559,0.535,TRUE,TRUE,2.4855,5.9784,2.4855,5.9784,1.2,1.2
2026-08-01,rw_v1,CZ,G479,2026-05-01,122.6,2,2026-07-01,124.0019,122.1999,125.4321,119.9648,127.45,FALSE,FALSE,aug-2026,2026-08-02T19:48:32Z,124.2,2026-09-12,0.1981,0.1981,0.1616,TRUE,TRUE,3.2322,7.4852,3.2322,7.4852,1.6,1.6
2026-08-01,rw_v1,DE,G47_FOOD,2026-05-01,95.9,1,2026-06-01,95.9179,95.0031,96.9549,93.7209,97.8356,FALSE,FALSE,aug-2026,2026-08-02T19:48:32Z,94.8,2026-09-12,-1.1179,1.1179,1.1657,FALSE,TRUE,1.9518,4.1147,2.7642,4.1147,-1.1,1.1
2026-08-01,rw_v1,DE,G47_FOOD,2026-05-01,95.9,2,2026-07-01,95.8283,94.9057,97.0836,93.3431,98.0725,FALSE,FALSE,aug-2026,2026-08-02T19:48:32Z,94,2026-09-12,-1.8283,1.8283,1.9065,FALSE,TRUE,2.1779,4.7294,5.8007,4.7294,-1.9,1.9
2026-08-01,rw_v1,DE,G47_FOOD,2026-05-01,95.9,3,2026-08-01,95.9723,94.7349,97.1014,92.978,98.327,FALSE,FALSE,aug-2026,2026-08-02T19:48:32Z,94.7,2026-10-07,-1.2723,1.2723,1.3267,FALSE,TRUE,2.3665,5.349,2.5061,5.349,-1.2,1.2
2026-08-01,rw_v1,DE,G47_NFOOD_X_G473,2026-05-01,106.4,1,2026-06-01,106.5467,105.3899,107.5193,103.9241,109.0556,FALSE,FALSE,aug-2026,2026-08-02T19:48:32Z,107,2026-09-12,0.4533,0.4533,0.426,TRUE,TRUE,2.1294,5.1315,2.1294,5.1315,0.6,0.6
2026-08-01,rw_v1,DE,G47_NFOOD_X_G473,2026-05-01,106.4,2,2026-07-01,106.4308,105.376,107.9794,103.8652,109.44,FALSE,FALSE,aug-2026,2026-08-02T19:48:32Z,101.9,2026-09-12,-4.5308,4.5308,4.2583,FALSE,FALSE,2.6034,5.5748,16.5074,25.2268,-4.5,4.5
2026-08-01,rw_v1,DE,G47_NFOOD_X_G473,2026-05-01,106.4,3,2026-08-01,106.8752,105.3071,108.3092,103.5821,109.8271,FALSE,FALSE,aug-2026,2026-08-02T19:48:32Z,104,2026-10-07,-2.8752,2.8752,2.7023,FALSE,TRUE,3.0021,6.245,8.2305,6.245,-2.4,2.4
2026-08-01,rw_v1,DE,G474,2026-05-01,117.1,1,2026-06-01,117.5917,115.2991,119.2488,111.9527,121.513,FALSE,FALSE,aug-2026,2026-08-02T19:48:32Z,114.3,2026-09-12,-3.2917,3.2917,2.811,FALSE,TRUE,3.9497,9.5603,7.9461,9.5603,-2.8,2.8
2026-08-01,rw_v1,DE,G474,2026-05-01,117.1,2,2026-07-01,117.371,114.6932,120.2019,111.7767,123.1317,FALSE,FALSE,aug-2026,2026-08-02T19:48:32Z,109.6,2026-09-12,-7.771,7.771,6.6362,FALSE,FALSE,5.5087,11.355,25.8815,33.122,-7.5,7.5
2026-08-01,rw_v1,DE,G474,2026-05-01,117.1,3,2026-08-01,117.7819,114.7501,120.7745,112.5918,123.4281,FALSE,FALSE,aug-2026,2026-08-02T19:48:32Z,114,2026-10-07,-3.7819,3.7819,3.2296,FALSE,TRUE,6.0244,10.8363,9.0248,10.8363,-3.1,3.1
2026-08-01,rw_v1,DE,G475,2026-05-01,87.6,1,2026-06-01,87.5069,86.0791,88.4893,84.529,89.9993,FALSE,FALSE,aug-2026,2026-08-02T19:48:32Z,87.1,2026-09-12,-0.4069,0.4069,0.4645,TRUE,TRUE,2.4102,5.4703,2.4102,5.4703,-0.5,0.5
2026-08-01,rw_v1,DE,G475,2026-05-01,87.6,2,2026-07-01,87.342,85.6347,88.9736,83.6317,90.6403,FALSE,FALSE,aug-2026,2026-08-02T19:48:32Z,86.5,2026-09-12,-0.842,0.842,0.9612,TRUE,TRUE,3.3389,7.0086,3.3389,7.0086,-1.1,1.1
2026-08-01,rw_v1,DE,G475,2026-05-01,87.6,3,2026-08-01,87.126,85.4118,88.7909,81.6471,90.9296,FALSE,FALSE,aug-2026,2026-08-02T19:48:32Z,86.4,2026-10-07,-0.726,0.726,0.8288,TRUE,TRUE,3.3791,9.2825,3.3791,9.2825,-1.2,1.2
2026-08-01,rw_v1,DE,G476,2026-05-01,97.3,1,2026-06-01,96.9075,94.8867,99.0464,92.6987,102.4793,FALSE,TRUE,aug-2026,2026-08-02T19:48:32Z,100.1,2026-09-12,3.1925,3.1925,3.2811,FALSE,TRUE,4.1597,9.7806,8.3741,9.7806,2.8,2.8
2026-08-01,rw_v1,DE,G476,2026-05-01,97.3,2,2026-07-01,96.3347,94.2573,100.1356,91.1505,104.3344,FALSE,TRUE,aug-2026,2026-08-02T19:48:32Z,98.1,2026-09-12,1.7653,1.7653,1.8143,TRUE,TRUE,5.8783,13.1839,5.8783,13.1839,0.8,0.8
2026-08-01,rw_v1,DE,G476,2026-05-01,97.3,3,2026-08-01,96.6782,94.17,100.3898,90.1094,106.1994,FALSE,TRUE,aug-2026,2026-08-02T19:48:32Z,98.7,2026-10-07,2.0218,2.0218,2.0779,TRUE,TRUE,6.2198,16.09,6.2198,16.09,1.4,1.4
2026-08-01,rw_v1,DE,G477,2026-05-01,111.2,1,2026-06-01,111.2722,109.887,112.7368,107.9246,114.3539,FALSE,FALSE,aug-2026,2026-08-02T19:48:32Z,109.9,2026-09-12,-1.3722,1.3722,1.234,TRUE,TRUE,2.8498,6.4293,2.8498,6.4293,-1.3,1.3
2026-08-01,rw_v1,DE,G477,2026-05-01,111.2,2,2026-07-01,111.4205,109.9464,112.7508,108.7108,114.4968,FALSE,FALSE,aug-2026,2026-08-02T19:48:32Z,102.7,2026-09-12,-8.7205,8.7205,7.8422,FALSE,FALSE,2.8044,5.786,31.79,65.894,-8.5,8.5
2026-08-01,rw_v1,DE,G477,2026-05-01,111.2,3,2026-08-01,111.7997,110.343,112.8449,107.4639,115.6317,FALSE,FALSE,aug-2026,2026-08-02T19:48:32Z,105.3,2026-10-07,-6.4997,6.4997,5.8451,FALSE,FALSE,2.5019,8.1678,22.6739,29.8068,-5.9,5.9
2026-08-01,rw_v1,DE,G479,2026-05-01,112.2,1,2026-06-01,112.2817,110.7454,114.6288,109.022,116.0628,FALSE,FALSE,aug-2026,2026-08-02T19:48:32Z,115.3,2026-09-12,3.0183,3.0183,2.6901,FALSE,TRUE,3.8834,7.0408,6.5682,7.0408,3.1,3.1
2026-08-01,rw_v1,DE,G479,2026-05-01,112.2,2,2026-07-01,112.8891,110.9073,114.6861,109.4219,116.7076,FALSE,FALSE,aug-2026,2026-08-02T19:48:32Z,108.9,2026-09-12,-3.9891,3.9891,3.5553,FALSE,FALSE,3.7788,7.2857,11.808,12.5047,-3.3,3.3
2026-08-01,rw_v1,DE,G479,2026-05-01,112.2,3,2026-08-01,113.5757,110.8774,115.3085,108.4376,117.8776,FALSE,FALSE,aug-2026,2026-08-02T19:48:32Z,112,2026-10-07,-1.5757,1.5757,1.4044,TRUE,TRUE,4.4311,9.44,4.4311,9.44,-0.2,0.2
2026-08-01,rw_v1,DK,G47_FOOD,2026-06-01,89.7,1,2026-07-01,89.5518,88.7942,90.3998,88.2953,91.1892,FALSE,FALSE,aug-2026,2026-08-02T19:48:32Z,89.4,2026-09-12,-0.1518,0.1518,0.1692,TRUE,TRUE,1.6056,2.8939,1.6056,2.8939,-0.3,0.3
2026-08-01,rw_v1,DK,G47_FOOD,2026-06-01,89.7,2,2026-08-01,89.5875,88.7827,90.4087,87.8528,91.7773,FALSE,FALSE,aug-2026,2026-08-02T19:48:32Z,89.4,2026-10-07,-0.1875,0.1875,0.209,TRUE,TRUE,1.626,3.9245,1.626,3.9245,-0.3,0.3
2026-08-01,rw_v1,DK,G47_NFOOD_X_G473,2026-06-01,113,1,2026-07-01,113.1251,112.029,114.4392,110.5154,115.821,FALSE,FALSE,aug-2026,2026-08-02T19:48:32Z,114.3,2026-09-12,1.1749,1.1749,1.0397,TRUE,TRUE,2.4102,5.3056,2.4102,5.3056,1.3,1.3
2026-08-01,rw_v1,DK,G47_NFOOD_X_G473,2026-06-01,113,2,2026-08-01,113.6837,111.8712,114.9188,109.0915,116.1916,FALSE,FALSE,aug-2026,2026-08-02T19:48:32Z,114.1,2026-10-07,0.4163,0.4163,0.3684,TRUE,TRUE,3.0476,7.1001,3.0476,7.1001,1.1,1.1
2026-08-01,rw_v1,DK,G474,2026-06-01,149,1,2026-07-01,149.5955,145.6262,153.8655,142.2689,159.8972,FALSE,FALSE,aug-2026,2026-08-02T19:48:32Z,147.3,2026-09-12,-2.2955,2.2955,1.5406,TRUE,TRUE,8.2393,17.6283,8.2393,17.6283,-1.7,1.7
2026-08-01,rw_v1,DK,G474,2026-06-01,149,2,2026-08-01,150.4594,146.77440000000001,155.6193,143.2019,159.9378,FALSE,FALSE,aug-2026,2026-08-02T19:48:32Z,150.7,2026-10-07,0.2406,0.2406,0.1615,TRUE,TRUE,8.8449,16.7359,8.8449,16.7359,1.7,1.7
2026-08-01,rw_v1,DK,G475,2026-06-01,110.6,1,2026-07-01,110.7667,109.2628,112.1684,107.4894,113.8266,FALSE,FALSE,aug-2026,2026-08-02T19:48:32Z,110.1,2026-09-12,-0.6667,0.6667,0.6028,TRUE,TRUE,2.9056,6.3372,2.9056,6.3372,-0.5,0.5
2026-08-01,rw_v1,DK,G475,2026-06-01,110.6,2,2026-08-01,111.3117,109.6197,112.4526,105.3892,115.4186,FALSE,FALSE,aug-2026,2026-08-02T19:48:32Z,107,2026-10-07,-4.3117,4.3117,3.8985,FALSE,TRUE,2.8329,10.0294,13.3117,10.0294,-3.6,3.6
2026-08-01,rw_v1,DK,G476,2026-06-01,120.8,1,2026-07-01,121.6419,117.5248,124.5323,111.0853,130.0878,FALSE,TRUE,aug-2026,2026-08-02T19:48:32Z,122.6,2026-09-12,0.9581,0.9581,0.7931,TRUE,TRUE,7.0075,19.0025,7.0075,19.0025,1.8,1.8
2026-08-01,rw_v1,DK,G476,2026-06-01,120.8,2,2026-08-01,121.9229,116.4652,125.493,109.298,135.3995,FALSE,TRUE,aug-2026,2026-08-02T19:48:32Z,122.5,2026-10-07,0.5771,0.5771,0.4777,TRUE,TRUE,9.0278,26.1015,9.0278,26.1015,1.7,1.7
2026-08-01,rw_v1,DK,G477,2026-06-01,117,1,2026-07-01,117.1321,116.2317,118.6149,114.6564,119.7709,FALSE,FALSE,aug-2026,2026-08-02T19:48:32Z,118.2,2026-09-12,1.0679,1.0679,0.9127,TRUE,TRUE,2.3832,5.1145,2.3832,5.1145,1.2,1.2
2026-08-01,rw_v1,DK,G477,2026-06-01,117,2,2026-08-01,117.7534,116.4487,118.7959,114.5109,121.732,FALSE,FALSE,aug-2026,2026-08-02T19:48:32Z,119.6,2026-10-07,1.8466,1.8466,1.5783,FALSE,TRUE,2.3472,7.2211,5.5636,7.2211,2.6,2.6
2026-08-01,rw_v1,DK,G479,2026-06-01,110.7,1,2026-07-01,111.1444,109.8268,112.335,107.6521,113.6132,FALSE,FALSE,aug-2026,2026-08-02T19:48:32Z,122.7,2026-09-12,11.5556,11.5556,10.4387,FALSE,FALSE,2.5082,5.9611,43.9682,96.8291,12,12
2026-08-01,rw_v1,DK,G479,2026-06-01,110.7,2,2026-08-01,111.7316,109.8348,113.1089,105.9878,115.6108,FALSE,FALSE,aug-2026,2026-08-02T19:48:32Z,116.5,2026-10-07,4.7684,4.7684,4.3075,FALSE,FALSE,3.2741,9.623,16.8385,18.515,5.8,5.8
2026-08-01,rw_v1,EA21,G47_FOOD,2026-05-01,99.1,1,2026-06-01,99.0584,98.638,99.6799,98.1747,100.1182,FALSE,FALSE,aug-2026,2026-08-02T19:48:32Z,98.3,2026-09-12,-0.7584,0.7584,0.7653,FALSE,TRUE,1.0419,1.9435,2.3939,1.9435,-0.8,0.8
2026-08-01,rw_v1,EA21,G47_FOOD,2026-05-01,99.1,2,2026-07-01,99.2178,98.6714,99.7383,97.9946,100.1269,FALSE,FALSE,aug-2026,2026-08-02T19:48:32Z,98.7,2026-09-12,-0.5178,0.5178,0.5225,TRUE,TRUE,1.0669,2.1323,1.0669,2.1323,-0.4,0.4
2026-08-01,rw_v1,EA21,G47_FOOD,2026-05-01,99.1,3,2026-08-01,99.3325,98.6773,99.8114,97.7106,100.2401,FALSE,FALSE,aug-2026,2026-08-02T19:48:32Z,98.3,2026-10-07,-1.0325,1.0325,1.0419,FALSE,TRUE,1.1341,2.5295,2.6433,2.5295,-0.8,0.8
2026-08-01,rw_v1,EA21,G47_NFOOD_X_G473,2026-05-01,109.6,1,2026-06-01,109.802,109.0949,110.5156,108.0538,111.6043,FALSE,FALSE,aug-2026,2026-08-02T19:48:32Z,110.9,2026-09-12,1.098,1.098,1.0018,FALSE,TRUE,1.4207,3.5505,2.9583,3.5505,1.3,1.3
2026-08-01,rw_v1,EA21,G47_NFOOD_X_G473,2026-05-01,109.6,2,2026-07-01,109.9172,109.2555,110.6596,108.2771,111.7841,FALSE,FALSE,aug-2026,2026-08-02T19:48:32Z,109.4,2026-09-12,-0.5172,0.5172,0.4719,TRUE,TRUE,1.4041,3.507,1.4041,3.507,-0.2,0.2
2026-08-01,rw_v1,EA21,G47_NFOOD_X_G473,2026-05-01,109.6,3,2026-08-01,110.1143,109.2396,110.9734,108.0214,111.9447,FALSE,FALSE,aug-2026,2026-08-02T19:48:32Z,110.1,2026-10-07,-0.0143,0.0143,0.013,TRUE,TRUE,1.7338,3.9233,1.7338,3.9233,0.5,0.5
2026-08-01,rw_v1,EA21,G474,2026-05-01,125.6,1,2026-06-01,126.1205,124.5567,127.2944,122.801,129.1266,FALSE,FALSE,aug-2026,2026-08-02T19:48:32Z,125.4,2026-09-12,-0.7205,0.7205,0.5736,TRUE,TRUE,2.7377,6.3256,2.7377,6.3256,-0.2,0.2
2026-08-01,rw_v1,EA21,G474,2026-05-01,125.6,2,2026-07-01,126.7259,124.6562,127.7455,122.8568,129.544,FALSE,FALSE,aug-2026,2026-08-02T19:48:32Z,123.4,2026-09-12,-3.3259,3.3259,2.648,FALSE,TRUE,3.0893,6.6872,8.1141,6.6872,-2.2,2.2
2026-08-01,rw_v1,EA21,G474,2026-05-01,125.6,3,2026-08-01,126.8176,125.4133,128.7355,122.9466,130.3702,FALSE,FALSE,aug-2026,2026-08-02T19:48:32Z,124,2026-10-07,-2.8176,2.8176,2.2433,FALSE,TRUE,3.3222,7.4236,8.9754,7.4236,-1.6,1.6
2026-08-01,rw_v1,EA21,G475,2026-05-01,92,1,2026-06-01,91.8993,91.2848,92.5292,90.3592,93.4074,FALSE,FALSE,aug-2026,2026-08-02T19:48:32Z,91.5,2026-09-12,-0.3993,0.3993,0.434,TRUE,TRUE,1.2444,3.0482,1.2444,3.0482,-0.5,0.5
2026-08-01,rw_v1,EA21,G475,2026-05-01,92,2,2026-07-01,91.8694,90.9432,92.6317,89.3832,93.6403,FALSE,FALSE,aug-2026,2026-08-02T19:48:32Z,91.4,2026-09-12,-0.4694,0.4694,0.5102,TRUE,TRUE,1.6885,4.2571,1.6885,4.2571,-0.6,0.6
2026-08-01,rw_v1,EA21,G475,2026-05-01,92,3,2026-08-01,91.9074,90.7856,92.7117,88.5943,93.7449,FALSE,FALSE,aug-2026,2026-08-02T19:48:32Z,91.3,2026-10-07,-0.6074,0.6074,0.6602,TRUE,TRUE,1.9261,5.1506,1.9261,5.1506,-0.7,0.7
2026-08-01,rw_v1,EA21,G476,2026-05-01,109.4,1,2026-06-01,109.3823,108.2998,110.5326,106.795,112.6969,FALSE,FALSE,aug-2026,2026-08-02T19:48:32Z,109.5,2026-09-12,0.1177,0.1177,0.1076,TRUE,TRUE,2.2328,5.9019,2.2328,5.9019,0.1,0.1
2026-08-01,rw_v1,EA21,G476,2026-05-01,109.4,2,2026-07-01,109.3618,108.2155,110.8601,105.9626,113.9409,FALSE,FALSE,aug-2026,2026-08-02T19:48:32Z,109.6,2026-09-12,0.2382,0.2382,0.2177,TRUE,TRUE,2.6446,7.9783,2.6446,7.9783,0.2,0.2
2026-08-01,rw_v1,EA21,G476,2026-05-01,109.4,3,2026-08-01,109.3378,108.0854,111.4576,105.2308,113.8137,FALSE,FALSE,aug-2026,2026-08-02T19:48:32Z,110.4,2026-10-07,1.0622,1.0622,0.9709,TRUE,TRUE,3.3722,8.5829,3.3722,8.5829,1,1
2026-08-01,rw_v1,EA21,G477,2026-05-01,114.5,1,2026-06-01,114.8229,113.8856,115.5035,112.731,116.4982,FALSE,FALSE,aug-2026,2026-08-02T19:48:32Z,114.4,2026-09-12,-0.4229,0.4229,0.3693,TRUE,TRUE,1.6179,3.7672,1.6179,3.7672,-0.1,0.1
2026-08-01,rw_v1,EA21,G477,2026-05-01,114.5,2,2026-07-01,114.8368,114.1386,115.6334,112.6617,117.073,FALSE,FALSE,aug-2026,2026-08-02T19:48:32Z,112.9,2026-09-12,-1.9368,1.9368,1.6915,FALSE,TRUE,1.4948,4.4113,6.4492,4.4113,-1.6,1.6
2026-08-01,rw_v1,EA21,G477,2026-05-01,114.5,3,2026-08-01,115.0565,114.132,116.1203,112.7653,117.588,FALSE,FALSE,aug-2026,2026-08-02T19:48:32Z,114.1,2026-10-07,-0.9565,0.9565,0.8354,FALSE,TRUE,1.9883,4.8227,2.1163,4.8227,-0.4,0.4
2026-08-01,rw_v1,EA21,G479,2026-05-01,110.9,1,2026-06-01,111.1467,110.3807,112.4468,108.7003,114.2279,FALSE,FALSE,aug-2026,2026-08-02T19:48:32Z,113.4,2026-09-12,2.2533,2.2533,2.0318,FALSE,TRUE,2.0661,5.5276,5.8789,5.5276,2.5,2.5
2026-08-01,rw_v1,EA21,G479,2026-05-01,110.9,2,2026-07-01,111.5549,110.3979,112.8365,108.8137,114.7677,FALSE,FALSE,aug-2026,2026-08-02T19:48:32Z,109.2,2026-09-12,-2.3549,2.3549,2.1234,FALSE,TRUE,2.4386,5.954,7.2302,5.954,-1.7,1.7
2026-08-01,rw_v1,EA21,G479,2026-05-01,110.9,3,2026-08-01,111.9939,110.1166,113.334,108.2872,115.8282,FALSE,FALSE,aug-2026,2026-08-02T19:48:32Z,111.5,2026-10-07,-0.4939,0.4939,0.4454,TRUE,TRUE,3.2174,7.541,3.2174,7.541,0.6,0.6
2026-08-01,rw_v1,EE,G47_FOOD,2026-06-01,86.6,1,2026-07-01,86.5055,85.8971,87.0961,85.2514,87.7725,FALSE,FALSE,aug-2026,2026-08-02T19:48:32Z,87.2,2026-09-12,0.6945,0.6945,0.802,FALSE,TRUE,1.199,2.5211,1.6146,2.5211,0.6,0.6
2026-08-01,rw_v1,EE,G47_FOOD,2026-06-01,86.6,2,2026-08-01,86.4922,85.6398,87.097,84.9874,87.7174,FALSE,FALSE,aug-2026,2026-08-02T19:48:32Z,88,2026-10-07,1.5078,1.5078,1.7411,FALSE,FALSE,1.4572,2.73,5.0692,5.556,1.4,1.4
2026-08-01,rw_v1,EE,G47_NFOOD_X_G473,2026-06-01,91.7,1,2026-07-01,91.7897,89.8938,93.67,87.6065,95.2812,FALSE,FALSE,aug-2026,2026-08-02T19:48:32Z,92,2026-09-12,0.2103,0.2103,0.2293,TRUE,TRUE,3.7762,7.6747,3.7762,7.6747,0.3,0.3
2026-08-01,rw_v1,EE,G47_NFOOD_X_G473,2026-06-01,91.7,2,2026-08-01,91.7458,89.0808,94.0044,85.5977,97.1315,FALSE,FALSE,aug-2026,2026-08-02T19:48:32Z,93.8,2026-10-07,2.0542,2.0542,2.2401,TRUE,TRUE,4.9236,11.5338,4.9236,11.5338,2.1,2.1
2026-08-01,rw_v1,EL,G47_FOOD,2026-05-01,109,1,2026-06-01,109.3761,107.0275,111.6083,104.3747,113.7773,FALSE,FALSE,aug-2026,2026-08-02T19:48:32Z,106.4,2026-09-12,-2.9761,2.9761,2.7304,FALSE,TRUE,4.5808,9.4026,7.0908,9.4026,-2.6,2.6
2026-08-01,rw_v1,EL,G47_FOOD,2026-05-01,109,2,2026-07-01,109.0019,106.2901,112.2212,105.0805,114.2032,FALSE,FALSE,aug-2026,2026-08-02T19:48:32Z,107.4,2026-10-07,-1.6019,1.6019,1.4696,TRUE,TRUE,5.9311,9.1227,5.9311,9.1227,-1.6,1.6
2026-08-01,rw_v1,EL,G47_NFOOD_X_G473,2026-05-01,115.5,1,2026-06-01,115.3497,114.5493,117.3977,112.8815,119.3444,FALSE,FALSE,aug-2026,2026-08-02T19:48:32Z,114.5,2026-09-12,-0.8497,0.8497,0.7357,FALSE,TRUE,2.8484,6.4629,3.0456,6.4629,-1,1
2026-08-01,rw_v1,EL,G47_NFOOD_X_G473,2026-05-01,115.5,2,2026-07-01,116.2167,114.8226,117.6816,113.1764,119.5985,FALSE,FALSE,aug-2026,2026-08-02T19:48:32Z,116,2026-10-07,-0.2167,0.2167,0.1876,TRUE,TRUE,2.859,6.4221,2.859,6.4221,0.5,0.5
2026-08-01,rw_v1,EL,G479,2026-05-01,91.6,1,2026-06-01,92.6268,86.5453,96.7697,80.6319,103.1767,FALSE,TRUE,aug-2026,2026-08-02T19:48:32Z,86.5,2026-09-12,-6.1268,6.1268,6.6886,FALSE,TRUE,10.2244,22.5448,10.4056,22.5448,-5.1,5.1
2026-08-01,rw_v1,EL,G479,2026-05-01,91.6,2,2026-07-01,92.515,86.0046,98.4189,75.5813,104.702,FALSE,TRUE,aug-2026,2026-08-02T19:48:32Z,93,2026-10-07,0.485,0.485,0.5295,TRUE,TRUE,12.4143,29.1207,12.4143,29.1207,1.4,1.4
2026-08-01,rw_v1,ES,G47_FOOD,2026-06-01,106.5,1,2026-07-01,106.6761,106.0965,107.2524,105.4253,107.7776,FALSE,FALSE,aug-2026,2026-08-02T19:48:32Z,105.7,2026-09-12,-0.9761,0.9761,0.9165,FALSE,TRUE,1.1559,2.3523,2.7419,2.3523,-0.8,0.8
2026-08-01,rw_v1,ES,G47_FOOD,2026-06-01,106.5,2,2026-08-01,106.7599,106.006,107.5001,105.1181,108.154,FALSE,FALSE,aug-2026,2026-08-02T19:48:32Z,105.2,2026-10-07,-1.5599,1.5599,1.4647,FALSE,TRUE,1.4941,3.0359,4.7181,3.0359,-1.3,1.3
2026-08-01,rw_v1,ES,G47_NFOOD_X_G473,2026-06-01,123.9,1,2026-07-01,124.3027,123.4473,125.3101,122.0445,126.6084,FALSE,FALSE,aug-2026,2026-08-02T19:48:32Z,123.2,2026-09-12,-1.1027,1.1027,0.89,FALSE,TRUE,1.8628,4.5639,2.852,4.5639,-0.7,0.7
2026-08-01,rw_v1,ES,G47_NFOOD_X_G473,2026-06-01,123.9,2,2026-08-01,124.4162,123.4193,125.7549,122.7808,126.8419,FALSE,FALSE,aug-2026,2026-08-02T19:48:32Z,124.2,2026-10-07,-0.2162,0.2162,0.1745,TRUE,TRUE,2.3356,4.0611,2.3356,4.0611,0.3,0.3
2026-08-01,rw_v1,ES,G474,2026-06-01,180.1,1,2026-07-01,181.7464,180.3302,182.8779,179.4806,184.0053,FALSE,FALSE,aug-2026,2026-08-02T19:48:32Z,179.3,2026-09-12,-2.4464,2.4464,1.3584,FALSE,FALSE,2.5477,4.5247,6.6685,6.3307,-0.8,0.8
2026-08-01,rw_v1,ES,G474,2026-06-01,180.1,2,2026-08-01,183.4253,182.205,184.7648,181.0558,185.5808,FALSE,FALSE,aug-2026,2026-08-02T19:48:32Z,172.8,2026-10-07,-10.6253,10.6253,5.8997,FALSE,FALSE,2.5598,4.525,40.1798,87.083,-7.3,7.3
2026-08-01,rw_v1,ES,G475,2026-06-01,112.1,1,2026-07-01,112.37,111.8667,112.7779,111.5667,113.1914,FALSE,FALSE,aug-2026,2026-08-02T19:48:32Z,111.5,2026-09-12,-0.87,0.87,0.7761,FALSE,FALSE,0.9112,1.6247,2.378,2.2917,-0.6,0.6
2026-08-01,rw_v1,ES,G475,2026-06-01,112.1,2,2026-08-01,112.6367,112.2219,113.1817,111.8681,113.5367,FALSE,FALSE,aug-2026,2026-08-02T19:48:32Z,110.4,2026-10-07,-2.2367,2.2367,1.9953,FALSE,FALSE,0.9598,1.6686,8.2474,16.3496,-1.7,1.7
2026-08-01,rw_v1,ES,G476,2026-06-01,127.7,1,2026-07-01,127.6686,126.6178,128.6419,125.9056,129.954,FALSE,FALSE,aug-2026,2026-08-02T19:48:32Z,129.8,2026-09-12,2.1314,2.1314,1.6691,FALSE,TRUE,2.0241,4.0484,6.6565,4.0484,2.1,2.1
2026-08-01,rw_v1,ES,G476,2026-06-01,127.7,2,2026-08-01,127.9652,126.2591,129.2393,125.1958,130.5152,FALSE,FALSE,aug-2026,2026-08-02T19:48:32Z,131.1,2026-10-07,3.1348,3.1348,2.4548,FALSE,FALSE,2.9802,5.3194,10.423,11.1674,3.4,3.4
2026-08-01,rw_v1,ES,G477,2026-06-01,122.7,1,2026-07-01,122.7657,122.2507,123.402,121.374,124.0834,FALSE,FALSE,aug-2026,2026-08-02T19:48:32Z,123.4,2026-09-12,0.6343,0.6343,0.517,TRUE,TRUE,1.1513,2.7094,1.1513,2.7094,0.7,0.7
2026-08-01,rw_v1,ES,G477,2026-06-01,122.7,2,2026-08-01,123.0991,122.2843,123.6439,121.7118,124.6468,FALSE,FALSE,aug-2026,2026-08-02T19:48:32Z,122.6,2026-10-07,-0.4991,0.4991,0.4068,TRUE,TRUE,1.3596,2.935,1.3596,2.935,-0.1,0.1
2026-08-01,rw_v1,ES,G479,2026-06-01,119,1,2026-07-01,119.3371,118.159,120.5586,117.0247,121.8382,FALSE,FALSE,aug-2026,2026-08-02T19:48:32Z,113.3,2026-09-12,-6.0371,6.0371,5.0732,FALSE,FALSE,2.3996,4.8135,21.8356,42.0605,-5.7,5.7
2026-08-01,rw_v1,ES,G479,2026-06-01,119,2,2026-08-01,119.6287,118.4706,121.5176,117.343,122.3208,FALSE,FALSE,aug-2026,2026-08-02T19:48:32Z,115.7,2026-10-07,-3.9287,3.9287,3.3014,FALSE,FALSE,3.047,4.9778,14.1294,21.4078,-3.3,3.3
2026-08-01,rw_v1,FI,G47_FOOD,2026-06-01,93.2,1,2026-07-01,93.181,92.1839,93.9871,91.5935,94.6989,FALSE,FALSE,aug-2026,2026-08-02T19:48:32Z,93.8,2026-09-12,0.619,0.619,0.6642,TRUE,TRUE,1.8032,3.1054,1.8032,3.1054,0.6,0.6
2026-08-01,rw_v1,FI,G47_FOOD,2026-06-01,93.2,2,2026-08-01,93.1138,92.3943,93.9284,91.4782,94.7232,FALSE,FALSE,aug-2026,2026-08-02T19:48:32Z,95.2,2026-10-07,2.0862,2.0862,2.2384,FALSE,FALSE,1.5341,3.245,6.6205,8.013,2,2
2026-08-01,rw_v1,FI,G47_NFOOD_X_G473,2026-06-01,94.4,1,2026-07-01,94.6101,93.524,95.4131,92.0287,96.528,FALSE,FALSE,aug-2026,2026-08-02T19:48:32Z,94.6,2026-09-12,-0.0101,0.0101,0.0107,TRUE,TRUE,1.8891,4.4993,1.8891,4.4993,0.2,0.2
2026-08-01,rw_v1,FI,G47_NFOOD_X_G473,2026-06-01,94.4,2,2026-08-01,94.5668,93.3153,95.8145,92.0881,96.4247,FALSE,FALSE,aug-2026,2026-08-02T19:48:32Z,95,2026-10-07,0.4332,0.4332,0.4589,TRUE,TRUE,2.4992,4.3366,2.4992,4.3366,0.6,0.6
2026-08-01,rw_v1,FI,G474,2026-06-01,85.1,1,2026-07-01,85.0666,83.5965,86.7354,81.781,87.9468,FALSE,FALSE,aug-2026,2026-08-02T19:48:32Z,81.4,2026-09-12,-3.6666,3.6666,4.3086,FALSE,FALSE,3.1389,6.1658,11.9249,9.9758,-3.7,3.7
2026-08-01,rw_v1,FI,G474,2026-06-01,85.1,2,2026-08-01,85.1183,82.996,87.1468,81.1017,88.8439,FALSE,FALSE,aug-2026,2026-08-02T19:48:32Z,81.3,2026-10-07,-3.8183,3.8183,4.4868,FALSE,TRUE,4.1508,7.7422,10.9348,7.7422,-3.8,3.8
2026-08-01,rw_v1,FI,G475,2026-06-01,74.8,1,2026-07-01,74.5286,73.6018,75.7226,71.9402,77.0236,FALSE,FALSE,aug-2026,2026-08-02T19:48:32Z,75.9,2026-09-12,1.3714,1.3714,1.8334,FALSE,TRUE,2.1208,5.0834,2.8304,5.0834,1.1,1.1
2026-08-01,rw_v1,FI,G475,2026-06-01,74.8,2,2026-08-01,74.3878,72.6578,75.7672,71.1548,77.5452,FALSE,FALSE,aug-2026,2026-08-02T19:48:32Z,74.8,2026-10-07,0.4122,0.4122,0.5511,TRUE,TRUE,3.1094,6.3904,3.1094,6.3904,0,0
2026-08-01,rw_v1,FI,G476,2026-06-01,76.1,1,2026-07-01,75.9993,74.9056,76.9893,74.0779,77.781,FALSE,FALSE,aug-2026,2026-08-02T19:48:32Z,76.6,2026-09-12,0.6007,0.6007,0.7894,TRUE,TRUE,2.0837,3.7031,2.0837,3.7031,0.5,0.5
2026-08-01,rw_v1,FI,G476,2026-06-01,76.1,2,2026-08-01,75.7296,74.6727,76.5291,74.0274,77.6086,FALSE,FALSE,aug-2026,2026-08-02T19:48:32Z,76.7,2026-10-07,0.9704,0.9704,1.2752,FALSE,TRUE,1.8564,3.5812,2.54,3.5812,0.6,0.6
2026-08-01,rw_v1,FI,G477,2026-06-01,116.5,1,2026-07-01,116.9526,116.0644,117.8738,114.9488,118.8948,FALSE,FALSE,aug-2026,2026-08-02T19:48:32Z,116.3,2026-09-12,-0.6526,0.6526,0.5602,TRUE,TRUE,1.8094,3.946,1.8094,3.946,-0.2,0.2
2026-08-01,rw_v1,FI,G477,2026-06-01,116.5,2,2026-08-01,117.5257,116.0985,118.477,114.4523,120.2022,FALSE,FALSE,aug-2026,2026-08-02T19:48:32Z,116,2026-10-07,-1.5257,1.5257,1.3096,FALSE,TRUE,2.3785,5.7499,2.7725,5.7499,-0.5,0.5
2026-08-01,rw_v1,FI,G479,2026-06-01,106.7,1,2026-07-01,107.205,105.2862,109.2516,103.1052,110.789,FALSE,FALSE,aug-2026,2026-08-02T19:48:32Z,106.2,2026-09-12,-1.005,1.005,0.9419,TRUE,TRUE,3.9654,7.6838,3.9654,7.6838,-0.5,0.5
2026-08-01,rw_v1,FI,G479,2026-06-01,106.7,2,2026-08-01,107.8566,105.3944,109.7966,102.814,112.2831,FALSE,FALSE,aug-2026,2026-08-02T19:48:32Z,109.7,2026-10-07,1.8434,1.8434,1.7276,TRUE,TRUE,4.4022,9.4691,4.4022,9.4691,3,3
2026-08-01,rw_v1,FR,G47_FOOD,2026-06-01,103.3,1,2026-07-01,103.4151,102.8256,103.8304,101.8569,104.8159,FALSE,FALSE,aug-2026,2026-08-02T19:48:32Z,105,2026-09-12,1.5849,1.5849,1.5343,FALSE,FALSE,1.0048,2.959,5.6832,4.8,1.7,1.7
2026-08-01,rw_v1,FR,G47_FOOD,2026-06-01,103.3,2,2026-08-01,103.5247,102.8608,104.087,101.8464,105.1054,FALSE,FALSE,aug-2026,2026-08-02T19:48:32Z,103,2026-10-07,-0.5247,0.5247,0.5079,TRUE,TRUE,1.2262,3.259,1.2262,3.259,-0.3,0.3
2026-08-01,rw_v1,FR,G47_NFOOD_X_G473,2026-06-01,113.4,1,2026-07-01,113.5799,112.5882,114.4329,110.9615,115.7672,FALSE,FALSE,aug-2026,2026-08-02T19:48:32Z,115.8,2026-09-12,2.2201,2.2201,1.9578,FALSE,FALSE,1.8447,4.8057,7.3131,5.1337,2.4,2.4
2026-08-01,rw_v1,FR,G47_NFOOD_X_G473,2026-06-01,113.4,2,2026-08-01,113.7929,113.0583,114.8222,111.6569,116.6633,FALSE,FALSE,aug-2026,2026-08-02T19:48:32Z,115.8,2026-10-07,2.0071,2.0071,1.7699,FALSE,TRUE,1.7639,5.0064,5.6751,5.0064,2.4,2.4
2026-08-01,rw_v1,FR,G474,2026-05-01,131.4,1,2026-06-01,132.1125,129.4374,133.9866,127.2077,136.9659,FALSE,FALSE,aug-2026,2026-08-02T19:48:32Z,133.7,2026-09-12,1.5875,1.5875,1.2081,TRUE,TRUE,4.5492,9.7582,4.5492,9.7582,2.3,2.3
2026-08-01,rw_v1,FR,G474,2026-05-01,131.4,2,2026-07-01,132.4051,129.6393,134.4418,125.7325,138.3033,FALSE,FALSE,aug-2026,2026-08-02T19:48:32Z,134.3,2026-10-07,1.8949,1.8949,1.4421,TRUE,TRUE,4.8025,12.5708,4.8025,12.5708,2.9,2.9
2026-08-01,rw_v1,FR,G475,2026-05-01,84.5,1,2026-06-01,84.4815,83.2725,85.4599,81.0398,87.0013,FALSE,FALSE,aug-2026,2026-08-02T19:48:32Z,85.1,2026-09-12,0.6185,0.6185,0.732,TRUE,TRUE,2.1874,5.9615,2.1874,5.9615,0.6,0.6
2026-08-01,rw_v1,FR,G475,2026-05-01,84.5,2,2026-07-01,84.0901,82.8274,85.477,80.9693,86.9913,FALSE,FALSE,aug-2026,2026-08-02T19:48:32Z,84.6,2026-10-07,0.5099,0.5099,0.6034,TRUE,TRUE,2.6496,6.022,2.6496,6.022,0.1,0.1
2026-08-01,rw_v1,FR,G476,2026-05-01,111.3,1,2026-06-01,111.2583,110.0989,112.8802,107.418,114.9513,FALSE,FALSE,aug-2026,2026-08-02T19:48:32Z,110.7,2026-09-12,-0.5583,0.5583,0.5016,TRUE,TRUE,2.7813,7.5333,2.7813,7.5333,-0.6,0.6
2026-08-01,rw_v1,FR,G476,2026-05-01,111.3,2,2026-07-01,111.4653,110.1836,113.0727,107.5001,115.5977,FALSE,FALSE,aug-2026,2026-08-02T19:48:32Z,111,2026-10-07,-0.4653,0.4653,0.4181,TRUE,TRUE,2.8891,8.0976,2.8891,8.0976,-0.3,0.3
2026-08-01,rw_v1,FR,G477,2026-05-01,127.3,1,2026-06-01,127.7069,126.3884,128.9159,124.5177,130.3864,FALSE,FALSE,aug-2026,2026-08-02T19:48:32Z,129.3,2026-09-12,1.5931,1.5931,1.2515,FALSE,TRUE,2.5275,5.8687,4.0639,5.8687,2,2
2026-08-01,rw_v1,FR,G477,2026-05-01,127.3,2,2026-07-01,128.245,126.7669,129.5806,125.412,131.254,FALSE,FALSE,aug-2026,2026-08-02T19:48:32Z,132.1,2026-10-07,3.855,3.855,3.0283,FALSE,FALSE,2.8137,5.842,12.8913,14.302,4.8,4.8
2026-08-01,rw_v1,FR,G479,2026-05-01,108.5,1,2026-06-01,108.9057,107.5607,110.2389,105.1075,111.9635,FALSE,FALSE,aug-2026,2026-08-02T19:48:32Z,107.5,2026-09-12,-1.4057,1.4057,1.2956,FALSE,TRUE,2.6782,6.856,2.921,6.856,-1,1
2026-08-01,rw_v1,FR,G479,2026-05-01,108.5,2,2026-07-01,109.0588,107.0979,110.8892,105.2697,112.9791,FALSE,FALSE,aug-2026,2026-08-02T19:48:32Z,106.9,2026-10-07,-2.1588,2.1588,1.9897,FALSE,TRUE,3.7913,7.7094,4.5829,7.7094,-1.6,1.6
2026-08-01,rw_v1,HR,G47_FOOD,2026-06-01,110,1,2026-07-01,110.0074,109.13,111.5326,107.8234,113.0501,FALSE,FALSE,aug-2026,2026-08-02T19:48:32Z,109.9,2026-09-12,-0.1074,0.1074,0.0976,TRUE,TRUE,2.4026,5.2267,2.4026,5.2267,-0.1,0.1
2026-08-01,rw_v1,HR,G47_FOOD,2026-06-01,110,2,2026-08-01,110.3384,109.0292,111.6655,107.9037,114.4542,FALSE,FALSE,aug-2026,2026-08-02T19:48:32Z,109.3,2026-10-07,-1.0384,1.0384,0.944,TRUE,TRUE,2.6363,6.5505,2.6363,6.5505,-0.7,0.7
2026-08-01,rw_v1,HR,G47_NFOOD_X_G473,2026-06-01,128.1,1,2026-07-01,128.4937,126.9855,130.587,125.2635,131.8352,FALSE,FALSE,aug-2026,2026-08-02T19:48:32Z,131.6,2026-09-12,3.1063,3.1063,2.4249,FALSE,TRUE,3.6015,6.5717,7.6535,6.5717,3.5,3.5
2026-08-01,rw_v1,HR,G47_NFOOD_X_G473,2026-06-01,128.1,2,2026-08-01,129.2351,127.2067,130.9988,125.2433,133.2494,FALSE,FALSE,aug-2026,2026-08-02T19:48:32Z,129.5,2026-10-07,0.2649,0.2649,0.2068,TRUE,TRUE,3.7921,8.0061,3.7921,8.0061,1.4,1.4
2026-08-01,rw_v1,HU,G47_FOOD,2026-05-01,102.1,1,2026-06-01,102.1462,101.525,103.0105,100.8106,103.6246,FALSE,FALSE,aug-2026,2026-08-02T19:48:32Z,102,2026-09-12,-0.1462,0.1462,0.1432,TRUE,TRUE,1.4855,2.814,1.4855,2.814,-0.1,0.1
2026-08-01,rw_v1,HU,G47_FOOD,2026-05-01,102.1,2,2026-07-01,102.5332,101.7453,103.0402,100.5935,103.591,FALSE,FALSE,aug-2026,2026-08-02T19:48:32Z,102,2026-09-12,-0.5332,0.5332,0.5222,TRUE,TRUE,1.2949,2.9975,1.2949,2.9975,-0.1,0.1
2026-08-01,rw_v1,HU,G47_FOOD,2026-05-01,102.1,3,2026-08-01,102.5586,101.9425,103.3956,100.4583,104.0067,FALSE,FALSE,aug-2026,2026-08-02T19:48:32Z,101.4,2026-10-07,-1.1586,1.1586,1.1348,FALSE,TRUE,1.4531,3.5484,3.6231,3.5484,-0.7,0.7
2026-08-01,rw_v1,HU,G47_NFOOD_X_G473,2026-05-01,112.9,1,2026-06-01,113.2575,112.1777,114.153,111.0556,115.6338,FALSE,FALSE,aug-2026,2026-08-02T19:48:32Z,112.4,2026-09-12,-0.8575,0.8575,0.7595,TRUE,TRUE,1.9753,4.5782,1.9753,4.5782,-0.5,0.5
2026-08-01,rw_v1,HU,G47_NFOOD_X_G473,2026-05-01,112.9,2,2026-07-01,113.5356,112.5057,114.5305,110.3644,116.5181,FALSE,FALSE,aug-2026,2026-08-02T19:48:32Z,113.5,2026-09-12,-0.0356,0.0356,0.0315,TRUE,TRUE,2.0248,6.1537,2.0248,6.1537,0.6,0.6
2026-08-01,rw_v1,HU,G47_NFOOD_X_G473,2026-05-01,112.9,3,2026-08-01,114.157,112.5181,115.2136,109.4923,117.0083,FALSE,FALSE,aug-2026,2026-08-02T19:48:32Z,113.4,2026-10-07,-0.757,0.757,0.6705,TRUE,TRUE,2.6955,7.516,2.6955,7.516,0.5,0.5
2026-08-01,rw_v1,IE,G47_FOOD,2026-06-01,96.7,1,2026-07-01,96.8912,96.5481,97.3344,96.0698,97.6989,FALSE,FALSE,aug-2026,2026-08-02T19:48:32Z,97.9,2026-09-12,1.0088,1.0088,1.0432,FALSE,FALSE,0.7863,1.6291,3.0487,3.6401,1.2,1.2
2026-08-01,rw_v1,IE,G47_FOOD,2026-06-01,96.7,2,2026-08-01,96.7881,96.398,97.6068,96.1595,98.1099,FALSE,FALSE,aug-2026,2026-08-02T19:48:32Z,96.9,2026-10-07,0.1119,0.1119,0.1157,TRUE,TRUE,1.2088,1.9504,1.2088,1.9504,0.2,0.2
2026-08-01,rw_v1,IE,G47_NFOOD_X_G473,2026-06-01,121.7,1,2026-07-01,121.6095,120.27,122.4332,119.5506,123.3541,FALSE,FALSE,aug-2026,2026-08-02T19:48:32Z,122.5,2026-09-12,0.8905,0.8905,0.7317,FALSE,TRUE,2.1632,3.8035,2.4304,3.8035,0.8,0.8
2026-08-01,rw_v1,IE,G47_NFOOD_X_G473,2026-06-01,121.7,2,2026-08-01,121.6106,119.7401,122.3322,118.3183,123.4653,FALSE,FALSE,aug-2026,2026-08-02T19:48:32Z,123.9,2026-10-07,2.2894,2.2894,1.8812,FALSE,FALSE,2.5921,5.147,8.8633,9.494,2.2,2.2
2026-08-01,rw_v1,IT,G47_FOOD,2026-05-01,92.9,1,2026-06-01,92.7007,92.1946,93.379,91.7907,94.0086,FALSE,FALSE,aug-2026,2026-08-02T19:48:32Z,92.5,2026-09-12,-0.2007,0.2007,0.216,TRUE,TRUE,1.1844,2.2179,1.1844,2.2179,-0.4,0.4
2026-08-01,rw_v1,IT,G47_FOOD,2026-05-01,92.9,2,2026-07-01,92.7998,92.0508,93.212,91.3711,94.0294,FALSE,FALSE,aug-2026,2026-08-02T19:48:32Z,92.4,2026-09-12,-0.3998,0.3998,0.4304,TRUE,TRUE,1.1612,2.6583,1.1612,2.6583,-0.5,0.5
2026-08-01,rw_v1,IT,G47_FOOD,2026-05-01,92.9,3,2026-08-01,92.5962,92.0017,93.2816,91.4007,94.0619,FALSE,FALSE,aug-2026,2026-08-02T19:48:32Z,92.7,2026-10-07,0.1038,0.1038,0.1117,TRUE,TRUE,1.2799,2.6612,1.2799,2.6612,-0.2,0.2
2026-08-01,rw_v1,IT,G47_NFOOD_X_G473,2026-05-01,98.9,1,2026-06-01,98.9275,98.4376,99.3196,98.111,99.6719,FALSE,FALSE,aug-2026,2026-08-02T19:48:32Z,99,2026-09-12,0.0725,0.0725,0.0733,TRUE,TRUE,0.882,1.5609,0.882,1.5609,0.1,0.1
2026-08-01,rw_v1,IT,G47_NFOOD_X_G473,2026-05-01,98.9,2,2026-07-01,98.8998,98.4248,99.2777,97.8971,100.9061,FALSE,FALSE,aug-2026,2026-08-02T19:48:32Z,98.5,2026-09-12,-0.3998,0.3998,0.4042,TRUE,TRUE,0.8529,3.009,0.8529,3.009,-0.4,0.4
2026-08-01,rw_v1,IT,G47_NFOOD_X_G473,2026-05-01,98.9,3,2026-08-01,98.9268,98.315,99.328,97.7566,103.8772,FALSE,FALSE,aug-2026,2026-08-02T19:48:32Z,98.4,2026-10-07,-0.5268,0.5268,0.5327,TRUE,TRUE,1.013,6.1206,1.013,6.1206,-0.5,0.5
2026-08-01,rw_v1,IT,G474,2026-05-01,136.9,1,2026-06-01,137.5596,136.837,138.1754,136.3199,138.8682,FALSE,FALSE,aug-2026,2026-08-02T19:48:32Z,135.6,2026-09-12,-1.9596,1.9596,1.4314,FALSE,FALSE,1.3384,2.5483,6.2864,9.7473,-1.3,1.3
2026-08-01,rw_v1,IT,G474,2026-05-01,136.9,2,2026-07-01,138.0303,137.3535,139.0655,136.6535,140.0494,FALSE,FALSE,aug-2026,2026-08-02T19:48:32Z,135.9,2026-09-12,-2.1303,2.1303,1.5561,FALSE,FALSE,1.712,3.3959,7.526,10.9309,-1,1
2026-08-01,rw_v1,IT,G474,2026-05-01,136.9,3,2026-08-01,138.6556,137.7569,139.9837,136.6451,141.4638,FALSE,FALSE,aug-2026,2026-08-02T19:48:32Z,134.6,2026-10-07,-4.0556,4.0556,2.9625,FALSE,FALSE,2.2268,4.8187,14.8544,25.2697,-2.3,2.3
2026-08-01,rw_v1,IT,G475,2026-05-01,92.9,1,2026-06-01,92.8673,92.5564,93.1711,92.0522,93.7582,FALSE,FALSE,aug-2026,2026-08-02T19:48:32Z,93.2,2026-09-12,0.3327,0.3327,0.3581,FALSE,TRUE,0.6147,1.706,0.7303,1.706,0.3,0.3
2026-08-01,rw_v1,IT,G475,2026-05-01,92.9,2,2026-07-01,92.81,92.2253,93.25,91.6314,95.4687,FALSE,FALSE,aug-2026,2026-08-02T19:48:32Z,92.9,2026-09-12,0.09,0.09,0.0969,TRUE,TRUE,1.0247,3.8373,1.0247,3.8373,0,0
2026-08-01,rw_v1,IT,G475,2026-05-01,92.9,3,2026-08-01,92.8549,91.881,93.3169,90.9365,94.5675,FALSE,FALSE,aug-2026,2026-08-02T19:48:32Z,92.9,2026-10-07,0.0451,0.0451,0.0485,TRUE,TRUE,1.4359,3.631,1.4359,3.631,0,0
2026-08-01,rw_v1,IT,G476,2026-05-01,97.5,1,2026-06-01,97.4119,96.6048,98.1044,95.993,98.8638,FALSE,FALSE,aug-2026,2026-08-02T19:48:32Z,97.4,2026-09-12,-0.0119,0.0119,0.0122,TRUE,TRUE,1.4996,2.8708,1.4996,2.8708,-0.1,0.1
2026-08-01,rw_v1,IT,G476,2026-05-01,97.5,2,2026-07-01,97.3062,96.699700000000007,98.0442,96.1118,98.6145,FALSE,FALSE,aug-2026,2026-08-02T19:48:32Z,96.8,2026-09-12,-0.5062,0.5062,0.5192,TRUE,TRUE,1.3445,2.5027,1.3445,2.5027,-0.7,0.7
2026-08-01,rw_v1,IT,G476,2026-05-01,97.5,3,2026-08-01,97.2394,96.6167,97.9692,95.6151,98.7665,FALSE,FALSE,aug-2026,2026-08-02T19:48:32Z,96.8,2026-10-07,-0.4394,0.4394,0.4507,TRUE,TRUE,1.3525,3.1514,1.3525,3.1514,-0.7,0.7
2026-08-01,rw_v1,IT,G477,2026-05-01,95.6,1,2026-06-01,95.4713,95.2904,95.6008,94.9408,95.9552,FALSE,FALSE,aug-2026,2026-08-02T19:48:32Z,95.5,2026-09-12,0.0287,0.0287,0.03,TRUE,TRUE,0.3104,1.0144,0.3104,1.0144,-0.1,0.1
2026-08-01,rw_v1,IT,G477,2026-05-01,95.6,2,2026-07-01,95.3587,95.0772,95.5102,94.8128,95.9922,FALSE,FALSE,aug-2026,2026-08-02T19:48:32Z,95.3,2026-09-12,-0.0587,0.0587,0.0614,TRUE,TRUE,0.433,1.1794,0.433,1.1794,-0.3,0.3
2026-08-01,rw_v1,IT,G477,2026-05-01,95.6,3,2026-08-01,95.2005,94.8883,95.4076,94.6215,99.6368,FALSE,FALSE,aug-2026,2026-08-02T19:48:32Z,95,2026-10-07,-0.2005,0.2005,0.2097,TRUE,TRUE,0.5193,5.0153,0.5193,5.0153,-0.6,0.6
2026-08-01,rw_v1,IT,G479,2026-05-01,108.6,1,2026-06-01,109.0077,108.1361,109.7207,107.2094,110.4881,FALSE,FALSE,aug-2026,2026-08-02T19:48:32Z,111.2,2026-09-12,2.1923,2.1923,2.0187,FALSE,FALSE,1.5846,3.2787,7.5018,10.3977,2.6,2.6
2026-08-01,rw_v1,IT,G479,2026-05-01,108.6,2,2026-07-01,109.223,108.272,110.2704,107.4468,111.4083,FALSE,FALSE,aug-2026,2026-08-02T19:48:32Z,109.1,2026-09-12,-0.123,0.123,0.1133,TRUE,TRUE,1.9984,3.9615,1.9984,3.9615,0.5,0.5
2026-08-01,rw_v1,IT,G479,2026-05-01,108.6,3,2026-08-01,109.6581,108.4047,110.8627,107.2751,112.5657,FALSE,FALSE,aug-2026,2026-08-02T19:48:32Z,108.9,2026-10-07,-0.7581,0.7581,0.6981,TRUE,TRUE,2.458,5.2906,2.458,5.2906,0.3,0.3
2026-08-01,rw_v1,LT,G47_FOOD,2026-06-01,98.2,1,2026-07-01,98.2135,97.6192,98.8136,96.3844,99.5746,FALSE,FALSE,aug-2026,2026-08-02T19:48:32Z,97.9,2026-09-12,-0.3135,0.3135,0.3192,TRUE,TRUE,1.1944,3.1902,1.1944,3.1902,-0.3,0.3
2026-08-01,rw_v1,LT,G47_FOOD,2026-06-01,98.2,2,2026-08-01,98.4163,97.2951,98.9438,96.122,100.2788,FALSE,FALSE,aug-2026,2026-08-02T19:48:32Z,97.2,2026-10-07,-1.2163,1.2163,1.2386,FALSE,TRUE,1.6487,4.1568,2.0291,4.1568,-1,1
2026-08-01,rw_v1,LT,G47_NFOOD_X_G473,2026-06-01,137.2,1,2026-07-01,137.9946,136.7929,138.9446,134.7136,140.369,FALSE,FALSE,aug-2026,2026-08-02T19:48:32Z,137.6,2026-09-12,-0.3946,0.3946,0.2876,TRUE,TRUE,2.1517,5.6554,2.1517,5.6554,0.4,0.4
2026-08-01,rw_v1,LT,G47_NFOOD_X_G473,2026-06-01,137.2,2,2026-08-01,138.3062,136.905,140.2522,135.1375,142.7228,FALSE,FALSE,aug-2026,2026-08-02T19:48:32Z,136.8,2026-10-07,-1.5062,1.5062,1.0978,FALSE,TRUE,3.3472,7.5853,3.7672,7.5853,-0.4,0.4
2026-08-01,rw_v1,LT,G474,2026-05-01,77.1,1,2026-06-01,77.5666,75.3181,80.1622,70.6207,82.0997,FALSE,TRUE,aug-2026,2026-08-02T19:48:32Z,77.6,2026-09-12,0.0334,0.0334,0.0433,TRUE,TRUE,4.8441,11.479,4.8441,11.479,0.5,0.5
2026-08-01,rw_v1,LT,G474,2026-05-01,77.1,2,2026-07-01,77.3187,72.9403,80.495,68.2005,85.3257,FALSE,TRUE,aug-2026,2026-08-02T19:48:32Z,76.8,2026-10-07,-0.5187,0.5187,0.6728,TRUE,TRUE,7.5547,17.1252,7.5547,17.1252,-0.3,0.3
2026-08-01,rw_v1,LT,G475,2026-05-01,121.3,1,2026-06-01,121.4383,120.0458,123.1409,117.9144,126.6956,FALSE,FALSE,aug-2026,2026-08-02T19:48:32Z,122.5,2026-09-12,1.0617,1.0617,0.8753,TRUE,TRUE,3.0951,8.7812,3.0951,8.7812,1.2,1.2
2026-08-01,rw_v1,LT,G475,2026-05-01,121.3,2,2026-07-01,122.2213,119.9221,124.2429,116.3222,129.289,FALSE,FALSE,aug-2026,2026-08-02T19:48:32Z,122.7,2026-10-07,0.4787,0.4787,0.3946,TRUE,TRUE,4.3208,12.9668,4.3208,12.9668,1.4,1.4
2026-08-01,rw_v1,LT,G476,2026-05-01,100.8,1,2026-06-01,100.4915,97.7261,103.2231,95.4334,108.5016,FALSE,TRUE,aug-2026,2026-08-02T19:48:32Z,104.3,2026-09-12,3.8085,3.8085,3.7783,FALSE,TRUE,5.497,13.0682,9.8046,13.0682,3.5,3.5
2026-08-01,rw_v1,LT,G476,2026-05-01,100.8,2,2026-07-01,101.2049,96.5463,105.0399,93.7703,111.213,FALSE,TRUE,aug-2026,2026-08-02T19:48:32Z,104.3,2026-10-07,3.0951,3.0951,3.0705,TRUE,TRUE,8.4936,17.4427,8.4936,17.4427,3.5,3.5
2026-08-01,rw_v1,LT,G477,2026-05-01,138.7,1,2026-06-01,140.0692,137.2204,141.664,134.9931,143.8934,FALSE,FALSE,aug-2026,2026-08-02T19:48:32Z,141,2026-09-12,0.9308,0.9308,0.6711,TRUE,TRUE,4.4436,8.9003,4.4436,8.9003,2.3,2.3
2026-08-01,rw_v1,LT,G477,2026-05-01,138.7,2,2026-07-01,140.4201,137.5388,142.2408,134.777,146.9081,FALSE,FALSE,aug-2026,2026-08-02T19:48:32Z,141.7,2026-10-07,1.2799,1.2799,0.9228,TRUE,TRUE,4.702,12.1311,4.702,12.1311,3,3
2026-08-01,rw_v1,LT,G479,2026-05-01,168.3,1,2026-06-01,169.1918,166.5109,171.9252,164.9333,176.3739,FALSE,FALSE,aug-2026,2026-08-02T19:48:32Z,170.8,2026-09-12,1.6082,1.6082,0.9556,TRUE,TRUE,5.4143,11.4406,5.4143,11.4406,2.5,2.5
2026-08-01,rw_v1,LT,G479,2026-05-01,168.3,2,2026-07-01,170.202,167.659,174.7172,162.9822,181.8432,FALSE,FALSE,aug-2026,2026-08-02T19:48:32Z,163.3,2026-10-07,-6.902,6.902,4.101,FALSE,TRUE,7.0582,18.861,24.4942,18.861,-5,5
2026-08-01,rw_v1,LU,G47_FOOD,2026-06-01,102.6,1,2026-07-01,102.7369,101.4111,104.6271,99.1026,106.76220000000001,FALSE,FALSE,aug-2026,2026-08-02T19:48:32Z,101.7,2026-09-12,-1.0369,1.0369,1.0106,TRUE,TRUE,3.216,7.6596,3.216,7.6596,-0.9,0.9
2026-08-01,rw_v1,LU,G47_FOOD,2026-06-01,102.6,2,2026-08-01,103.0361,100.8356,105.4178,97.96,107.1878,FALSE,FALSE,aug-2026,2026-08-02T19:48:32Z,98.3,2026-10-07,-4.7361,4.7361,4.6161,FALSE,TRUE,4.5822,9.2278,14.7246,9.2278,-4.3,4.3
2026-08-01,rw_v1,LU,G47_NFOOD_X_G473,2026-06-01,193.9,1,2026-07-01,198.553,194.8445,202.1066,190.0382,207.3548,FALSE,FALSE,aug-2026,2026-08-02T19:48:32Z,191,2026-09-12,-7.553,7.553,3.8953,FALSE,TRUE,7.2621,17.3166,22.6401,17.3166,-2.9,2.9
2026-08-01,rw_v1,LU,G47_NFOOD_X_G473,2026-06-01,193.9,2,2026-08-01,202.8283,196.1506,210.0167,191.3542,216.5125,FALSE,FALSE,aug-2026,2026-08-02T19:48:32Z,182.4,2026-10-07,-20.4283,20.4283,10.5355,FALSE,FALSE,13.8661,25.1583,68.8685,114.7003,-11.5,11.5
2026-08-01,rw_v1,LV,G47_FOOD,2026-06-01,93.6,1,2026-07-01,93.4304,92.5341,94.6291,91.9086,95.5796,FALSE,FALSE,aug-2026,2026-08-02T19:48:32Z,93.7,2026-09-12,0.2696,0.2696,0.288,TRUE,TRUE,2.095,3.671,2.095,3.671,0.1,0.1
2026-08-01,rw_v1,LV,G47_FOOD,2026-06-01,93.6,2,2026-08-01,93.4986,92.382,94.6465,91.4077,95.9776,FALSE,FALSE,aug-2026,2026-08-02T19:48:32Z,93.4,2026-10-07,-0.0986,0.0986,0.1053,TRUE,TRUE,2.2645,4.5699,2.2645,4.5699,-0.2,0.2
2026-08-01,rw_v1,LV,G47_NFOOD_X_G473,2026-06-01,119,1,2026-07-01,118.9655,118.0314,120.5359,116.5964,122.6175,FALSE,FALSE,aug-2026,2026-08-02T19:48:32Z,123.8,2026-09-12,4.8345,4.8345,4.0626,FALSE,FALSE,2.5045,6.0211,15.5609,17.8461,4.8,4.8
2026-08-01,rw_v1,LV,G47_NFOOD_X_G473,2026-06-01,119,2,2026-08-01,119.7583,118.044,121.0161,115.9252,123.3528,FALSE,FALSE,aug-2026,2026-08-02T19:48:32Z,121.5,2026-10-07,1.7417,1.7417,1.4636,FALSE,TRUE,2.9721,7.4276,4.9077,7.4276,2.5,2.5
2026-08-01,rw_v1,ME,G47_FOOD,2026-06-01,127.4,1,2026-07-01,128.0359,125.8982,130.0242,122.2992,131.7735,FALSE,FALSE,aug-2026,2026-08-02T19:48:32Z,126.8,2026-09-12,-1.2359,1.2359,0.9701,TRUE,TRUE,4.126,9.4743,4.126,9.4743,-0.6,0.6
2026-08-01,rw_v1,ME,G47_FOOD,2026-06-01,127.4,2,2026-08-01,128.7511,126.0149,130.929,121.0578,135.3885,FALSE,FALSE,aug-2026,2026-08-02T19:48:32Z,123.3,2026-10-07,-5.4511,5.4511,4.2787,FALSE,TRUE,4.9141,14.3307,15.7737,14.3307,-4.1,4.1
2026-08-01,rw_v1,ME,G47_NFOOD_X_G473,2026-06-01,165.5,1,2026-07-01,166.3069,164.43,168.5398,162.4214,171.6658,FALSE,FALSE,aug-2026,2026-08-02T19:48:32Z,161.8,2026-09-12,-4.5069,4.5069,2.7232,FALSE,FALSE,4.1098,9.2444,14.6298,15.4584,-3.7,3.7
2026-08-01,rw_v1,ME,G47_NFOOD_X_G473,2026-06-01,165.5,2,2026-08-01,167.3914,164.7909,169.7519,161.0809,174.6393,FALSE,FALSE,aug-2026,2026-08-02T19:48:32Z,160.3,2026-10-07,-7.0914,7.0914,4.2848,FALSE,FALSE,4.961,13.5584,22.9246,21.3674,-5.2,5.2
2026-08-01,rw_v1,MK,G47_FOOD,2026-05-01,102.9,1,2026-06-01,103.4289,100.7582,105.404,98.8325,107.495,FALSE,FALSE,aug-2026,2026-08-02T19:48:32Z,100.2,2026-09-12,-3.2289,3.2289,3.1379,FALSE,TRUE,4.6458,8.6625,6.8786,8.6625,-2.7,2.7
2026-08-01,rw_v1,MK,G47_FOOD,2026-05-01,102.9,2,2026-07-01,103.2297,100.6125,105.5879,97.7161,108.0197,FALSE,FALSE,aug-2026,2026-08-02T19:48:32Z,98.1,2026-10-07,-5.1297,5.1297,4.9851,FALSE,TRUE,4.9754,10.3036,15.0254,10.3036,-4.8,4.8
2026-08-01,rw_v1,MK,G47_NFOOD_X_G473,2026-05-01,106,1,2026-06-01,106.4779,103.8331,109.0141,100.9511,111.4747,FALSE,FALSE,aug-2026,2026-08-02T19:48:32Z,103.4,2026-09-12,-3.0779,3.0779,2.9037,FALSE,TRUE,5.181,10.5236,6.9134,10.5236,-2.6,2.6
2026-08-01,rw_v1,MK,G47_NFOOD_X_G473,2026-05-01,106,2,2026-07-01,106.3072,103.9182,109.7872,101.4555,113.6761,FALSE,FALSE,aug-2026,2026-08-02T19:48:32Z,104.3,2026-10-07,-2.0072,2.0072,1.8936,TRUE,TRUE,5.869,12.2206,5.869,12.2206,-1.7,1.7
2026-08-01,rw_v1,MT,G47_FOOD,2026-06-01,127.8,1,2026-07-01,128.5111,126.918,129.8454,125.8611,131.0989,FALSE,FALSE,aug-2026,2026-08-02T19:48:32Z,128.6,2026-09-12,0.0889,0.0889,0.0696,TRUE,TRUE,2.9274,5.2378,2.9274,5.2378,0.8,0.8
2026-08-01,rw_v1,MT,G47_FOOD,2026-06-01,127.8,2,2026-08-01,129.1008,127.3159,130.7907,125.5141,132.4483,FALSE,FALSE,aug-2026,2026-08-02T19:48:32Z,129.8,2026-10-07,0.6992,0.6992,0.5471,TRUE,TRUE,3.4748,6.9342,3.4748,6.9342,2,2
2026-08-01,rw_v1,MT,G47_NFOOD_X_G473,2026-06-01,128.7,1,2026-07-01,129.034,127.5678,131.2977,125.6038,133.2173,FALSE,FALSE,aug-2026,2026-08-02T19:48:32Z,130.8,2026-09-12,1.766,1.766,1.3722,TRUE,TRUE,3.7299,7.6135,3.7299,7.6135,2.1,2.1
2026-08-01,rw_v1,MT,G47_NFOOD_X_G473,2026-06-01,128.7,2,2026-08-01,129.4971,127.8238,131.9031,126.0381,134.6061,FALSE,FALSE,aug-2026,2026-08-02T19:48:32Z,123.1,2026-10-07,-6.3971,6.3971,4.9706,FALSE,FALSE,4.0793,8.568,22.9745,37.949,-5.6,5.6
2026-08-01,rw_v1,NL,G47_FOOD,2026-06-01,90,1,2026-07-01,89.765,89.1168,90.5857,88.4061,91.2759,FALSE,FALSE,aug-2026,2026-08-02T19:48:32Z,89.3,2026-09-12,-0.465,0.465,0.5167,TRUE,TRUE,1.4689,2.8698,1.4689,2.8698,-0.7,0.7
2026-08-01,rw_v1,NL,G47_FOOD,2026-06-01,90,2,2026-08-01,89.7405,88.9371,90.5485,87.9468,91.4256,FALSE,FALSE,aug-2026,2026-08-02T19:48:32Z,89.3,2026-10-07,-0.4405,0.4405,0.4894,TRUE,TRUE,1.6114,3.4788,1.6114,3.4788,-0.7,0.7
2026-08-01,rw_v1,NL,G47_NFOOD_X_G473,2026-06-01,112.7,1,2026-07-01,112.8037,111.9876,114.0065,110.5558,115.1317,FALSE,FALSE,aug-2026,2026-08-02T19:48:32Z,112.9,2026-09-12,0.0963,0.0963,0.0854,TRUE,TRUE,2.0189,4.5759,2.0189,4.5759,0.2,0.2
2026-08-01,rw_v1,NL,G47_NFOOD_X_G473,2026-06-01,112.7,2,2026-08-01,112.9568,112.1582,114.1711,111.0718,116.0033,FALSE,FALSE,aug-2026,2026-08-02T19:48:32Z,113.8,2026-10-07,0.8432,0.8432,0.7482,TRUE,TRUE,2.0129,4.9315,2.0129,4.9315,1.1,1.1
2026-08-01,rw_v1,NL,G474,2026-06-01,109.7,1,2026-07-01,110.3434,107.3971,112.7339,104.2097,116.5222,FALSE,FALSE,aug-2026,2026-08-02T19:48:32Z,108,2026-09-12,-2.3434,2.3434,2.1362,TRUE,TRUE,5.3368,12.3125,5.3368,12.3125,-1.7,1.7
2026-08-01,rw_v1,NL,G474,2026-06-01,109.7,2,2026-08-01,110.1344,107.5159,112.939,104.4587,115.7667,FALSE,FALSE,aug-2026,2026-08-02T19:48:32Z,103.5,2026-10-07,-6.6344,6.6344,6.0478,FALSE,FALSE,5.4231,11.308,21.4867,20.895,-6.2,6.2
2026-08-01,rw_v1,NL,G475,2026-06-01,93.4,1,2026-07-01,93.3787,91.9642,94.5139,90.7347,96.8148,FALSE,FALSE,aug-2026,2026-08-02T19:48:32Z,94.2,2026-09-12,0.8213,0.8213,0.8793,TRUE,TRUE,2.5497,6.0801,2.5497,6.0801,0.8,0.8
2026-08-01,rw_v1,NL,G475,2026-06-01,93.4,2,2026-08-01,93.2356,91.5752,94.6361,89.9542,97.5889,FALSE,FALSE,aug-2026,2026-08-02T19:48:32Z,96.2,2026-10-07,2.9644,2.9644,3.1739,FALSE,TRUE,3.0609,7.6347,9.3165,7.6347,2.8,2.8
2026-08-01,rw_v1,NL,G476,2026-06-01,112,1,2026-07-01,111.7542,109.9698,114.2294,108.5384,116.584,FALSE,FALSE,aug-2026,2026-08-02T19:48:32Z,115.7,2026-09-12,3.9458,3.9458,3.523,FALSE,TRUE,4.2596,8.0456,10.142,8.0456,3.7,3.7
2026-08-01,rw_v1,NL,G476,2026-06-01,112,2,2026-08-01,111.9539,110.1212,114.4413,106.3755,118.3376,FALSE,FALSE,aug-2026,2026-08-02T19:48:32Z,115.7,2026-10-07,3.7461,3.7461,3.3447,FALSE,TRUE,4.3201,11.9621,9.3549,11.9621,3.7,3.7
2026-08-01,rw_v1,NL,G477,2026-06-01,114.3,1,2026-07-01,114.2658,112.8802,116.7502,110.5533,118.4337,FALSE,FALSE,aug-2026,2026-08-02T19:48:32Z,116.9,2026-09-12,2.6342,2.6342,2.3046,FALSE,TRUE,3.87,7.8804,4.4692,7.8804,2.6,2.6
2026-08-01,rw_v1,NL,G477,2026-06-01,114.3,2,2026-08-01,114.3033,112.8705,116.8132,110.2134,118.8666,FALSE,FALSE,aug-2026,2026-08-02T19:48:32Z,116,2026-10-07,1.6967,1.6967,1.4844,TRUE,TRUE,3.9427,8.6532,3.9427,8.6532,1.7,1.7
2026-08-01,rw_v1,NL,G479,2026-06-01,119.6,1,2026-07-01,119.9846,118.7123,121.4042,117.7746,122.8017,FALSE,FALSE,aug-2026,2026-08-02T19:48:32Z,116.2,2026-09-12,-3.7846,3.7846,3.1644,FALSE,FALSE,2.6919,5.0271,12.7411,20.7731,-3.4,3.4
2026-08-01,rw_v1,NL,G479,2026-06-01,119.6,2,2026-08-01,120.7094,119.3356,122.1568,117.4077,123.5425,FALSE,FALSE,aug-2026,2026-08-02T19:48:32Z,120.3,2026-10-07,-0.4094,0.4094,0.3423,TRUE,TRUE,2.8212,6.1348,2.8212,6.1348,0.7,0.7
2026-08-01,rw_v1,NO,G47_FOOD,2026-06-01,90.2,1,2026-07-01,90.2617,89.4601,90.7787,88.3249,91.8723,FALSE,FALSE,aug-2026,2026-08-02T19:48:32Z,89.5,2026-09-12,-0.7617,0.7617,0.8445,TRUE,TRUE,1.3186,3.5474,1.3186,3.5474,-0.7,0.7
2026-08-01,rw_v1,NO,G47_FOOD,2026-06-01,90.2,2,2026-08-01,90.1144,89.591,90.7572,87.6687,91.8029,FALSE,FALSE,aug-2026,2026-08-02T19:48:32Z,90.6,2026-10-07,0.4856,0.4856,0.5384,TRUE,TRUE,1.1662,4.1342,1.1662,4.1342,0.4,0.4
2026-08-01,rw_v1,NO,G47_NFOOD_X_G473,2026-06-01,105.1,1,2026-07-01,105.4603,104.3765,106.4455,101.8752,107.3178,FALSE,FALSE,aug-2026,2026-08-02T19:48:32Z,105.5,2026-09-12,0.0397,0.0397,0.0378,TRUE,TRUE,2.069,5.4426,2.069,5.4426,0.4,0.4
2026-08-01,rw_v1,NO,G47_NFOOD_X_G473,2026-06-01,105.1,2,2026-08-01,105.7049,103.9041,107.1291,101.5206,108.1111,FALSE,FALSE,aug-2026,2026-08-02T19:48:32Z,105.9,2026-10-07,0.1951,0.1951,0.1856,TRUE,TRUE,3.225,6.5905,3.225,6.5905,0.8,0.8
2026-08-01,rw_v1,NO,G474,2026-06-01,110.1,1,2026-07-01,110.0347,106.7875,113.2716,103.5937,117.9761,FALSE,TRUE,aug-2026,2026-08-02T19:48:32Z,107.2,2026-09-12,-2.8347,2.8347,2.5747,TRUE,TRUE,6.4841,14.3824,6.4841,14.3824,-2.9,2.9
2026-08-01,rw_v1,NO,G474,2026-06-01,110.1,2,2026-08-01,110.3095,106.4844,114.5198,102.2976,119.5281,FALSE,TRUE,aug-2026,2026-08-02T19:48:32Z,102.2,2026-10-07,-8.1095,8.1095,7.3656,FALSE,FALSE,8.0354,17.2305,25.173,18.2065,-7.9,7.9
2026-08-01,rw_v1,NO,G475,2026-06-01,86,1,2026-07-01,86.0482,84.9038,87.3772,82.6157,88.6479,FALSE,FALSE,aug-2026,2026-08-02T19:48:32Z,85.2,2026-09-12,-0.8482,0.8482,0.9863,TRUE,TRUE,2.4734,6.0322,2.4734,6.0322,-0.8,0.8
2026-08-01,rw_v1,NO,G475,2026-06-01,86,2,2026-08-01,86.0013,84.224,87.6767,81.3567,89.1763,FALSE,FALSE,aug-2026,2026-08-02T19:48:32Z,85.6,2026-10-07,-0.4013,0.4013,0.4666,TRUE,TRUE,3.4527,7.8196,3.4527,7.8196,-0.4,0.4
2026-08-01,rw_v1,NO,G476,2026-06-01,93.7,1,2026-07-01,94.0171,91.3457,96.8819,87.6395,100.0977,FALSE,FALSE,aug-2026,2026-08-02T19:48:32Z,93.9,2026-09-12,-0.1171,0.1171,0.125,TRUE,TRUE,5.5362,12.4582,5.5362,12.4582,0.2,0.2
2026-08-01,rw_v1,NO,G476,2026-06-01,93.7,2,2026-08-01,93.9555,91.0513,96.1843,88.088,99.2162,FALSE,FALSE,aug-2026,2026-08-02T19:48:32Z,96.1,2026-10-07,2.1445,2.1445,2.2887,TRUE,TRUE,5.133,11.1282,5.133,11.1282,2.4,2.4
2026-08-01,rw_v1,NO,G477,2026-06-01,120.7,1,2026-07-01,121.174,119.68,122.5334,117.8336,123.8562,FALSE,FALSE,aug-2026,2026-08-02T19:48:32Z,122.4,2026-09-12,1.226,1.226,1.0157,TRUE,TRUE,2.8534,6.0226,2.8534,6.0226,1.7,1.7
2026-08-01,rw_v1,NO,G477,2026-06-01,120.7,2,2026-08-01,121.2589,118.9587,123.5059,116.9707,126.0335,FALSE,FALSE,aug-2026,2026-08-02T19:48:32Z,121.7,2026-10-07,0.4411,0.4411,0.3655,TRUE,TRUE,4.5472,9.0628,4.5472,9.0628,1,1
2026-08-01,rw_v1,NO,G479,2026-06-01,122.3,1,2026-07-01,122.999,121.3674,124.689,120.2116,126.4865,FALSE,FALSE,aug-2026,2026-08-02T19:48:32Z,125,2026-09-12,2.001,2.001,1.6361,FALSE,TRUE,3.3216,6.2749,4.5656,6.2749,2.7,2.7
2026-08-01,rw_v1,NO,G479,2026-06-01,122.3,2,2026-08-01,123.5915,121.6235,125.3784,119.2166,128.5281,FALSE,FALSE,aug-2026,2026-08-02T19:48:32Z,126.9,2026-10-07,3.3085,3.3085,2.7052,FALSE,TRUE,3.7549,9.3115,9.8413,9.3115,4.6,4.6
2026-08-01,rw_v1,PL,G47_FOOD,2026-06-01,101.7,1,2026-07-01,101.6788,100.6299,102.9886,98.9112,104.1964,FALSE,FALSE,aug-2026,2026-08-02T19:48:32Z,101.5,2026-09-12,-0.1788,0.1788,0.1758,TRUE,TRUE,2.3587,5.2852,2.3587,5.2852,-0.2,0.2
2026-08-01,rw_v1,PL,G47_FOOD,2026-06-01,101.7,2,2026-08-01,101.6624,99.9897,103.0171,97.8574,104.6835,FALSE,FALSE,aug-2026,2026-08-02T19:48:32Z,103.7,2026-10-07,2.0376,2.0376,2.0035,FALSE,TRUE,3.0274,6.8261,5.759,6.8261,2,2
2026-08-01,rw_v1,PL,G47_NFOOD_X_G473,2026-06-01,122.3,1,2026-07-01,122.8346,121.8372,123.5069,120.6974,124.8148,FALSE,FALSE,aug-2026,2026-08-02T19:48:32Z,121.2,2026-09-12,-1.6346,1.6346,1.3365,FALSE,TRUE,1.6697,4.1174,4.2185,4.1174,-1.1,1.1
2026-08-01,rw_v1,PL,G47_NFOOD_X_G473,2026-06-01,122.3,2,2026-08-01,123.2714,122.1959,124.2967,120.6628,125.4407,FALSE,FALSE,aug-2026,2026-08-02T19:48:32Z,120.7,2026-10-07,-2.5714,2.5714,2.1025,FALSE,TRUE,2.1008,4.7779,8.0844,4.7779,-1.6,1.6
2026-08-01,rw_v1,PL,G474,2026-05-01,144.5,1,2026-06-01,146.5622,141.9322,149.8394,139.0549,153.1942,FALSE,FALSE,aug-2026,2026-08-02T19:48:32Z,151.9,2026-09-12,5.3378,5.3378,3.694,FALSE,TRUE,7.9072,14.1393,16.1496,14.1393,7.4,7.4
2026-08-01,rw_v1,PL,G474,2026-05-01,144.5,2,2026-07-01,147.9812,143.3967,152.2677,139.03,156.9534,FALSE,FALSE,aug-2026,2026-08-02T19:48:32Z,108.3,2026-10-07,-39.6812,39.6812,27.461,FALSE,FALSE,8.871,17.9234,149.2578,325.2234,-36.2,36.2
2026-08-01,rw_v1,PL,G475,2026-05-01,93.2,1,2026-06-01,93.027,92.0628,94.3889,91.6075,95.8993,FALSE,FALSE,aug-2026,2026-08-02T19:48:32Z,96.2,2026-09-12,3.173,3.173,3.4045,FALSE,FALSE,2.3261,4.2918,9.5705,7.2988,3,3
2026-08-01,rw_v1,PL,G475,2026-05-01,93.2,2,2026-07-01,93.6649,92.8997,94.4734,91.406,95.1881,FALSE,FALSE,aug-2026,2026-08-02T19:48:32Z,95.7,2026-10-07,2.0351,2.0351,2.1836,FALSE,FALSE,1.5737,3.7821,6.4801,8.9011,2.5,2.5
2026-08-01,rw_v1,PL,G476,2026-05-01,98.4,1,2026-06-01,98.1479,97.3324,99.187,96.8089,100.5209,FALSE,FALSE,aug-2026,2026-08-02T19:48:32Z,98.1,2026-09-12,-0.0479,0.0479,0.0487,TRUE,TRUE,1.8546,3.712,1.8546,3.712,-0.3,0.3
2026-08-01,rw_v1,PL,G476,2026-05-01,98.4,2,2026-07-01,97.8131,97.1806,98.9396,96.2784,103.625,FALSE,FALSE,aug-2026,2026-08-02T19:48:32Z,98.5,2026-10-07,0.6869,0.6869,0.6981,TRUE,TRUE,1.759,7.3466,1.759,7.3466,0.1,0.1
2026-08-01,rw_v1,PL,G477,2026-05-01,123.3,1,2026-06-01,123.4749,122.1767,124.531,120.1819,125.9086,FALSE,FALSE,aug-2026,2026-08-02T19:48:32Z,122.9,2026-09-12,-0.5749,0.5749,0.4663,TRUE,TRUE,2.3543,5.7267,2.3543,5.7267,-0.4,0.4
2026-08-01,rw_v1,PL,G477,2026-05-01,123.3,2,2026-07-01,123.8976,121.9311,125.0297,119.7601,125.7958,FALSE,FALSE,aug-2026,2026-08-02T19:48:32Z,125.2,2026-10-07,1.3024,1.3024,1.0563,FALSE,TRUE,3.0986,6.0357,3.7798,6.0357,1.9,1.9
2026-08-01,rw_v1,PL,G479,2026-05-01,111,1,2026-06-01,110.7206,109.2625,112.3184,107.8206,113.1268,FALSE,FALSE,aug-2026,2026-08-02T19:48:32Z,104.9,2026-09-12,-5.8206,5.8206,5.2438,FALSE,FALSE,3.0559,5.3062,20.5059,34.5122,-6.1,6.1
2026-08-01,rw_v1,PL,G479,2026-05-01,111,2,2026-07-01,110.3535,108.4953,111.9879,106.0576,113.7363,FALSE,FALSE,aug-2026,2026-08-02T19:48:32Z,105.8,2026-10-07,-4.5535,4.5535,4.1023,FALSE,FALSE,3.4926,7.6787,14.2738,10.2547,-5.2,5.2
2026-08-01,rw_v1,PT,G47_FOOD,2026-06-01,112.7,1,2026-07-01,113.0991,112.3183,113.813,111.2976,114.5633,FALSE,FALSE,aug-2026,2026-08-02T19:48:32Z,113.7,2026-09-12,0.6009,0.6009,0.5332,TRUE,TRUE,1.4947,3.2657,1.4947,3.2657,1,1
2026-08-01,rw_v1,PT,G47_FOOD,2026-06-01,112.7,2,2026-08-01,113.3515,112.333,114.1303,111.4031,115.2007,FALSE,FALSE,aug-2026,2026-08-02T19:48:32Z,110.3,2026-10-07,-3.0515,3.0515,2.7076,FALSE,FALSE,1.7973,3.7976,9.9293,14.8286,-2.4,2.4
2026-08-01,rw_v1,PT,G47_NFOOD_X_G473,2026-06-01,134.3,1,2026-07-01,135.0146,133.478,136.4039,131.9587,138.1291,FALSE,FALSE,aug-2026,2026-08-02T19:48:32Z,133.3,2026-09-12,-1.7146,1.7146,1.2767,FALSE,TRUE,2.9259,6.1704,3.6379,6.1704,-1,1
2026-08-01,rw_v1,PT,G47_NFOOD_X_G473,2026-06-01,134.3,2,2026-08-01,135.4171,133.2946,137.2755,132.0175,139.1726,FALSE,FALSE,aug-2026,2026-08-02T19:48:32Z,135.3,2026-10-07,-0.1171,0.1171,0.0872,TRUE,TRUE,3.9809,7.1551,3.9809,7.1551,1,1
2026-08-01,rw_v1,PT,G474,2026-06-01,174.7,1,2026-07-01,175.818,172.4669,179.7617,167.9021,184.7307,FALSE,FALSE,aug-2026,2026-08-02T19:48:32Z,163.5,2026-09-12,-12.318,12.318,7.0509,FALSE,FALSE,7.2948,16.8286,43.1624,60.8496,-11.2,11.2
2026-08-01,rw_v1,PT,G474,2026-06-01,174.7,2,2026-08-01,176.7723,173.7585,181.8621,169.5063,186.5246,FALSE,FALSE,aug-2026,2026-08-02T19:48:32Z,164.9,2026-10-07,-11.8723,11.8723,6.7958,FALSE,FALSE,8.1036,17.0183,43.5376,63.0813,-9.8,9.8
2026-08-01,rw_v1,PT,G475,2026-06-01,126.8,1,2026-07-01,127.4015,125.4383,128.8697,123.5423,131.4003,FALSE,FALSE,aug-2026,2026-08-02T19:48:32Z,125.5,2026-09-12,-1.9015,1.9015,1.4996,TRUE,TRUE,3.4314,7.858,3.4314,7.858,-1.3,1.3
2026-08-01,rw_v1,PT,G475,2026-06-01,126.8,2,2026-08-01,127.8062,125.8436,129.6887,122.7546,132.1854,FALSE,FALSE,aug-2026,2026-08-02T19:48:32Z,123.1,2026-10-07,-4.7062,4.7062,3.7115,FALSE,TRUE,3.8451,9.4308,14.8195,9.4308,-3.7,3.7
2026-08-01,rw_v1,PT,G476,2026-06-01,138.6,1,2026-07-01,139.7152,135.2666,143.0484,131.8804,147.4473,FALSE,FALSE,aug-2026,2026-08-02T19:48:32Z,139.5,2026-09-12,-0.2152,0.2152,0.1553,TRUE,TRUE,7.7818,15.5669,7.7818,15.5669,0.9,0.9
2026-08-01,rw_v1,PT,G476,2026-06-01,138.6,2,2026-08-01,139.8,135.9048,143.8874,129.0984,149.2389,FALSE,FALSE,aug-2026,2026-08-02T19:48:32Z,144.3,2026-10-07,4.5,4.5,3.2468,FALSE,TRUE,7.9826,20.1405,9.633,20.1405,5.7,5.7
2026-08-01,rw_v1,PT,G477,2026-06-01,133.2,1,2026-07-01,134.1086,132.0306,136.11,129.579,138.1289,FALSE,FALSE,aug-2026,2026-08-02T19:48:32Z,133.7,2026-09-12,-0.4086,0.4086,0.3068,TRUE,TRUE,4.0794,8.5499,4.0794,8.5499,0.5,0.5
2026-08-01,rw_v1,PT,G477,2026-06-01,133.2,2,2026-08-01,134.3021,131.7049,136.5737,128.9546,139.8471,FALSE,FALSE,aug-2026,2026-08-02T19:48:32Z,135.8,2026-10-07,1.4979,1.4979,1.1245,TRUE,TRUE,4.8688,10.8925,4.8688,10.8925,2.6,2.6
2026-08-01,rw_v1,PT,G479,2026-06-01,122.9,1,2026-07-01,123.2402,120.1252,126.7881,116.2438,132.4456,FALSE,TRUE,aug-2026,2026-08-02T19:48:32Z,103.4,2026-09-12,-19.8402,19.8402,16.1434,FALSE,FALSE,6.6629,16.2018,73.5637,144.6398,-19.5,19.5
2026-08-01,rw_v1,PT,G479,2026-06-01,122.9,2,2026-08-01,123.9154,120.969,128.2442,115.1169,134.4226,FALSE,TRUE,aug-2026,2026-08-02T19:48:32Z,119,2026-10-07,-4.9154,4.9154,3.9995,FALSE,TRUE,7.2752,19.3057,15.1512,19.3057,-3.9,3.9
2026-08-01,rw_v1,RO,G47_FOOD,2026-05-01,104.7,1,2026-06-01,104.9694,103.849,105.8465,102.4223,107.0085,FALSE,FALSE,aug-2026,2026-08-02T19:48:32Z,101.8,2026-09-12,-3.1694,3.1694,3.0271,FALSE,FALSE,1.9975,4.5862,10.1935,10.8092,-2.9,2.9
2026-08-01,rw_v1,RO,G47_FOOD,2026-05-01,104.7,2,2026-07-01,104.9466,103.716,105.9602,102.0784,107.5038,FALSE,FALSE,aug-2026,2026-08-02T19:48:32Z,102.7,2026-09-12,-2.2466,2.2466,2.1457,FALSE,TRUE,2.2442,5.4254,6.3082,5.4254,-2,2
2026-08-01,rw_v1,RO,G47_FOOD,2026-05-01,104.7,3,2026-08-01,104.7992,103.6116,106.5327,102.1229,107.8865,FALSE,FALSE,aug-2026,2026-08-02T19:48:32Z,103.1,2026-10-07,-1.6992,1.6992,1.6229,FALSE,TRUE,2.9211,5.7636,4.9675,5.7636,-1.6,1.6
2026-08-01,rw_v1,RO,G47_NFOOD_X_G473,2026-05-01,121.9,1,2026-06-01,122.3869,121.0539,123.6307,119.3809,124.9949,FALSE,FALSE,aug-2026,2026-08-02T19:48:32Z,120.5,2026-09-12,-1.8869,1.8869,1.5479,FALSE,TRUE,2.5768,5.614,4.7924,5.614,-1.4,1.4
2026-08-01,rw_v1,RO,G47_NFOOD_X_G473,2026-05-01,121.9,2,2026-07-01,122.8868,121.2545,124.3765,119.7425,125.8516,FALSE,FALSE,aug-2026,2026-08-02T19:48:32Z,120.4,2026-09-12,-2.4868,2.4868,2.04,FALSE,TRUE,3.122,6.1091,6.54,6.1091,-1.5,1.5
2026-08-01,rw_v1,RO,G47_NFOOD_X_G473,2026-05-01,121.9,3,2026-08-01,123.3165,121.0197,125.3532,118.361,127.5547,FALSE,FALSE,aug-2026,2026-08-02T19:48:32Z,125.2,2026-10-07,1.8835,1.8835,1.5451,TRUE,TRUE,4.3335,9.1937,4.3335,9.1937,3.3,3.3
2026-08-01,rw_v1,RO,G474,2026-05-01,106.5,1,2026-06-01,106.7404,103.3429,109.0348,101.2263,114.5016,FALSE,TRUE,aug-2026,2026-08-02T19:48:32Z,103.4,2026-09-12,-3.3404,3.3404,3.1365,TRUE,TRUE,5.6919,13.2753,5.6919,13.2753,-3.1,3.1
2026-08-01,rw_v1,RO,G474,2026-05-01,106.5,2,2026-07-01,106.2725,102.7693,111.3039,97.1412,116.0658,FALSE,TRUE,aug-2026,2026-08-02T19:48:32Z,108.5,2026-09-12,2.2275,2.2275,2.0915,TRUE,TRUE,8.5346,18.9246,8.5346,18.9246,2,2
2026-08-01,rw_v1,RO,G474,2026-05-01,106.5,3,2026-08-01,105.7864,102.0848,112.0265,96.1723,116.972,FALSE,TRUE,aug-2026,2026-08-02T19:48:32Z,111,2026-10-07,5.2136,5.2136,4.8954,TRUE,TRUE,9.9417,20.7997,9.9417,20.7997,4.5,4.5
2026-08-01,rw_v1,RO,G475,2026-05-01,99.1,1,2026-06-01,99.2798,98.529,99.9648,97.1492,100.8059,FALSE,FALSE,aug-2026,2026-08-02T19:48:32Z,96.9,2026-09-12,-2.3798,2.3798,2.4014,FALSE,FALSE,1.4358,3.6567,7.9518,6.1487,-2.2,2.2
2026-08-01,rw_v1,RO,G475,2026-05-01,99.1,2,2026-07-01,99.3985,98.1155,100.715,93.7384,101.2799,FALSE,FALSE,aug-2026,2026-08-02T19:48:32Z,98.2,2026-09-12,-1.1985,1.1985,1.2094,TRUE,TRUE,2.5995,7.5415,2.5995,7.5415,-0.9,0.9
2026-08-01,rw_v1,RO,G475,2026-05-01,99.1,3,2026-08-01,99.4877,96.7516,101.0701,92.4175,102.2699,FALSE,FALSE,aug-2026,2026-08-02T19:48:32Z,98.9,2026-10-07,-0.5877,0.5877,0.593,TRUE,TRUE,4.3185,9.8524,4.3185,9.8524,-0.2,0.2
2026-08-01,rw_v1,RO,G476,2026-05-01,115.5,1,2026-06-01,113.9739,111.5855,117.4864,110.0684,121.7463,FALSE,FALSE,aug-2026,2026-08-02T19:48:32Z,115.7,2026-09-12,1.7261,1.7261,1.4945,TRUE,TRUE,5.9009,11.6779,5.9009,11.6779,0.2,0.2
2026-08-01,rw_v1,RO,G476,2026-05-01,115.5,2,2026-07-01,113.6507,108.9779,117.9352,107.1383,122.8169,FALSE,FALSE,aug-2026,2026-08-02T19:48:32Z,114.9,2026-09-12,1.2493,1.2493,1.0816,TRUE,TRUE,8.9573,15.6786,8.9573,15.6786,-0.6,0.6
2026-08-01,rw_v1,RO,G476,2026-05-01,115.5,3,2026-08-01,112.8503,109.3017,118.2211,105.235,121.2573,FALSE,FALSE,aug-2026,2026-08-02T19:48:32Z,120.4,2026-10-07,7.5497,7.5497,6.5365,FALSE,TRUE,8.9194,16.0223,17.635,16.0223,4.9,4.9
2026-08-01,rw_v1,RO,G477,2026-05-01,144.9,1,2026-06-01,145.5494,143.9114,146.7,142.1678,149.219,FALSE,FALSE,aug-2026,2026-08-02T19:48:32Z,141,2026-09-12,-4.5494,4.5494,3.1397,FALSE,FALSE,2.7886,7.0512,14.4342,18.7292,-3.9,3.9
2026-08-01,rw_v1,RO,G477,2026-05-01,144.9,2,2026-07-01,146.3542,144.2115,148.5656,140.1736,151.1432,FALSE,FALSE,aug-2026,2026-08-02T19:48:32Z,139.5,2026-09-12,-6.8542,6.8542,4.7303,FALSE,FALSE,4.3541,10.9696,23.2001,17.7056,-5.4,5.4
2026-08-01,rw_v1,RO,G477,2026-05-01,144.9,3,2026-08-01,147.1125,144.055,150.069,137.569,153.3112,FALSE,FALSE,aug-2026,2026-08-02T19:48:32Z,146.4,2026-10-07,-0.7125,0.7125,0.4917,TRUE,TRUE,6.014,15.7422,6.014,15.7422,1.5,1.5
2026-08-01,rw_v1,RO,G479,2026-05-01,112.8,1,2026-06-01,113.1907,111.8023,114.5032,109.6893,116.8165,FALSE,FALSE,aug-2026,2026-08-02T19:48:32Z,113.8,2026-09-12,0.6093,0.6093,0.5402,TRUE,TRUE,2.7009,7.1272,2.7009,7.1272,1,1
2026-08-01,rw_v1,RO,G479,2026-05-01,112.8,2,2026-07-01,113.4101,111.9318,115.2211,109.6257,117.801,FALSE,FALSE,aug-2026,2026-08-02T19:48:32Z,113,2026-09-12,-0.4101,0.4101,0.3636,TRUE,TRUE,3.2893,8.1753,3.2893,8.1753,0.2,0.2
2026-08-01,rw_v1,RO,G479,2026-05-01,112.8,3,2026-08-01,113.5432,112.1067,116.1821,109.643,119.1941,FALSE,FALSE,aug-2026,2026-08-02T19:48:32Z,114.1,2026-10-07,0.5568,0.5568,0.4936,TRUE,TRUE,4.0754,9.5511,4.0754,9.5511,1.3,1.3
2026-08-01,rw_v1,RS,G47_FOOD,2026-06-01,112.9,1,2026-07-01,113.1963,112.3337,113.9302,111.6405,115.3355,FALSE,FALSE,aug-2026,2026-08-02T19:48:32Z,115.4,2026-09-12,2.2037,2.2037,1.9519,FALSE,FALSE,1.5965,3.695,7.4757,4.34,2.5,2.5
2026-08-01,rw_v1,RS,G47_FOOD,2026-06-01,112.9,2,2026-08-01,113.3147,112.3441,114.644,111.1641,116.5148,FALSE,FALSE,aug-2026,2026-08-02T19:48:32Z,115.9,2026-10-07,2.5853,2.5853,2.2899,FALSE,TRUE,2.2999,5.3507,7.3239,5.3507,3,3
2026-08-01,rw_v1,RS,G47_NFOOD_X_G473,2026-06-01,123.8,1,2026-07-01,123.9402,123.0654,125.4949,121.7669,127.19970000000001,FALSE,FALSE,aug-2026,2026-08-02T19:48:32Z,128.4,2026-09-12,4.4598,4.4598,3.6024,FALSE,FALSE,2.4295,5.4328,14.0499,17.4358,4.6,4.6
2026-08-01,rw_v1,RS,G47_NFOOD_X_G473,2026-06-01,123.8,2,2026-08-01,124.8747,123.0504,126.3466,121.7326,128.5671,FALSE,FALSE,aug-2026,2026-08-02T19:48:32Z,127.7,2026-10-07,2.8253,2.8253,2.2821,FALSE,TRUE,3.2962,6.8345,8.7098,6.8345,3.9,3.9
2026-08-01,rw_v1,SE,G47_NFOOD_X_G473,2026-06-01,102.5,1,2026-07-01,102.742,101.4946,103.6339,100.6185,104.9902,FALSE,FALSE,aug-2026,2026-08-02T19:48:32Z,103.6,2026-09-12,0.858,0.858,0.8371,TRUE,TRUE,2.1393,4.3717,2.1393,4.3717,1.1,1.1
2026-08-01,rw_v1,SE,G47_NFOOD_X_G473,2026-06-01,102.5,2,2026-08-01,102.5934,101.4057,104.3213,100.231,105.7022,FALSE,FALSE,aug-2026,2026-08-02T19:48:32Z,104.8,2026-10-07,2.2066,2.2066,2.1528,FALSE,TRUE,2.9156,5.4712,4.8304,5.4712,2.3,2.3
2026-08-01,rw_v1,SE,G474,2026-06-01,121.5,1,2026-07-01,122.1081,120.2307,123.8424,117.6588,126.4434,FALSE,FALSE,aug-2026,2026-08-02T19:48:32Z,123.3,2026-09-12,1.1919,1.1919,0.981,TRUE,TRUE,3.6117,8.7846,3.6117,8.7846,1.8,1.8
2026-08-01,rw_v1,SE,G474,2026-06-01,121.5,2,2026-08-01,122.6706,120.4422,125.4033,117.7995,127.4249,FALSE,FALSE,aug-2026,2026-08-02T19:48:32Z,126.2,2026-10-07,3.5294,3.5294,2.9049,FALSE,TRUE,4.9611,9.6254,8.1479,9.6254,4.7,4.7
2026-08-01,rw_v1,SE,G475,2026-06-01,86.1,1,2026-07-01,86.2305,84.9422,87.3682,83.5602,88.2153,FALSE,FALSE,aug-2026,2026-08-02T19:48:32Z,85.5,2026-09-12,-0.7305,0.7305,0.8484,TRUE,TRUE,2.426,4.6551,2.426,4.6551,-0.6,0.6
2026-08-01,rw_v1,SE,G475,2026-06-01,86.1,2,2026-08-01,86.5852,83.8435,87.9564,81.8024,89.0862,FALSE,FALSE,aug-2026,2026-08-02T19:48:32Z,85.9,2026-10-07,-0.6852,0.6852,0.7958,TRUE,TRUE,4.1129,7.2838,4.1129,7.2838,-0.2,0.2
2026-08-01,rw_v1,SE,G476,2026-06-01,88.9,1,2026-07-01,89.0077,86.4556,90.9182,83.8154,92.7355,FALSE,FALSE,aug-2026,2026-08-02T19:48:32Z,92.2,2026-09-12,3.1923,3.1923,3.5909,FALSE,TRUE,4.4626,8.9201,9.5898,8.9201,3.3,3.3
2026-08-01,rw_v1,SE,G476,2026-06-01,88.9,2,2026-08-01,88.8214,85.2663,91.0668,83.5519,93.7051,FALSE,FALSE,aug-2026,2026-08-02T19:48:32Z,93.3,2026-10-07,4.4786,4.4786,5.0378,FALSE,TRUE,5.8005,10.1532,14.7333,10.1532,4.4,4.4
2026-08-01,rw_v1,SE,G477,2026-06-01,105.2,1,2026-07-01,105.2959,104.2408,106.8123,102.6591,108.462,FALSE,FALSE,aug-2026,2026-08-02T19:48:32Z,107.9,2026-09-12,2.6041,2.6041,2.4754,FALSE,TRUE,2.5715,5.8029,6.9223,5.8029,2.7,2.7
2026-08-01,rw_v1,SE,G477,2026-06-01,105.2,2,2026-08-01,105.5172,104.3358,107.119,101.129,109.2887,FALSE,FALSE,aug-2026,2026-08-02T19:48:32Z,109.2,2026-10-07,3.6828,3.6828,3.5008,FALSE,TRUE,2.7832,8.1597,11.1072,8.1597,4,4
2026-08-01,rw_v1,SI,G47_FOOD,2026-06-01,101.1,1,2026-07-01,101.2315,100.0013,102.5127,98.6921,103.1932,FALSE,FALSE,aug-2026,2026-08-02T19:48:32Z,99.6,2026-09-12,-1.6315,1.6315,1.6137,FALSE,TRUE,2.5114,4.5011,4.1166,4.5011,-1.5,1.5
2026-08-01,rw_v1,SI,G47_FOOD,2026-06-01,101.1,2,2026-08-01,101.3065,99.9918,102.3567,98.6572,103.8262,FALSE,FALSE,aug-2026,2026-08-02T19:48:32Z,100,2026-10-07,-1.3065,1.3065,1.2923,TRUE,TRUE,2.3649,5.169,2.3649,5.169,-1.1,1.1
2026-08-01,rw_v1,SI,G47_NFOOD_X_G473,2026-06-01,106.1,1,2026-07-01,106.1427,105.4304,107.1316,104.6582,108.1739,FALSE,FALSE,aug-2026,2026-08-02T19:48:32Z,108.1,2026-09-12,1.9573,1.9573,1.8448,FALSE,TRUE,1.7012,3.5157,5.5748,3.5157,2,2
2026-08-01,rw_v1,SI,G47_NFOOD_X_G473,2026-06-01,106.1,2,2026-08-01,106.2442,105.1949,107.4368,103.9258,108.7445,FALSE,FALSE,aug-2026,2026-08-02T19:48:32Z,108.3,2026-10-07,2.0558,2.0558,1.9376,FALSE,TRUE,2.2419,4.8187,5.6947,4.8187,2.2,2.2
2026-08-01,rw_v1,SK,G47_FOOD,2026-05-01,96.2,1,2026-06-01,95.9887,94.9214,96.6936,93.8436,97.6495,FALSE,FALSE,aug-2026,2026-08-02T19:48:32Z,96.3,2026-09-12,0.3113,0.3113,0.3236,TRUE,TRUE,1.7722,3.8059,1.7722,3.8059,0.1,0.1
2026-08-01,rw_v1,SK,G47_FOOD,2026-05-01,96.2,2,2026-07-01,95.6843,94.2892,96.7855,92.931,97.9015,FALSE,FALSE,aug-2026,2026-08-02T19:48:32Z,97.2,2026-09-12,1.5157,1.5157,1.5756,FALSE,TRUE,2.4963,4.9705,4.1543,4.9705,1,1
2026-08-01,rw_v1,SK,G47_FOOD,2026-05-01,96.2,3,2026-08-01,95.6537,93.7499,96.6319,92.172,97.5704,FALSE,FALSE,aug-2026,2026-08-02T19:48:32Z,97.5,2026-10-07,1.8463,1.8463,1.9192,FALSE,TRUE,2.882,5.3984,6.3544,5.3984,1.3,1.3
2026-08-01,rw_v1,SK,G47_NFOOD_X_G473,2026-05-01,108.3,1,2026-06-01,108.9079,107.362,110.5444,105.1957,112.3985,FALSE,FALSE,aug-2026,2026-08-02T19:48:32Z,108.8,2026-09-12,-0.1079,0.1079,0.0996,TRUE,TRUE,3.1824,7.2028,3.1824,7.2028,0.5,0.5
2026-08-01,rw_v1,SK,G47_NFOOD_X_G473,2026-05-01,108.3,2,2026-07-01,109.1071,106.4817,111.1339,104.0622,115.0405,FALSE,FALSE,aug-2026,2026-08-02T19:48:32Z,107.8,2026-09-12,-1.3071,1.3071,1.2069,TRUE,TRUE,4.6522,10.9783,4.6522,10.9783,-0.5,0.5
2026-08-01,rw_v1,SK,G47_NFOOD_X_G473,2026-05-01,108.3,3,2026-08-01,109.2471,106.1354,112.7791,103.0896,115.4455,FALSE,FALSE,aug-2026,2026-08-02T19:48:32Z,109.4,2026-10-07,0.1529,0.1529,0.1412,TRUE,TRUE,6.6437,12.3559,6.6437,12.3559,1.1,1.1
2026-08-01,rw_v1,TR,G47_FOOD,2026-05-01,166.7,1,2026-06-01,167.7943,166.8618,168.7027,165.8363,169.858,FALSE,FALSE,aug-2026,2026-08-02T19:48:32Z,162.5,2026-09-12,-5.2943,5.2943,3.1759,FALSE,FALSE,1.8409,4.0217,19.2881,37.3847,-4.2,4.2
2026-08-01,rw_v1,TR,G47_FOOD,2026-05-01,166.7,2,2026-07-01,168.8397,167.7593,170.03,166.3875,171.4443,FALSE,FALSE,aug-2026,2026-08-02T19:48:32Z,163.9,2026-09-12,-4.9397,4.9397,2.9632,FALSE,FALSE,2.2707,5.0568,17.7079,29.9318,-2.8,2.8
2026-08-01,rw_v1,TR,G47_NFOOD_X_G473,2026-05-01,257.6,1,2026-06-01,260.1952,257.8648,262.8166,254.9484,265.8267,FALSE,FALSE,aug-2026,2026-08-02T19:48:32Z,257.7,2026-09-12,-2.4952,2.4952,0.9686,FALSE,TRUE,4.9518,10.8783,5.611,10.8783,0.1,0.1
2026-08-01,rw_v1,TR,G47_NFOOD_X_G473,2026-05-01,257.6,2,2026-07-01,262.1816,259.5571,266.0027,254.2249,269.646,FALSE,FALSE,aug-2026,2026-08-02T19:48:32Z,257.1,2026-09-12,-5.0816,5.0816,1.9727,FALSE,TRUE,6.4456,15.4211,16.274,15.4211,-0.5,0.5
2026-08-01,rw_v1,TR,G474,2026-05-01,356.5,1,2026-06-01,360.2066,356.404,363.4508,349.5038,372.2433,FALSE,FALSE,aug-2026,2026-08-02T19:48:32Z,337.7,2026-09-12,-22.5066,22.5066,6.3132,FALSE,FALSE,7.0468,22.7395,81.8628,140.7775,-18.8,18.8
2026-08-01,rw_v1,TR,G474,2026-05-01,356.5,2,2026-07-01,364.8892,358.2236,369.3078,351.9681,379.3521,FALSE,FALSE,aug-2026,2026-08-02T19:48:32Z,338.9,2026-09-12,-25.9892,25.9892,7.2901,FALSE,FALSE,11.0842,27.384,88.3786,158.065,-17.6,17.6
2026-08-01,rw_v1,TR,G475,2026-05-01,176.3,1,2026-06-01,177.886,174.8189,181.1084,169.5941,184.1088,FALSE,FALSE,aug-2026,2026-08-02T19:48:32Z,166.2,2026-09-12,-11.686,11.686,6.6285,FALSE,FALSE,6.2895,14.5147,40.7651,48.4557,-10.1,10.1
2026-08-01,rw_v1,TR,G475,2026-05-01,176.3,2,2026-07-01,179.0331,173.7795,183.3823,167.9603,186.9373,FALSE,FALSE,aug-2026,2026-08-02T19:48:32Z,164.9,2026-09-12,-14.1331,14.1331,8.0165,FALSE,FALSE,9.6028,18.977,45.1208,49.58,-11.4,11.4
2026-08-01,rw_v1,TR,G476,2026-05-01,222.3,1,2026-06-01,223.673,221.7424,226.6417,219.5322,229.3469,FALSE,FALSE,aug-2026,2026-08-02T19:48:32Z,220.1,2026-09-12,-3.573,3.573,1.6073,FALSE,TRUE,4.8993,9.8147,11.4689,9.8147,-2.2,2.2
2026-08-01,rw_v1,TR,G476,2026-05-01,222.3,2,2026-07-01,225.5477,222.2637,229.5754,218.7482,233.3138,FALSE,FALSE,aug-2026,2026-08-02T19:48:32Z,227.2,2026-09-12,1.6523,1.6523,0.7433,TRUE,TRUE,7.3117,14.5656,7.3117,14.5656,4.9,4.9
2026-08-01,rw_v1,TR,G477,2026-05-01,279.3,1,2026-06-01,282.4258,279.7527,285.0385,275.5889,289.1722,FALSE,FALSE,aug-2026,2026-08-02T19:48:32Z,289.1,2026-09-12,6.6742,6.6742,2.3896,FALSE,TRUE,5.2858,13.5833,21.5318,13.5833,9.8,9.8
2026-08-01,rw_v1,TR,G477,2026-05-01,279.3,2,2026-07-01,284.5166,281.5666,289.4523,276.5621,294.8633,FALSE,FALSE,aug-2026,2026-08-02T19:48:32Z,287,2026-09-12,2.4834,2.4834,0.8892,TRUE,TRUE,7.8857,18.3012,7.8857,18.3012,7.7,7.7
2026-08-01,rw_v1,TR,G479,2026-05-01,268.2,1,2026-06-01,270.8366,269.7496,272.2179,267.1235,276.9988,FALSE,FALSE,aug-2026,2026-08-02T19:48:32Z,279.1,2026-09-12,8.2634,8.2634,3.0811,FALSE,FALSE,2.4683,9.8753,29.9967,30.8873,10.9,10.9
2026-08-01,rw_v1,TR,G479,2026-05-01,268.2,2,2026-07-01,273.9301,272.2635,275.6221,270.8435,279.0476,FALSE,FALSE,aug-2026,2026-08-02T19:48:32Z,281.8,2026-09-12,7.8699,7.8699,2.9343,FALSE,FALSE,3.3586,8.2041,28.0702,35.7281,13.6,13.6
2026-09-01,rw_v1,BE,G47,2026-07-01,94.2,1,2026-08-01,94.2109,93.4357,95.015,92.3379,95.8169,FALSE,FALSE,sep-2026,2026-09-12T14:24:16Z,94,2026-10-07,-0.2109,0.2109,0.2239,TRUE,TRUE,1.5793,3.479,1.5793,3.479,-0.2,0.2
2026-09-01,rw_v1,BG,G47,2026-07-01,128.8,1,2026-08-01,129.3155,128.7391,130.07,127.9744,130.7507,FALSE,FALSE,sep-2026,2026-09-12T14:24:16Z,129,2026-10-07,-0.3155,0.3155,0.245,TRUE,TRUE,1.3309,2.7763,1.3309,2.7763,0.2,0.2
2026-09-01,rw_v1,CH,G47,2026-07-01,103.2,1,2026-08-01,103.2118,102.6244,103.9114,100.9272,104.9143,FALSE,FALSE,sep-2026,2026-09-12T14:24:16Z,104,2026-10-07,0.7882,0.7882,0.7638,FALSE,TRUE,1.287,3.9871,1.6414,3.9871,0.8,0.8
2026-09-01,rw_v1,CY,G47,2026-07-01,134.3,1,2026-08-01,134.7398,133.8015,135.8734,132.8903,136.9308,FALSE,FALSE,sep-2026,2026-09-12T14:24:16Z,134.7,2026-10-07,-0.0398,0.0398,0.0296,TRUE,TRUE,2.0719,4.0405,2.0719,4.0405,0.4,0.4
2026-09-01,rw_v1,DE,G47,2026-07-01,98.3,1,2026-08-01,98.3087,97.5318,99.3595,96.3238,100.3012,FALSE,FALSE,sep-2026,2026-09-12T14:24:16Z,99.9,2026-10-07,1.5913,1.5913,1.6188,FALSE,TRUE,1.8277,3.9774,3.9897,3.9774,1.6,1.6
2026-09-01,rw_v1,EE,G47,2026-07-01,95,1,2026-08-01,95.0599,93.9942,95.9003,93.0822,96.9757,FALSE,FALSE,sep-2026,2026-09-12T14:24:16Z,96.4,2026-10-07,1.3401,1.3401,1.4106,FALSE,TRUE,1.9061,3.8935,3.9049,3.8935,1.4,1.4
2026-09-01,rw_v1,EL,G47,2026-06-01,103.6,1,2026-07-01,103.9327,101.9203,105.9915,99.6566,107.3599,FALSE,FALSE,sep-2026,2026-09-12T14:24:16Z,105,2026-10-07,1.0673,1.0673,1.0302,TRUE,TRUE,4.0712,7.7033,4.0712,7.7033,1.4,1.4
2026-09-01,rw_v1,ES,G47,2026-07-01,111.5,1,2026-08-01,111.7111,111.1312,112.3372,110.3275,113.2111,FALSE,FALSE,sep-2026,2026-09-12T14:24:16Z,111.6,2026-10-07,-0.1111,0.1111,0.0996,TRUE,TRUE,1.206,2.8836,1.206,2.8836,0.1,0.1
2026-09-01,rw_v1,FI,G47,2026-07-01,94.2,1,2026-08-01,94.1942,93.5452,94.9124,92.5254,95.4109,FALSE,FALSE,sep-2026,2026-09-12T14:24:16Z,94.9,2026-10-07,0.7058,0.7058,0.7493,TRUE,TRUE,1.3672,2.8855,1.3672,2.8855,0.7,0.7
2026-09-01,rw_v1,FR,G47,2026-07-01,109.7,1,2026-08-01,109.8967,109.2079,110.4056,108.1032,111.1044,FALSE,FALSE,sep-2026,2026-09-12T14:24:16Z,108.6,2026-10-07,-1.2967,1.2967,1.182,FALSE,TRUE,1.1977,3.0012,3.6293,3.0012,-1.1,1.1
2026-09-01,rw_v1,HR,G47,2026-07-01,119.7,1,2026-08-01,120.2551,119.2603,120.9905,118.0769,122.0533,FALSE,FALSE,sep-2026,2026-09-12T14:24:16Z,119.8,2026-10-07,-0.4551,0.4551,0.3802,TRUE,TRUE,1.7302,3.9764,1.7302,3.9764,0.1,0.1
2026-09-01,rw_v1,HU,G47,2026-07-01,107.4,1,2026-08-01,107.6235,106.8512,108.2242,106.2151,108.8989,FALSE,FALSE,sep-2026,2026-09-12T14:24:16Z,106.3,2026-10-07,-1.3235,1.3235,1.2323,FALSE,TRUE,1.373,2.6838,3.5778,2.6838,-1.1,1.1
2026-09-01,rw_v1,IE,G47,2026-07-01,112.7,1,2026-08-01,112.5805,112.2518,113.4049,111.2474,113.5906,FALSE,FALSE,sep-2026,2026-09-12T14:24:16Z,113.1,2026-10-07,0.5195,0.5195,0.461,TRUE,TRUE,1.1531,2.3432,1.1531,2.3432,0.4,0.4
2026-09-01,rw_v1,IT,G47,2026-07-01,97.6,1,2026-08-01,97.588,97.1,98.0014,96.6119,98.6728,FALSE,FALSE,sep-2026,2026-09-12T14:24:16Z,97.6,2026-10-07,0.012,0.012,0.0123,TRUE,TRUE,0.9014,2.0609,0.9014,2.0609,0,0
2026-09-01,rw_v1,LT,G47,2026-07-01,115.4,1,2026-08-01,115.8521,114.7634,116.5385,114.0038,117.9567,FALSE,FALSE,sep-2026,2026-09-12T14:24:16Z,115.3,2026-10-07,-0.5521,0.5521,0.4784,TRUE,TRUE,1.7751,3.9529,1.7751,3.9529,-0.1,0.1
2026-09-01,rw_v1,LU,G47,2026-07-01,143.5,1,2026-08-01,146.1484,143.7384,148.1389,140.4892,150.9496,FALSE,FALSE,sep-2026,2026-09-12T14:24:16Z,127.9,2026-10-07,-18.2484,18.2484,12.7167,FALSE,FALSE,4.4005,10.4604,67.7541,136.3524,-15.6,15.6
2026-09-01,rw_v1,LV,G47,2026-07-01,110.5,1,2026-08-01,110.6157,109.6942,111.6124,108.7051,113.3071,FALSE,FALSE,sep-2026,2026-09-12T14:24:16Z,108.3,2026-10-07,-2.3157,2.3157,2.0957,FALSE,FALSE,1.9182,4.602,7.495,8.653,-2.2,2.2
2026-09-01,rw_v1,ME,G47,2026-07-01,143.1,1,2026-08-01,143.6839,141.5512,146.039,140.1586,148.5369,FALSE,FALSE,sep-2026,2026-09-12T14:24:16Z,142.5,2026-10-07,-1.1839,1.1839,0.8273,TRUE,TRUE,4.4878,8.3783,4.4878,8.3783,-0.6,0.6
2026-09-01,rw_v1,MK,G47,2026-06-01,107.3,1,2026-07-01,107.6734,105.6796,109.8193,103.0532,111.7052,FALSE,FALSE,sep-2026,2026-09-12T14:24:16Z,107.3,2026-10-07,-0.3734,0.3734,0.348,TRUE,TRUE,4.1397,8.652,4.1397,8.652,0,0
2026-09-01,rw_v1,MT,G47,2026-07-01,130,1,2026-08-01,130.426,129.6501,131.6015,128.518,132.93,FALSE,FALSE,sep-2026,2026-09-12T14:24:16Z,126.9,2026-10-07,-3.526,3.526,2.7123,FALSE,FALSE,1.9514,4.412,12.9518,20.592,-3.1,3.1
2026-09-01,rw_v1,NL,G47,2026-07-01,103,1,2026-08-01,103.13,102.3455,103.7802,101.4624,104.4887,FALSE,FALSE,sep-2026,2026-09-12T14:24:16Z,103.3,2026-10-07,0.17,0.17,0.165,TRUE,TRUE,1.4347,3.0263,1.4347,3.0263,0.3,0.3
2026-09-01,rw_v1,NO,G47,2026-07-01,94.8,1,2026-08-01,94.915,94.0435,95.5114,93.0445,96.333,FALSE,FALSE,sep-2026,2026-09-12T14:24:16Z,95.5,2026-10-07,0.585,0.585,0.6171,TRUE,TRUE,1.4679,3.2885,1.4679,3.2885,0.7,0.7
2026-09-01,rw_v1,PL,G47,2026-07-01,114.2,1,2026-08-01,114.4442,113.664,115.2048,112.6735,116.374,FALSE,FALSE,sep-2026,2026-09-12T14:24:16Z,113.4,2026-10-07,-1.0442,1.0442,0.9144,FALSE,TRUE,1.5408,3.7005,2.5968,3.7005,-0.8,0.8
2026-09-01,rw_v1,PT,G47,2026-07-01,120.4,1,2026-08-01,120.8219,119.9192,121.6808,118.6635,122.9197,FALSE,FALSE,sep-2026,2026-09-12T14:24:16Z,119.1,2026-10-07,-1.7219,1.7219,1.4301,FALSE,TRUE,1.7616,4.2562,5.0384,4.2562,-1.3,1.3
2026-09-01,rw_v1,RO,G47,2026-07-01,111.2,1,2026-08-01,111.4942,110.5814,112.4352,109.4654,113.3333,FALSE,FALSE,sep-2026,2026-09-12T14:24:16Z,113.7,2026-10-07,2.2058,2.2058,1.9836,FALSE,FALSE,1.8538,3.8679,6.913,7.5349,2.5,2.5
2026-09-01,rw_v1,RS,G47,2026-07-01,120.9,1,2026-08-01,121.246,120.3627,122.394,119.3077,123.2833,FALSE,FALSE,sep-2026,2026-09-12T14:24:16Z,121.8,2026-10-07,0.554,0.554,0.4582,TRUE,TRUE,2.0313,3.9756,2.0313,3.9756,0.9,0.9
2026-09-01,rw_v1,SE,G47,2026-07-01,102.1,1,2026-08-01,102.3025,101.7551,102.8219,101.0213,103.5028,TRUE,FALSE,sep-2026,2026-09-12T14:24:16Z,104,2026-10-07,1.6975,1.6975,1.6626,FALSE,FALSE,1.0668,2.4815,5.7792,7.4535,1.9,1.9
2026-09-01,rw_v1,SI,G47,2026-07-01,104.6,1,2026-08-01,104.7346,103.296,105.9057,102.1306,107.0884,FALSE,FALSE,sep-2026,2026-09-12T14:24:16Z,105.6,2026-10-07,0.8654,0.8654,0.8273,TRUE,TRUE,2.6097,4.9578,2.6097,4.9578,1,1
2026-09-01,rw_v1,SK,G47,2026-07-01,103,1,2026-08-01,103.1982,102.4761,104.0999,101.1581,105.2048,FALSE,FALSE,sep-2026,2026-09-12T14:24:16Z,104.1,2026-10-07,0.9018,0.9018,0.8755,FALSE,TRUE,1.6238,4.0467,1.6242,4.0467,1.1,1.1
2026-09-01,rw_v1,EA21,G47,2026-07-01,104.2,1,2026-08-01,104.2952,103.8715,104.7091,103.2759,105.4732,FALSE,FALSE,sep-2026,2026-09-12T14:24:16Z,104.3,2026-10-07,0.0048,0.0048,0.0046,TRUE,TRUE,0.8376,2.1973,0.8376,2.1973,0.1,0.1
2026-09-01,rw_v1,AL,G474,2026-03-01,118.3,1,2026-04-01,117.9978,110.8954,125.3669,102.1457,133.4394,FALSE,TRUE,sep-2026,2026-09-12T14:24:17Z,133.5,2026-10-07,15.5022,15.5022,13.1041,FALSE,FALSE,14.4715,31.2937,47.0039,31.8997,15.2,15.2
2026-09-01,rw_v1,AL,G474,2026-03-01,118.3,2,2026-05-01,118.3803,110.2016,126.3103,102.4562,136.2696,FALSE,TRUE,sep-2026,2026-09-12T14:24:17Z,121.8,2026-10-07,3.4197,3.4197,2.8907,TRUE,TRUE,16.1087,33.8134,16.1087,33.8134,3.5,3.5
2026-09-01,rw_v1,AL,G474,2026-03-01,118.3,3,2026-06-01,118.5206,112.5909,125.8538,100.8426,133.529,FALSE,TRUE,sep-2026,2026-09-12T14:24:17Z,116.4,2026-10-07,-2.1206,2.1206,1.7926,TRUE,TRUE,13.2629,32.6864,13.2629,32.6864,-1.9,1.9
2026-09-01,rw_v1,AL,G475,2026-03-01,123.2,1,2026-04-01,123.8511,120.5206,126.0817,116.8545,129.9389,FALSE,FALSE,sep-2026,2026-09-12T14:24:17Z,131.7,2026-10-07,7.8489,7.8489,6.3709,FALSE,FALSE,5.5611,13.0844,28.034300000000002,30.6954,8.5,8.5
2026-09-01,rw_v1,AL,G475,2026-03-01,123.2,2,2026-05-01,123.3546,120.8593,127.5226,117.296,130.6854,FALSE,FALSE,sep-2026,2026-09-12T14:24:17Z,123.5,2026-10-07,0.1454,0.1454,0.118,TRUE,TRUE,6.6633,13.3894,6.6633,13.3894,0.3,0.3
2026-09-01,rw_v1,AL,G475,2026-03-01,123.2,3,2026-06-01,124.167,119.817,128.2909,117.4251,131.0489,FALSE,FALSE,sep-2026,2026-09-12T14:24:17Z,130,2026-10-07,5.833,5.833,4.7346,FALSE,TRUE,8.4739,13.6238,15.3103,13.6238,6.8,6.8
2026-09-01,rw_v1,AL,G476,2026-03-01,104,1,2026-04-01,103.9794,98.9238,110.8683,87.121,117.9816,FALSE,TRUE,sep-2026,2026-09-12T14:24:17Z,103.9,2026-10-07,-0.0794,0.0794,0.0763,TRUE,TRUE,11.9445,30.8606,11.9445,30.8606,-0.1,0.1
2026-09-01,rw_v1,AL,G476,2026-03-01,104,2,2026-05-01,104.6507,97.56,112.3289,86.1422,121.1021,FALSE,TRUE,sep-2026,2026-09-12T14:24:17Z,102.4,2026-10-07,-2.2507,2.2507,2.1641,TRUE,TRUE,14.7689,34.9599,14.7689,34.9599,-1.6,1.6
2026-09-01,rw_v1,AL,G476,2026-03-01,104,3,2026-06-01,104.0515,96.888,112.5855,88.5971,121.8046,FALSE,TRUE,sep-2026,2026-09-12T14:24:17Z,102.9,2026-10-07,-1.1515,1.1515,1.1072,TRUE,TRUE,15.6975,33.2075,15.6975,33.2075,-1.1,1.1
2026-09-01,rw_v1,AT,G47_FOOD,2026-07-01,101,1,2026-08-01,101.1008,99.7171,102.3108,98.4559,103.8267,FALSE,FALSE,sep-2026,2026-09-12T14:24:17Z,100.4,2026-10-07,-0.7008,0.7008,0.6939,TRUE,TRUE,2.5937,5.3708,2.5937,5.3708,-0.6,0.6
2026-09-01,rw_v1,AT,G47_NFOOD_X_G473,2026-07-01,96.6,1,2026-08-01,96.48,95.3538,97.5924,94.0724,98.6721,FALSE,FALSE,sep-2026,2026-09-12T14:24:17Z,96,2026-10-07,-0.48,0.48,0.4969,TRUE,TRUE,2.2386,4.5997,2.2386,4.5997,-0.6,0.6
2026-09-01,rw_v1,AT,G474,2026-06-01,103.2,1,2026-07-01,102.7945,101.4492,104.9282,100.8312,105.5415,FALSE,FALSE,sep-2026,2026-09-12T14:24:17Z,101.2,2026-10-07,-1.5945,1.5945,1.5451,FALSE,TRUE,3.479,4.7103,4.4758,4.7103,-2,2
2026-09-01,rw_v1,AT,G475,2026-06-01,78.8,1,2026-07-01,78.3849,77.2744,79.3586,76.239,80.466,FALSE,FALSE,sep-2026,2026-09-12T14:24:17Z,78.1,2026-10-07,-0.2849,0.2849,0.3615,TRUE,TRUE,2.0842,4.227,2.0842,4.227,-0.7,0.7
2026-09-01,rw_v1,AT,G476,2026-06-01,99.3,1,2026-07-01,98.1468,97.4423,99.3507,96.0095,101.69,FALSE,FALSE,sep-2026,2026-09-12T14:24:17Z,100.3,2026-10-07,2.1532,2.1532,2.1684,FALSE,TRUE,1.9084,5.6805,5.7056,5.6805,1,1
2026-09-01,rw_v1,AT,G477,2026-06-01,105.5,1,2026-07-01,105.4038,104.2821,106.4862,102.9245,107.1757,FALSE,FALSE,sep-2026,2026-09-12T14:24:17Z,106.3,2026-10-07,0.8962,0.8962,0.8495,TRUE,TRUE,2.2041,4.2512,2.2041,4.2512,0.8,0.8
2026-09-01,rw_v1,AT,G479,2026-06-01,85.4,1,2026-07-01,85.1489,83.6947,86.9046,82.4739,88.8175,FALSE,FALSE,sep-2026,2026-09-12T14:24:17Z,83.5,2026-10-07,-1.6489,1.6489,1.9308,FALSE,TRUE,3.2099,6.3436,3.9887,6.3436,-1.9,1.9
2026-09-01,rw_v1,BE,G47_FOOD,2026-07-01,88.2,1,2026-08-01,88.0562,86.8476,89.1136,85.957,90.0915,FALSE,FALSE,sep-2026,2026-09-12T14:24:17Z,89.8,2026-10-07,1.7438,1.7438,1.9771,FALSE,TRUE,2.266,4.1345,5.0116,4.1345,1.6,1.6
2026-09-01,rw_v1,BE,G47_NFOOD_X_G473,2026-07-01,98.9,1,2026-08-01,98.8561,97.6772,100.322,96.3553,101.496,FALSE,FALSE,sep-2026,2026-09-12T14:24:17Z,99.2,2026-10-07,0.3439,0.3439,0.3477,TRUE,TRUE,2.6448,5.1407,2.6448,5.1407,0.3,0.3
2026-09-01,rw_v1,BE,G474,2026-07-01,138,1,2026-08-01,138.7535,135.9882,141.1341,131.5589,146.0476,FALSE,FALSE,sep-2026,2026-09-12T14:24:17Z,130.9,2026-10-07,-7.8535,7.8535,5.6909,FALSE,FALSE,5.1459,14.4887,25.4987,21.0777,-7.1,7.1
2026-09-01,rw_v1,BE,G475,2026-07-01,86.7,1,2026-08-01,86.5731,84.9351,87.9031,83.3334,90.059,FALSE,FALSE,sep-2026,2026-09-12T14:24:17Z,84.8,2026-10-07,-1.7731,1.7731,2.0451,FALSE,TRUE,2.968,6.7256,3.5084,6.7256,-1.9,1.9
2026-09-01,rw_v1,BE,G476,2026-07-01,93,1,2026-08-01,92.6905,91.0127,94.2424,88.9195,96.8888,FALSE,FALSE,sep-2026,2026-09-12T14:24:17Z,94.4,2026-10-07,1.7095,1.7095,1.8382,FALSE,TRUE,3.2297,7.9693,3.8601,7.9693,1.4,1.4
2026-09-01,rw_v1,BE,G477,2026-07-01,99.6,1,2026-08-01,99.6486,98.0928,101.2096,95.8596,102.7704,FALSE,FALSE,sep-2026,2026-09-12T14:24:17Z,103.3,2026-10-07,3.6514,3.6514,3.6661,FALSE,FALSE,3.1168,6.9108,11.4784,12.2068,3.7,3.7
2026-09-01,rw_v1,BE,G479,2026-07-01,115.9,1,2026-08-01,116.4168,113.349,118.6202,110.5039,121.0149,FALSE,FALSE,sep-2026,2026-09-12T14:24:17Z,109.9,2026-10-07,-6.5168,6.5168,5.6228,FALSE,FALSE,5.2712,10.511,19.0672,16.55,-6,6
2026-09-01,rw_v1,BG,G47_FOOD,2026-07-01,113.8,1,2026-08-01,114.0002,113.1345,114.984,111.7018,116.4424,FALSE,FALSE,sep-2026,2026-09-12T14:24:17Z,113.6,2026-10-07,-0.4002,0.4002,0.3517,TRUE,TRUE,1.8495,4.7406,1.8495,4.7406,-0.2,0.2
2026-09-01,rw_v1,BG,G47_NFOOD_X_G473,2026-07-01,138.4,1,2026-08-01,139.1142,138.0626,140.4965,136.9417,141.8069,FALSE,FALSE,sep-2026,2026-09-12T14:24:17Z,137.3,2026-10-07,-1.8142,1.8142,1.3108,FALSE,TRUE,2.4339,4.8652,5.4843,4.8652,-1.1,1.1
2026-09-01,rw_v1,CH,G47_FOOD,2026-07-01,95.5,1,2026-08-01,95.4459,94.6109,96.2178,93.5971,97.8003,FALSE,FALSE,sep-2026,2026-09-12T14:24:17Z,96.2,2026-10-07,0.7541,0.7541,0.7896,TRUE,TRUE,1.6069,4.2032,1.6069,4.2032,0.7,0.7
2026-09-01,rw_v1,CH,G47_NFOOD_X_G473,2026-07-01,108.6,1,2026-08-01,108.7318,107.6104,109.7026,105.9263,110.9303,FALSE,FALSE,sep-2026,2026-09-12T14:24:17Z,109.6,2026-10-07,0.8682,0.8682,0.7994,TRUE,TRUE,2.0922,5.004,2.0922,5.004,1,1
2026-09-01,rw_v1,CH,G474,2026-07-01,150.8,1,2026-08-01,152.0023,149.3727,154.4605,145.4599,157.6958,FALSE,FALSE,sep-2026,2026-09-12T14:24:17Z,143.8,2026-10-07,-8.2023,8.2023,5.4392,FALSE,FALSE,5.0878,12.235900000000001,27.3786,28.8349,-7,7
2026-09-01,rw_v1,CH,G475,2026-07-01,91.6,1,2026-08-01,91.4525,89.7908,92.599,86.6473,94.3477,FALSE,FALSE,sep-2026,2026-09-12T14:24:17Z,93.1,2026-10-07,1.6475,1.6475,1.7986,FALSE,TRUE,2.8082,7.7004,4.8122,7.7004,1.5,1.5
2026-09-01,rw_v1,CH,G476,2026-07-01,104.1,1,2026-08-01,103.7588,102.7906,105.2331,100.636,107.1674,FALSE,FALSE,sep-2026,2026-09-12T14:24:17Z,105.1,2026-10-07,1.3412,1.3412,1.2884,TRUE,TRUE,2.4425,6.5314,2.4425,6.5314,1,1
2026-09-01,rw_v1,CH,G477,2026-07-01,113.3,1,2026-08-01,113.3902,111.5338,115.2504,109.2026,117.5989,FALSE,FALSE,sep-2026,2026-09-12T14:24:17Z,115.7,2026-10-07,2.3098,2.3098,2.0387,FALSE,TRUE,3.7166,8.3963,5.515,8.3963,2.4,2.4
2026-09-01,rw_v1,CY,G47_FOOD,2026-07-01,125.8,1,2026-08-01,126.4085,124.8525,127.7556,123.2594,129.0694,FALSE,FALSE,sep-2026,2026-09-12T14:24:17Z,128.4,2026-10-07,1.9915,1.9915,1.5831,FALSE,TRUE,2.9031,5.81,5.4807,5.81,2.6,2.6
2026-09-01,rw_v1,CY,G47_NFOOD_X_G473,2026-07-01,150.3,1,2026-08-01,151.2594,149.7745,152.4104,148.2318,153.7242,FALSE,FALSE,sep-2026,2026-09-12T14:24:17Z,148.6,2026-10-07,-2.6594,2.6594,1.7694,FALSE,TRUE,2.6359,5.4924,7.3339,5.4924,-1.7,1.7
2026-09-01,rw_v1,DE,G47_FOOD,2026-07-01,94,1,2026-08-01,94.0036,93.0446,95.0114,91.84,95.8924,FALSE,FALSE,sep-2026,2026-09-12T14:24:17Z,94.7,2026-10-07,0.6964,0.6964,0.7409,TRUE,TRUE,1.9668,4.0524,1.9668,4.0524,0.7,0.7
2026-09-01,rw_v1,DE,G47_NFOOD_X_G473,2026-07-01,101.9,1,2026-08-01,102.0454,100.8842,103.0996,99.2595,104.4765,FALSE,FALSE,sep-2026,2026-09-12T14:24:17Z,104,2026-10-07,1.9546,1.9546,1.9182,FALSE,TRUE,2.2154,5.217,5.817,5.217,2.1,2.1
2026-09-01,rw_v1,DE,G474,2026-07-01,109.6,1,2026-08-01,109.8681,107.0341,111.8184,105.1733,114.1366,FALSE,FALSE,sep-2026,2026-09-12T14:24:17Z,114,2026-10-07,4.1319,4.1319,3.77,FALSE,TRUE,4.7843,8.9633,13.5107,8.9633,4.4,4.4
2026-09-01,rw_v1,DE,G475,2026-07-01,86.5,1,2026-08-01,86.2984,84.9942,87.4874,83.8596,88.7177,FALSE,FALSE,sep-2026,2026-09-12T14:24:17Z,86.4,2026-10-07,0.1016,0.1016,0.1175,TRUE,TRUE,2.4932,4.8581,2.4932,4.8581,-0.1,0.1
2026-09-01,rw_v1,DE,G476,2026-07-01,98.1,1,2026-08-01,97.9954,95.7677,99.5213,93.5266,102.9833,FALSE,FALSE,sep-2026,2026-09-12T14:24:17Z,98.7,2026-10-07,0.7046,0.7046,0.7182,TRUE,TRUE,3.7536,9.4567,3.7536,9.4567,0.6,0.6
2026-09-01,rw_v1,DE,G477,2026-07-01,102.7,1,2026-08-01,102.7387,101.6426,104.5314,99.0249,105.6401,FALSE,FALSE,sep-2026,2026-09-12T14:24:17Z,105.3,2026-10-07,2.5613,2.5613,2.494,FALSE,TRUE,2.8888,6.6152,5.9632,6.6152,2.6,2.6
2026-09-01,rw_v1,DE,G479,2026-07-01,108.9,1,2026-08-01,109.1308,107.3758,111.282,105.1273,112.8938,FALSE,FALSE,sep-2026,2026-09-12T14:24:17Z,112,2026-10-07,2.8692,2.8692,2.6347,FALSE,TRUE,3.9062,7.7665,6.7782,7.7665,3.1,3.1
2026-09-01,rw_v1,DK,G47_FOOD,2026-07-01,89.4,1,2026-08-01,89.2348,88.5285,90.0398,87.994,90.8723,FALSE,FALSE,sep-2026,2026-09-12T14:24:17Z,89.4,2026-10-07,0.1652,0.1652,0.1848,TRUE,TRUE,1.5113,2.8783,1.5113,2.8783,0,0
2026-09-01,rw_v1,DK,G47_NFOOD_X_G473,2026-07-01,114.3,1,2026-08-01,114.6191,113.3562,115.7623,111.8957,117.1148,FALSE,FALSE,sep-2026,2026-09-12T14:24:17Z,114.1,2026-10-07,-0.5191,0.5191,0.4542,TRUE,TRUE,2.4061,5.2191,2.4061,5.2191,-0.2,0.2
2026-09-01,rw_v1,DK,G474,2026-07-01,147.3,1,2026-08-01,147.8279,144.2215,151.7291,140.1508,157.9277,FALSE,FALSE,sep-2026,2026-09-12T14:24:17Z,150.7,2026-10-07,2.8721,2.8721,1.9498,TRUE,TRUE,7.5076,17.7769,7.5076,17.7769,3.4,3.4
2026-09-01,rw_v1,DK,G475,2026-07-01,110.1,1,2026-08-01,110.3636,108.9865,111.5832,106.9294,113.247,FALSE,FALSE,sep-2026,2026-09-12T14:24:17Z,107,2026-10-07,-3.3636,3.3636,3.055,FALSE,TRUE,2.5967,6.3176,10.5427,6.3176,-3.1,3.1
2026-09-01,rw_v1,DK,G476,2026-07-01,122.6,1,2026-08-01,123.4102,119.4535,125.986,112.7033,131.8671,FALSE,TRUE,sep-2026,2026-09-12T14:24:17Z,122.5,2026-10-07,-0.9102,0.9102,0.7424,TRUE,TRUE,6.5325,19.1638,6.5325,19.1638,-0.1,0.1
2026-09-01,rw_v1,DK,G477,2026-07-01,118.2,1,2026-08-01,118.348,117.4505,119.8068,115.8694,121.0101,FALSE,FALSE,sep-2026,2026-09-12T14:24:17Z,119.6,2026-10-07,1.252,1.252,1.0592,TRUE,TRUE,2.3563,5.1407,2.3563,5.1407,1.4,1.4
2026-09-01,rw_v1,DK,G479,2026-07-01,122.7,1,2026-08-01,123.1711,121.8504,124.6752,119.6652,125.9891,FALSE,FALSE,sep-2026,2026-09-12T14:24:17Z,116.5,2026-10-07,-6.6711,6.6711,5.4369,FALSE,FALSE,2.8248,6.3239,24.2264,37.9759,-6.2,6.2
2026-09-01,rw_v1,EA21,G47_FOOD,2026-07-01,98.7,1,2026-08-01,98.6566,98.2008,99.2151,97.7196,99.6837,FALSE,FALSE,sep-2026,2026-09-12T14:24:17Z,98.3,2026-10-07,-0.3566,0.3566,0.3613,TRUE,TRUE,1.0143,1.9641,1.0143,1.9641,-0.4,0.4
2026-09-01,rw_v1,EA21,G47_NFOOD_X_G473,2026-07-01,109.4,1,2026-08-01,109.6052,108.8855,110.2789,107.8552,111.3485,FALSE,FALSE,sep-2026,2026-09-12T14:24:17Z,110.1,2026-10-07,0.4948,0.4948,0.4523,TRUE,TRUE,1.3934,3.4933,1.3934,3.4933,0.7,0.7
2026-09-01,rw_v1,EA21,G474,2026-07-01,123.4,1,2026-08-01,123.8639,122.1798,125.1154,120.6957,126.8345,FALSE,FALSE,sep-2026,2026-09-12T14:24:17Z,124,2026-10-07,0.1361,0.1361,0.1103,TRUE,TRUE,2.9356,6.1388,2.9356,6.1388,0.6,0.6
2026-09-01,rw_v1,EA21,G475,2026-07-01,91.4,1,2026-08-01,91.2301,90.6926,91.8994,89.7462,92.801,FALSE,FALSE,sep-2026,2026-09-12T14:24:17Z,91.3,2026-10-07,0.0699,0.0699,0.0765,TRUE,TRUE,1.2068,3.0548,1.2068,3.0548,-0.1,0.1
2026-09-01,rw_v1,EA21,G476,2026-07-01,109.6,1,2026-08-01,109.6091,108.5039,110.6435,107.0881,112.9194,FALSE,FALSE,sep-2026,2026-09-12T14:24:17Z,110.4,2026-10-07,0.7909,0.7909,0.7216,TRUE,TRUE,2.1396,5.8313,2.1396,5.8313,0.8,0.8
2026-09-01,rw_v1,EA21,G477,2026-07-01,112.9,1,2026-08-01,113.1894,112.2974,113.8907,111.1615,114.8979,FALSE,FALSE,sep-2026,2026-09-12T14:24:17Z,114.1,2026-10-07,0.9106,0.9106,0.8066,FALSE,TRUE,1.5933,3.7364,2.4305,3.7364,1.2,1.2
2026-09-01,rw_v1,EA21,G479,2026-07-01,109.2,1,2026-08-01,109.4682,108.6844,110.668,106.9309,112.5143,FALSE,FALSE,sep-2026,2026-09-12T14:24:17Z,111.5,2026-10-07,2.0318,2.0318,1.8606,FALSE,TRUE,1.9836,5.5834,5.3116,5.5834,2.3,2.3
2026-09-01,rw_v1,EE,G47_FOOD,2026-07-01,87.2,1,2026-08-01,87.1297,86.5088,87.6982,85.8587,88.3305,FALSE,FALSE,sep-2026,2026-09-12T14:24:17Z,88,2026-10-07,0.8703,0.8703,0.9981,FALSE,TRUE,1.1894,2.4718,2.3966,2.4718,0.8,0.8
2026-09-01,rw_v1,EE,G47_NFOOD_X_G473,2026-07-01,92,1,2026-08-01,92.0958,90.2012,93.9681,87.9622,95.562,FALSE,FALSE,sep-2026,2026-09-12T14:24:17Z,93.8,2026-10-07,1.7042,1.7042,1.8524,TRUE,TRUE,3.7669,7.5998,3.7669,7.5998,1.8,1.8
2026-09-01,rw_v1,EL,G47_FOOD,2026-06-01,106.4,1,2026-07-01,106.701,104.3227,108.9742,101.7845,111.146,FALSE,FALSE,sep-2026,2026-09-12T14:24:17Z,107.4,2026-10-07,0.699,0.699,0.657,TRUE,TRUE,4.6515,9.3615,4.6515,9.3615,1,1
2026-09-01,rw_v1,EL,G47_NFOOD_X_G473,2026-06-01,114.5,1,2026-07-01,114.2788,113.5755,116.3742,111.9155,118.3023,FALSE,FALSE,sep-2026,2026-09-12T14:24:17Z,116,2026-10-07,1.7212,1.7212,1.5032,TRUE,TRUE,2.7987,6.3868,2.7987,6.3868,1.5,1.5
2026-09-01,rw_v1,EL,G479,2026-06-01,86.5,1,2026-07-01,87.4146,81.5593,91.8489,75.6009,98.0327,FALSE,TRUE,sep-2026,2026-09-12T14:24:17Z,93,2026-10-07,5.5854,5.5854,6.4571,FALSE,TRUE,10.2896,22.4318,14.894,22.4318,6.5,6.5
2026-09-01,rw_v1,ES,G47_FOOD,2026-07-01,105.7,1,2026-08-01,105.8577,105.2675,106.4414,104.6211,107.0069,FALSE,FALSE,sep-2026,2026-09-12T14:24:17Z,105.2,2026-10-07,-0.6577,0.6577,0.6222,FALSE,TRUE,1.1739,2.3858,1.4439,2.3858,-0.5,0.5
2026-09-01,rw_v1,ES,G47_NFOOD_X_G473,2026-07-01,123.2,1,2026-08-01,123.5943,122.6979,124.5292,121.3686,125.8912,FALSE,FALSE,sep-2026,2026-09-12T14:24:17Z,124.2,2026-10-07,0.6057,0.6057,0.4916,TRUE,TRUE,1.8313,4.5226,1.8313,4.5226,1,1
2026-09-01,rw_v1,ES,G474,2026-07-01,179.3,1,2026-08-01,180.7641,179.4951,181.9858,178.6649,183.256,FALSE,FALSE,sep-2026,2026-09-12T14:24:17Z,172.8,2026-10-07,-7.9641,7.9641,4.4418,FALSE,FALSE,2.4907,4.5911,29.2711,63.2401,-6.5,6.5
2026-09-01,rw_v1,ES,G475,2026-07-01,111.5,1,2026-08-01,111.7625,111.2774,112.1627,110.9534,112.5751,FALSE,FALSE,sep-2026,2026-09-12T14:24:17Z,110.4,2026-10-07,-1.3625,1.3625,1.222,FALSE,FALSE,0.8853,1.6217,4.3949,7.1557,-1.1,1.1
2026-09-01,rw_v1,ES,G476,2026-07-01,129.8,1,2026-08-01,129.8446,128.8041,131.0311,128.0251,132.0543,FALSE,FALSE,sep-2026,2026-09-12T14:24:17Z,131.1,2026-10-07,1.2554,1.2554,0.9672,FALSE,TRUE,2.227,4.0292,2.5026,4.0292,1.3,1.3
2026-09-01,rw_v1,ES,G477,2026-07-01,123.4,1,2026-08-01,123.5093,123.0225,124.1018,122.0799,124.7652,FALSE,FALSE,sep-2026,2026-09-12T14:24:17Z,122.6,2026-10-07,-0.9093,0.9093,0.7369,FALSE,TRUE,1.0793,2.6853,2.7693,2.6853,-0.8,0.8
2026-09-01,rw_v1,ES,G479,2026-07-01,113.3,1,2026-08-01,113.5107,112.3838,114.5314,111.2876,116.315,FALSE,FALSE,sep-2026,2026-09-12T14:24:17Z,115.7,2026-10-07,2.1893,2.1893,1.9323,FALSE,TRUE,2.1476,5.0274,6.822,5.0274,2.4,2.4
2026-09-01,rw_v1,FI,G47_FOOD,2026-07-01,93.8,1,2026-08-01,93.7455,92.8055,94.583,92.2242,95.302,FALSE,FALSE,sep-2026,2026-09-12T14:24:17Z,95.2,2026-10-07,1.4545,1.4545,1.5506,FALSE,TRUE,1.7775,3.0778,4.2455,3.0778,1.4,1.4
2026-09-01,rw_v1,FI,G47_NFOOD_X_G473,2026-07-01,94.6,1,2026-08-01,94.7945,93.7285,95.6052,92.2499,96.7144,FALSE,FALSE,sep-2026,2026-09-12T14:24:17Z,95,2026-10-07,0.2055,0.2055,0.2172,TRUE,TRUE,1.8767,4.4645,1.8767,4.4645,0.4,0.4
2026-09-01,rw_v1,FI,G474,2026-07-01,81.4,1,2026-08-01,81.2626,79.8063,82.8648,78.4728,84.1861,FALSE,FALSE,sep-2026,2026-09-12T14:24:17Z,81.3,2026-10-07,0.0374,0.0374,0.0459,TRUE,TRUE,3.0585,5.7133,3.0585,5.7133,-0.1,0.1
2026-09-01,rw_v1,FI,G475,2026-07-01,75.9,1,2026-08-01,75.6639,74.7124,76.8834,73.1377,78.0288,FALSE,FALSE,sep-2026,2026-09-12T14:24:17Z,74.8,2026-10-07,-0.8639,0.8639,1.1382,TRUE,TRUE,2.171,4.8911,2.171,4.8911,-1.1,1.1
2026-09-01,rw_v1,FI,G476,2026-07-01,76.6,1,2026-08-01,76.5447,75.3845,77.5655,74.585,78.2913,FALSE,FALSE,sep-2026,2026-09-12T14:24:17Z,76.7,2026-10-07,0.1553,0.1553,0.2027,TRUE,TRUE,2.181,3.7063,2.181,3.7063,0.1,0.1
2026-09-01,rw_v1,FI,G477,2026-07-01,116.3,1,2026-08-01,116.7581,115.811,117.6964,114.7879,118.6969,FALSE,FALSE,sep-2026,2026-09-12T14:24:17Z,116,2026-10-07,-0.7581,0.7581,0.6518,TRUE,TRUE,1.8854,3.909,1.8854,3.909,-0.3,0.3
2026-09-01,rw_v1,FI,G479,2026-07-01,106.2,1,2026-08-01,106.7445,104.8032,108.7136,102.6678,110.275,FALSE,FALSE,sep-2026,2026-09-12T14:24:17Z,109.7,2026-10-07,2.9555,2.9555,2.783,FALSE,TRUE,3.9104,7.6072,7.856,7.6072,3.5,3.5
2026-09-01,rw_v1,FR,G47_FOOD,2026-07-01,105,1,2026-08-01,105.1382,104.5009,105.5504,103.6529,106.845,FALSE,FALSE,sep-2026,2026-09-12T14:24:17Z,103,2026-10-07,-2.1382,2.1382,2.0364,FALSE,FALSE,1.0495,3.1921,7.0531,9.7211,-2,2
2026-09-01,rw_v1,FR,G47_NFOOD_X_G473,2026-07-01,115.8,1,2026-08-01,115.9531,115.1173,116.9339,113.5149,118.148,FALSE,FALSE,sep-2026,2026-09-12T14:24:17Z,115.8,2026-10-07,-0.15310000000000001,0.15310000000000001,0.1322,TRUE,TRUE,1.8166,4.6331,1.8166,4.6331,0,0
2026-09-01,rw_v1,FR,G474,2026-06-01,133.7,1,2026-07-01,134.2596,131.8057,136.2716,129.9375,138.7193,FALSE,FALSE,sep-2026,2026-09-12T14:24:17Z,134.3,2026-10-07,0.0404,0.0404,0.0302,TRUE,TRUE,4.4659,8.7818,4.4659,8.7818,0.6,0.6
2026-09-01,rw_v1,FR,G475,2026-06-01,85.1,1,2026-07-01,85.0865,83.8698,86.0555,81.6841,87.5502,FALSE,FALSE,sep-2026,2026-09-12T14:24:17Z,84.6,2026-10-07,-0.4865,0.4865,0.5717,TRUE,TRUE,2.1857,5.8661,2.1857,5.8661,-0.5,0.5
2026-09-01,rw_v1,FR,G476,2026-06-01,110.7,1,2026-07-01,110.6328,109.4861,112.2356,106.8738,114.2572,FALSE,FALSE,sep-2026,2026-09-12T14:24:17Z,111,2026-10-07,0.3672,0.3672,0.3317,TRUE,TRUE,2.7495,7.3834,2.7495,7.3834,0.3,0.3
2026-09-01,rw_v1,FR,G477,2026-06-01,129.3,1,2026-07-01,129.6348,128.4043,130.9542,126.5673,132.4657,FALSE,FALSE,sep-2026,2026-09-12T14:24:17Z,132.1,2026-10-07,2.4652,2.4652,1.9066,FALSE,TRUE,2.5499,5.8984,7.1331,5.8984,2.8,2.8
2026-09-01,rw_v1,FR,G479,2026-06-01,107.5,1,2026-07-01,107.9222,106.5087,109.203,104.2036,110.935,FALSE,FALSE,sep-2026,2026-09-12T14:24:17Z,106.9,2026-10-07,-1.0222,1.0222,0.9509,TRUE,TRUE,2.6943,6.7314,2.6943,6.7314,-0.6,0.6
2026-09-01,rw_v1,HR,G47_FOOD,2026-07-01,109.9,1,2026-08-01,109.8979,109.0377,111.4276,107.7304,112.943,FALSE,FALSE,sep-2026,2026-09-12T14:24:17Z,109.3,2026-10-07,-0.5979,0.5979,0.544,TRUE,TRUE,2.3899,5.2126,2.3899,5.2126,-0.6,0.6
2026-09-01,rw_v1,HR,G47_NFOOD_X_G473,2026-07-01,131.6,1,2026-08-01,132.0576,130.5128,134.1413,128.7865,135.356,FALSE,FALSE,sep-2026,2026-09-12T14:24:17Z,129.5,2026-10-07,-2.5576,2.5576,1.9435,FALSE,TRUE,3.6285,6.5695,7.6797,6.5695,-2.1,2.1
2026-09-01,rw_v1,HU,G47_FOOD,2026-07-01,102,1,2026-08-01,102.0265,101.4735,102.8458,100.7145,103.5015,FALSE,FALSE,sep-2026,2026-09-12T14:24:17Z,101.4,2026-10-07,-0.6265,0.6265,0.6142,FALSE,TRUE,1.3723,2.787,1.6663,2.787,-0.6,0.6
2026-09-01,rw_v1,HU,G47_NFOOD_X_G473,2026-07-01,113.5,1,2026-08-01,113.8677,112.6935,114.833,111.5282,116.3211,FALSE,FALSE,sep-2026,2026-09-12T14:24:17Z,113.4,2026-10-07,-0.4677,0.4677,0.4121,TRUE,TRUE,2.1395,4.7929,2.1395,4.7929,-0.1,0.1
2026-09-01,rw_v1,IE,G47_FOOD,2026-07-01,97.9,1,2026-08-01,98.2258,97.6992,98.6539,97.2437,98.9175,FALSE,FALSE,sep-2026,2026-09-12T14:24:17Z,96.9,2026-10-07,-1.3258,1.3258,1.3542,FALSE,FALSE,0.9547,1.6738,4.1515,5.1108,-1,1
2026-09-01,rw_v1,IE,G47_NFOOD_X_G473,2026-07-01,122.5,1,2026-08-01,122.4985,121.0813,123.2266,120.46,124.178,FALSE,FALSE,sep-2026,2026-09-12T14:24:17Z,123.9,2026-10-07,1.4015,1.4015,1.1441,FALSE,TRUE,2.1453,3.718,4.8389,3.718,1.4,1.4
2026-09-01,rw_v1,IT,G47_FOOD,2026-07-01,92.4,1,2026-08-01,92.1894,91.7066,92.8233,91.2905,93.5736,FALSE,FALSE,sep-2026,2026-09-12T14:24:17Z,92.7,2026-10-07,0.5106,0.5106,0.5526,TRUE,TRUE,1.1167,2.2831,1.1167,2.2831,0.3,0.3
2026-09-01,rw_v1,IT,G47_NFOOD_X_G473,2026-07-01,98.5,1,2026-08-01,98.5225,98.0538,98.9029,97.7233,99.2585,FALSE,FALSE,sep-2026,2026-09-12T14:24:17Z,98.4,2026-10-07,-0.1225,0.1225,0.1244,TRUE,TRUE,0.8491,1.5352,0.8491,1.5352,-0.1,0.1
2026-09-01,rw_v1,IT,G474,2026-07-01,135.9,1,2026-08-01,136.5016,135.8112,137.148,135.3107,137.7836,FALSE,FALSE,sep-2026,2026-09-12T14:24:17Z,134.6,2026-10-07,-1.9016,1.9016,1.3993,FALSE,FALSE,1.3368,2.4729,6.1816,9.5799,-1.3,1.3
2026-09-01,rw_v1,IT,G475,2026-07-01,92.9,1,2026-08-01,92.8479,92.5244,93.1939,92.0561,93.757,FALSE,FALSE,sep-2026,2026-09-12T14:24:17Z,92.9,2026-10-07,0.0521,0.0521,0.0561,TRUE,TRUE,0.6695,1.7009,0.6695,1.7009,0,0
2026-09-01,rw_v1,IT,G476,2026-07-01,96.8,1,2026-08-01,96.7168,95.9622,97.3574,95.3389,98.1413,FALSE,FALSE,sep-2026,2026-09-12T14:24:17Z,96.8,2026-10-07,0.0832,0.0832,0.086,TRUE,TRUE,1.3952,2.8024,1.3952,2.8024,0,0
2026-09-01,rw_v1,IT,G477,2026-07-01,95.3,1,2026-08-01,95.1705,94.9899,95.2998,94.6553,95.6491,FALSE,FALSE,sep-2026,2026-09-12T14:24:17Z,95,2026-10-07,-0.1705,0.1705,0.1789,TRUE,TRUE,0.3099,0.9938,0.3099,0.9938,-0.3,0.3
2026-09-01,rw_v1,IT,G479,2026-07-01,109.1,1,2026-08-01,109.4659,108.5986,110.226,107.6617,111.0707,FALSE,FALSE,sep-2026,2026-09-12T14:24:17Z,108.9,2026-10-07,-0.5659,0.5659,0.5187,TRUE,TRUE,1.6274,3.409,1.6274,3.409,-0.2,0.2
2026-09-01,rw_v1,LT,G47_FOOD,2026-07-01,97.9,1,2026-08-01,97.9102,97.3175,98.5078,96.1207,99.2558,FALSE,FALSE,sep-2026,2026-09-12T14:24:17Z,97.2,2026-10-07,-0.7102,0.7102,0.7254,FALSE,TRUE,1.1903,3.1351,1.6603,3.1351,-0.7,0.7
2026-09-01,rw_v1,LT,G47_NFOOD_X_G473,2026-07-01,137.6,1,2026-08-01,138.3893,137.1169,139.4191,135.145,140.7437,FALSE,FALSE,sep-2026,2026-09-12T14:24:17Z,136.8,2026-10-07,-1.5893,1.5893,1.155,FALSE,TRUE,2.3022,5.5987,3.5698,5.5987,-0.8,0.8
2026-09-01,rw_v1,LT,G474,2026-06-01,77.6,1,2026-07-01,78.0907,75.9055,80.667,71.147,82.5763,FALSE,TRUE,sep-2026,2026-09-12T14:24:17Z,76.8,2026-10-07,-1.2907,1.2907,1.6633,TRUE,TRUE,4.7615,11.4293,4.7615,11.4293,-0.8,0.8
2026-09-01,rw_v1,LT,G475,2026-06-01,122.5,1,2026-07-01,122.6968,121.2729,124.3475,119.1725,127.543,FALSE,FALSE,sep-2026,2026-09-12T14:24:17Z,122.7,2026-10-07,0.0032,0.0032,0.0026,TRUE,TRUE,3.0746000000000002,8.3705,3.0746000000000002,8.3705,0.2,0.2
2026-09-01,rw_v1,LT,G476,2026-06-01,104.3,1,2026-07-01,104.1286,101.2613,106.9753,99.0194,111.953,FALSE,TRUE,sep-2026,2026-09-12T14:24:17Z,104.3,2026-10-07,0.1714,0.1714,0.1643,TRUE,TRUE,5.714,12.9336,5.714,12.9336,0,0
2026-09-01,rw_v1,LT,G477,2026-06-01,141,1,2026-07-01,142.4074,139.6272,143.961,137.3519,146.1544,FALSE,FALSE,sep-2026,2026-09-12T14:24:17Z,141.7,2026-10-07,-0.7074,0.7074,0.5017,TRUE,TRUE,4.3338,8.8025,4.3338,8.8025,0.7,0.7
2026-09-01,rw_v1,LT,G479,2026-06-01,170.8,1,2026-07-01,171.7134,169.0501,174.3936,167.4659,178.7938,FALSE,FALSE,sep-2026,2026-09-12T14:24:17Z,163.3,2026-10-07,-8.4134,8.4134,4.9259,FALSE,FALSE,5.3435,11.3279,28.3439,52.9869,-7.5,7.5
2026-09-01,rw_v1,LU,G47_FOOD,2026-07-01,101.7,1,2026-08-01,101.8157,100.5174,103.5537,98.5996,106.04,FALSE,FALSE,sep-2026,2026-09-12T14:24:17Z,98.3,2026-10-07,-3.5157,3.5157,3.4569,FALSE,FALSE,3.0363,7.4404,11.9059,10.4364,-3.4,3.4
2026-09-01,rw_v1,LU,G47_NFOOD_X_G473,2026-07-01,191,1,2026-08-01,195.5076,191.6502,199.6183,187.2318,204.7471,FALSE,FALSE,sep-2026,2026-09-12T14:24:17Z,182.4,2026-10-07,-13.1076,13.1076,6.8626,FALSE,FALSE,7.9681,17.5153,44.9689,65.8333,-8.6,8.6
2026-09-01,rw_v1,LV,G47_FOOD,2026-07-01,93.7,1,2026-08-01,93.5696,92.6479,94.7107,92.0168,95.6743,FALSE,FALSE,sep-2026,2026-09-12T14:24:17Z,93.4,2026-10-07,-0.1696,0.1696,0.181,TRUE,TRUE,2.0628,3.6575,2.0628,3.6575,-0.3,0.3
2026-09-01,rw_v1,LV,G47_NFOOD_X_G473,2026-07-01,123.8,1,2026-08-01,123.884,122.8776,125.447,121.4967,127.5034,FALSE,FALSE,sep-2026,2026-09-12T14:24:17Z,121.5,2026-10-07,-2.384,2.384,1.9257,FALSE,TRUE,2.5694,6.0067,8.0798,6.0067,-2.3,2.3
2026-09-01,rw_v1,MD,G47_FOOD,2026-06-01,123.7,1,2026-07-01,123.799,122.1326,126.1986,120.2215,128.2792,FALSE,FALSE,sep-2026,2026-09-12T14:24:17Z,120.5,2026-10-07,-3.299,3.299,2.6669,FALSE,TRUE,4.066,8.0577,10.5964,8.0577,-3.2,3.2
2026-09-01,rw_v1,MD,G47_NFOOD_X_G473,2026-06-01,103.2,1,2026-07-01,103.5523,100.6414,106.129,99.2254,108.0098,FALSE,FALSE,sep-2026,2026-09-12T14:24:17Z,104.4,2026-10-07,0.8477,0.8477,0.8214,TRUE,TRUE,5.4876,8.7844,5.4876,8.7844,1.2,1.2
2026-09-01,rw_v1,ME,G47_FOOD,2026-07-01,126.8,1,2026-08-01,127.4138,125.2805,129.4335,122.6309,131.7175,FALSE,FALSE,sep-2026,2026-09-12T14:24:17Z,123.3,2026-10-07,-4.1138,4.1138,3.2443,FALSE,TRUE,4.153,9.0866,12.075,9.0866,-3.5,3.5
2026-09-01,rw_v1,ME,G47_NFOOD_X_G473,2026-07-01,161.8,1,2026-08-01,162.7142,160.4908,164.9385,157.4654,168.893,FALSE,FALSE,sep-2026,2026-09-12T14:24:17Z,160.3,2026-10-07,-2.4142,2.4142,1.4921,FALSE,TRUE,4.4477,11.4276,5.2109,11.4276,-1.5,1.5
2026-09-01,rw_v1,MK,G47_FOOD,2026-06-01,100.2,1,2026-07-01,100.5783,98.0463,102.5772,96.0594,104.8613,FALSE,FALSE,sep-2026,2026-09-12T14:24:17Z,98.1,2026-10-07,-2.4783,2.4783,2.4734,TRUE,TRUE,4.5309,8.8019,4.5309,8.8019,-2.1,2.1
2026-09-01,rw_v1,MK,G47_NFOOD_X_G473,2026-06-01,103.4,1,2026-07-01,103.8378,101.1123,106.3978,98.338,108.7415,FALSE,TRUE,sep-2026,2026-09-12T14:24:17Z,104.3,2026-10-07,0.4622,0.4622,0.447,TRUE,TRUE,5.2855,10.4035,5.2855,10.4035,0.9,0.9
2026-09-01,rw_v1,MT,G47_FOOD,2026-07-01,128.6,1,2026-08-01,129.3167,127.7292,130.6432,126.6662,131.926,FALSE,FALSE,sep-2026,2026-09-12T14:24:17Z,129.8,2026-10-07,0.4833,0.4833,0.3758,TRUE,TRUE,2.914,5.2598,2.914,5.2598,1.2,1.2
2026-09-01,rw_v1,MT,G47_NFOOD_X_G473,2026-07-01,130.8,1,2026-08-01,131.1965,129.6883,133.3088,127.7176,135.3227,FALSE,FALSE,sep-2026,2026-09-12T14:24:17Z,123.1,2026-10-07,-8.0965,8.0965,6.19,FALSE,FALSE,3.6205,7.6051,29.9737,53.7811,-7.7,7.7
2026-09-01,rw_v1,NL,G47_FOOD,2026-07-01,89.3,1,2026-08-01,89.0433,88.4159,89.8803,87.7033,90.5467,FALSE,FALSE,sep-2026,2026-09-12T14:24:17Z,89.3,2026-10-07,0.2567,0.2567,0.2875,TRUE,TRUE,1.4644,2.8434,1.4644,2.8434,0,0
2026-09-01,rw_v1,NL,G47_NFOOD_X_G473,2026-07-01,112.9,1,2026-08-01,113.0186,112.1918,114.191,110.7979,115.319,FALSE,FALSE,sep-2026,2026-09-12T14:24:17Z,113.8,2026-10-07,0.7814,0.7814,0.6921,TRUE,TRUE,1.9992,4.5211,1.9992,4.5211,0.9,0.9
2026-09-01,rw_v1,NL,G474,2026-07-01,108,1,2026-08-01,108.5184,105.6952,111.0211,102.506,114.7911,FALSE,FALSE,sep-2026,2026-09-12T14:24:17Z,103.5,2026-10-07,-5.0184,5.0184,4.6467,FALSE,TRUE,5.3259,12.2851,14.1067,12.2851,-4.5,4.5
2026-09-01,rw_v1,NL,G475,2026-07-01,94.2,1,2026-08-01,94.1971,92.7796,95.354,91.5409,97.5691,FALSE,FALSE,sep-2026,2026-09-12T14:24:17Z,96.2,2026-10-07,2.0029,2.0029,2.1262,FALSE,TRUE,2.5744,6.0282,5.9584,6.0282,2,2
2026-09-01,rw_v1,NL,G476,2026-07-01,115.7,1,2026-08-01,115.4873,113.7293,118.0414,112.074,120.3325,FALSE,FALSE,sep-2026,2026-09-12T14:24:17Z,115.7,2026-10-07,0.2127,0.2127,0.1838,TRUE,TRUE,4.3121,8.2585,4.3121,8.2585,0,0
2026-09-01,rw_v1,NL,G477,2026-07-01,116.9,1,2026-08-01,116.903,115.5087,119.3532,113.1996,121.0327,FALSE,FALSE,sep-2026,2026-09-12T14:24:17Z,116,2026-10-07,-0.903,0.903,0.7725,TRUE,TRUE,3.8445,7.8331,3.8445,7.8331,-0.9,0.9
2026-09-01,rw_v1,NL,G479,2026-07-01,116.2,1,2026-08-01,116.53,115.2668,117.9512,114.2988,119.3652,FALSE,FALSE,sep-2026,2026-09-12T14:24:17Z,120.3,2026-10-07,3.77,3.77,3.2444,FALSE,FALSE,2.6844,5.0664,12.0796,14.4144,4.1,4.1
2026-09-01,rw_v1,NO,G47_FOOD,2026-07-01,89.5,1,2026-08-01,89.5327,88.7553,90.07,87.767,91.1529,FALSE,FALSE,sep-2026,2026-09-12T14:24:17Z,90.6,2026-10-07,1.0673,1.0673,1.1925,FALSE,TRUE,1.3147,3.3859,3.4347,3.3859,1.1,1.1
2026-09-01,rw_v1,NO,G47_NFOOD_X_G473,2026-07-01,105.5,1,2026-08-01,105.8613,104.7826,106.8454,102.3086,107.7176,FALSE,FALSE,sep-2026,2026-09-12T14:24:17Z,105.9,2026-10-07,0.0387,0.0387,0.0367,TRUE,TRUE,2.0628,5.409,2.0628,5.409,0.4,0.4
2026-09-01,rw_v1,NO,G474,2026-07-01,107.2,1,2026-08-01,107.0726,103.88,110.3217,100.5838,114.9229,FALSE,TRUE,sep-2026,2026-09-12T14:24:17Z,102.2,2026-10-07,-4.8726,4.8726,4.5453,FALSE,TRUE,6.4417,14.3391,13.1617,14.3391,-5,5
2026-09-01,rw_v1,NO,G475,2026-07-01,85.2,1,2026-08-01,85.1511,84.1216,86.5666,81.8185,87.8138,FALSE,FALSE,sep-2026,2026-09-12T14:24:17Z,85.6,2026-10-07,0.4489,0.4489,0.5269,TRUE,TRUE,2.445,5.9953,2.445,5.9953,0.4,0.4
2026-09-01,rw_v1,NO,G476,2026-07-01,93.9,1,2026-08-01,94.1601,91.5126,96.96,87.9178,100.2907,FALSE,FALSE,sep-2026,2026-09-12T14:24:17Z,96.1,2026-10-07,1.9399,1.9399,2.0659,TRUE,TRUE,5.4474,12.3729,5.4474,12.3729,2.2,2.2
2026-09-01,rw_v1,NO,G477,2026-07-01,122.4,1,2026-08-01,122.8813,121.2513,124.3627,119.7029,125.5647,FALSE,FALSE,sep-2026,2026-09-12T14:24:17Z,121.7,2026-10-07,-1.1813,1.1813,0.9651,TRUE,TRUE,3.1114,5.8618,3.1114,5.8618,-0.7,0.7
2026-09-01,rw_v1,NO,G479,2026-07-01,125,1,2026-08-01,125.7387,124.0908,127.5267,122.4353,129.2815,FALSE,FALSE,sep-2026,2026-09-12T14:24:17Z,126.9,2026-10-07,1.1613,1.1613,0.929,TRUE,TRUE,3.4359,6.8462,3.4359,6.8462,1.9,1.9
2026-09-01,rw_v1,PL,G47_FOOD,2026-07-01,101.5,1,2026-08-01,101.4752,100.4365,102.7698,98.7265,103.9876,FALSE,FALSE,sep-2026,2026-09-12T14:24:17Z,103.7,2026-10-07,2.2248,2.2248,2.1919,FALSE,TRUE,2.3333,5.2611,6.0541,5.2611,2.2,2.2
2026-09-01,rw_v1,PL,G47_NFOOD_X_G473,2026-07-01,121.2,1,2026-08-01,121.6399,120.7391,122.3944,119.5865,123.7014,FALSE,FALSE,sep-2026,2026-09-12T14:24:17Z,120.7,2026-10-07,-0.9399,0.9399,0.7755,FALSE,TRUE,1.6553,4.1149,1.8117,4.1149,-0.5,0.5
2026-09-01,rw_v1,PL,G474,2026-06-01,151.9,1,2026-07-01,154.0386,149.6454,157.528,146.6121,161.8711,FALSE,FALSE,sep-2026,2026-09-12T14:24:17Z,108.3,2026-10-07,-45.7386,45.7386,30.111,FALSE,FALSE,7.8826,15.259,173.2642,398.38,-43.6,43.6
2026-09-01,rw_v1,PL,G475,2026-06-01,96.2,1,2026-07-01,96.1244,95.1208,97.5232,94.7191,98.9345,FALSE,FALSE,sep-2026,2026-09-12T14:24:17Z,95.7,2026-10-07,-0.4244,0.4244,0.4412,TRUE,TRUE,2.4024,4.2154,2.4024,4.2154,-0.5,0.5
2026-09-01,rw_v1,PL,G476,2026-06-01,98.1,1,2026-07-01,97.9203,97.2603,99.2299,96.6384,99.8539,FALSE,FALSE,sep-2026,2026-09-12T14:24:17Z,98.5,2026-10-07,0.5797,0.5797,0.5909,TRUE,TRUE,1.9696,3.2155,1.9696,3.2155,0.4,0.4
2026-09-01,rw_v1,PL,G477,2026-06-01,122.9,1,2026-07-01,123.1234,121.8358,124.0827,119.7856,125.4476,FALSE,FALSE,sep-2026,2026-09-12T14:24:17Z,125.2,2026-10-07,2.0766,2.0766,1.6897,FALSE,TRUE,2.2469,5.662,6.7161,5.662,2.3,2.3
2026-09-01,rw_v1,PL,G479,2026-06-01,104.9,1,2026-07-01,104.4193,103.0003,106.1173,101.6465,106.7528,FALSE,FALSE,sep-2026,2026-09-12T14:24:17Z,105.8,2026-10-07,1.3807,1.3807,1.3162,TRUE,TRUE,3.117,5.1063,3.117,5.1063,0.9,0.9
2026-09-01,rw_v1,PT,G47_FOOD,2026-07-01,113.7,1,2026-08-01,114.1144,113.3409,114.814,112.3151,115.5665,FALSE,FALSE,sep-2026,2026-09-12T14:24:17Z,110.3,2026-10-07,-3.8144,3.8144,3.3548,FALSE,FALSE,1.4731,3.2514,13.6367,23.4024,-3.4,3.4
2026-09-01,rw_v1,PT,G47_NFOOD_X_G473,2026-07-01,133.3,1,2026-08-01,133.9678,132.487,135.3854,130.9497,137.119,FALSE,FALSE,sep-2026,2026-09-12T14:24:17Z,135.3,2026-10-07,1.3322,1.3322,0.9994,TRUE,TRUE,2.8984,6.1693,2.8984,6.1693,2,2
2026-09-01,rw_v1,PT,G474,2026-07-01,163.5,1,2026-08-01,164.5225,161.014,168.3762,156.066,173.3377,FALSE,FALSE,sep-2026,2026-09-12T14:24:17Z,164.9,2026-10-07,0.3775,0.3775,0.2309,TRUE,TRUE,7.3622,17.2717,7.3622,17.2717,1.4,1.4
2026-09-01,rw_v1,PT,G475,2026-07-01,125.5,1,2026-08-01,126.0832,124.1287,127.5378,122.2367,130.0855,FALSE,FALSE,sep-2026,2026-09-12T14:24:17Z,123.1,2026-10-07,-2.9832,2.9832,2.3771,FALSE,TRUE,3.4091,7.8488,7.5239,7.8488,-2.4,2.4
2026-09-01,rw_v1,PT,G476,2026-07-01,139.5,1,2026-08-01,140.6291,136.1783,143.5056,132.7852,148.2117,FALSE,FALSE,sep-2026,2026-09-12T14:24:17Z,144.3,2026-10-07,3.6709,3.6709,2.6315,FALSE,TRUE,7.3273,15.4265,10.5049,15.4265,4.8,4.8
2026-09-01,rw_v1,PT,G477,2026-07-01,133.7,1,2026-08-01,134.6579,132.5399,136.5509,130.0844,138.6266,FALSE,FALSE,sep-2026,2026-09-12T14:24:17Z,135.8,2026-10-07,1.1421,1.1421,0.8542,TRUE,TRUE,4.011,8.5422,4.011,8.5422,2.1,2.1
2026-09-01,rw_v1,PT,G479,2026-07-01,103.4,1,2026-08-01,103.5371,100.4077,107.0563,96.4588,112.7867,FALSE,TRUE,sep-2026,2026-09-12T14:24:17Z,119,2026-10-07,15.4629,15.4629,14.9544,FALSE,FALSE,6.6486,16.3279,54.4234,78.4609,15.6,15.6
2026-09-01,rw_v1,RO,G47_FOOD,2026-07-01,102.7,1,2026-08-01,102.9501,101.8157,103.8096,100.3688,104.9199,FALSE,FALSE,sep-2026,2026-09-12T14:24:17Z,103.1,2026-10-07,0.1499,0.1499,0.146,TRUE,TRUE,1.9939,4.5511,1.9939,4.5511,0.4,0.4
2026-09-01,rw_v1,RO,G47_NFOOD_X_G473,2026-07-01,120.4,1,2026-08-01,120.8618,119.457,122.0867,117.8988,123.427,FALSE,FALSE,sep-2026,2026-09-12T14:24:17Z,125.2,2026-10-07,4.3382,4.3382,3.6032,FALSE,FALSE,2.6297,5.5282,15.0829,23.2582,4.8,4.8
2026-09-01,rw_v1,RO,G474,2026-07-01,108.5,1,2026-08-01,108.836,105.3418,111.1847,103.0992,116.352,FALSE,TRUE,sep-2026,2026-09-12T14:24:17Z,111,2026-10-07,2.164,2.164,1.9945,TRUE,TRUE,5.8429,13.2528,5.8429,13.2528,2.5,2.5
2026-09-01,rw_v1,RO,G475,2026-07-01,98.2,1,2026-08-01,98.2983,97.5937,99.0999,96.3236,99.8549,FALSE,FALSE,sep-2026,2026-09-12T14:24:17Z,98.9,2026-10-07,0.6017,0.6017,0.6127,TRUE,TRUE,1.5062,3.5313,1.5062,3.5313,0.7,0.7
2026-09-01,rw_v1,RO,G476,2026-07-01,114.9,1,2026-08-01,113.7692,111.0478,116.6886,109.5497,121.1195,FALSE,FALSE,sep-2026,2026-09-12T14:24:17Z,120.4,2026-10-07,6.6308,6.6308,5.7709,FALSE,TRUE,5.6408,11.5698,20.4864,11.5698,5.5,5.5
2026-09-01,rw_v1,RO,G477,2026-07-01,139.5,1,2026-08-01,139.9866,138.0254,141.1508,136.6942,143.6081,FALSE,FALSE,sep-2026,2026-09-12T14:24:17Z,146.4,2026-10-07,6.4134,6.4134,4.5974,FALSE,FALSE,3.1254,6.9139,24.1222,34.8329,6.9,6.9
2026-09-01,rw_v1,RO,G479,2026-07-01,113,1,2026-08-01,113.3634,112.05,114.6973,109.9929,116.914,FALSE,FALSE,sep-2026,2026-09-12T14:24:17Z,114.1,2026-10-07,0.7366,0.7366,0.6519,TRUE,TRUE,2.6473,6.9211,2.6473,6.9211,1.1,1.1
2026-09-01,rw_v1,RS,G47_FOOD,2026-07-01,115.4,1,2026-08-01,115.7163,114.791,116.5696,114.0463,117.9074,FALSE,FALSE,sep-2026,2026-09-12T14:24:17Z,115.9,2026-10-07,0.1837,0.1837,0.1592,TRUE,TRUE,1.7786,3.8611,1.7786,3.8611,0.5,0.5
2026-09-01,rw_v1,RS,G47_NFOOD_X_G473,2026-07-01,128.4,1,2026-08-01,128.6243,127.571,130.1989,126.4531,131.9109,FALSE,FALSE,sep-2026,2026-09-12T14:24:17Z,127.7,2026-10-07,-0.9243,0.9243,0.7199,TRUE,TRUE,2.6279,5.4578,2.6279,5.4578,-0.7,0.7
2026-09-01,rw_v1,SE,G47_NFOOD_X_G473,2026-07-01,103.6,1,2026-08-01,103.8843,102.684,104.7362,101.6251,106.1867,FALSE,FALSE,sep-2026,2026-09-12T14:24:17Z,104.8,2026-10-07,0.9157,0.9157,0.8839,FALSE,TRUE,2.0522,4.5616,2.3074,4.5616,1.2,1.2
2026-09-01,rw_v1,SE,G474,2026-07-01,123.3,1,2026-08-01,123.8967,121.7992,125.7749,119.3256,128.5446,FALSE,FALSE,sep-2026,2026-09-12T14:24:17Z,126.2,2026-10-07,2.3033,2.3033,1.868,FALSE,TRUE,3.9757,9.219,5.6761,9.219,2.9,2.9
2026-09-01,rw_v1,SE,G475,2026-07-01,85.5,1,2026-08-01,85.6205,84.3518,86.7153,82.8879,87.5308,FALSE,FALSE,sep-2026,2026-09-12T14:24:17Z,85.9,2026-10-07,0.2795,0.2795,0.3269,TRUE,TRUE,2.3635,4.6429,2.3635,4.6429,0.4,0.4
2026-09-01,rw_v1,SE,G476,2026-07-01,92.2,1,2026-08-01,92.4278,90.1383,94.2224,87.1443,96.0193,FALSE,FALSE,sep-2026,2026-09-12T14:24:17Z,93.3,2026-10-07,0.8722,0.8722,0.946,TRUE,TRUE,4.0841,8.875,4.0841,8.875,1.1,1.1
2026-09-01,rw_v1,SE,G477,2026-07-01,107.9,1,2026-08-01,108.0862,106.976,109.5056,105.2827,111.183,FALSE,FALSE,sep-2026,2026-09-12T14:24:17Z,109.2,2026-10-07,1.1138,1.1138,1.0323,TRUE,TRUE,2.5296,5.9003,2.5296,5.9003,1.3,1.3
2026-09-01,rw_v1,SI,G47_FOOD,2026-07-01,99.6,1,2026-08-01,99.712,98.4803,100.958,97.1293,101.7057,FALSE,FALSE,sep-2026,2026-09-12T14:24:17Z,100,2026-10-07,0.288,0.288,0.2892,TRUE,TRUE,2.4777,4.5764,2.4777,4.5764,0.4,0.4
2026-09-01,rw_v1,SI,G47_NFOOD_X_G473,2026-07-01,108.1,1,2026-08-01,108.2037,107.3447,109.1715,106.6725,110.1366,FALSE,FALSE,sep-2026,2026-09-12T14:24:17Z,108.3,2026-10-07,0.0963,0.0963,0.0891,TRUE,TRUE,1.8268,3.4641,1.8268,3.4641,0.2,0.2
2026-09-01,rw_v1,SK,G47_FOOD,2026-07-01,97.2,1,2026-08-01,96.9858,95.977,97.7522,94.8185,98.5746,FALSE,FALSE,sep-2026,2026-09-12T14:24:17Z,97.5,2026-10-07,0.5142,0.5142,0.529,TRUE,TRUE,1.7752,3.7561,1.7752,3.7561,0.3,0.3
2026-09-01,rw_v1,SK,G47_NFOOD_X_G473,2026-07-01,107.8,1,2026-08-01,108.3887,106.7883,110.0106,104.7399,111.901,FALSE,FALSE,sep-2026,2026-09-12T14:24:17Z,109.4,2026-10-07,1.0113,1.0113,0.9381,TRUE,TRUE,3.2223,7.1611,3.2223,7.1611,1.6,1.6
